﻿<project version="2.9" name="ArtShop" ID="637DF011-381A-475D-9A6F-ED6C15C2F3F9">
  <params>
    <pageParam version="5.3" minAllowVersion="5.3"/>
    <projectParam version="2.9" minAllowVersion="2.9" platform="MtWeb" pageSize="(1536,864)" backgroundColor="4284900966" fontSize="14" fontFamily="Segoe UI" projectType="ptPersonalProject" isShowTitleIndex="False"/>
    <previewParam version="1.0"/>
    <colorParam version="1.0"/>
  </params>
  <pages>
    <page name="Home neregistrovani korisnici" ID="0F18B6CE-10F8-478F-9479-FE0C6A014CCD" expanded="True" code="kYXw2BnbW7" thumbCode="kYXw2BnbW7" status="psWhite" isfolder="False" isshownode="True">
      <images>
        <image key="0D9D39D1FD335FDF2A2F70F4EDCBBE60.png"/>
        <image key="3E5E761AFD2BBD032F60C781EC2271B3.png"/>
        <image key="40D2FCDA2CF03E8CCA8FB50D17C35B93.png"/>
        <image key="838F59539FF7A8648C1AD3D45024B70A.png"/>
        <image key="553C79B8BB334A24B76BC57838CE7B5A.png"/>
        <image key="9353A407A077278C67C7F23C935D216B.png"/>
        <image key="1D76A1953ACB7053D75125F70C5D5E2C.svg"/>
        <image key="5C55E17C830A8188121F30E4B3398557.svg"/>
      </images>
    </page>
    <page name="Log In" ID="4D766848-4742-4628-9C28-2877A7559DB6" expanded="True" code="kosL49ciCh" thumbCode="kosL49ciCh" status="psWhite" isfolder="False" isshownode="True">
      <images>
        <image key="553C79B8BB334A24B76BC57838CE7B5A.png"/>
        <image key="9353A407A077278C67C7F23C935D216B.png"/>
      </images>
    </page>
    <page name="Registracija" ID="7374C221-D31D-4E70-A88F-4EB2D9B74ECA" expanded="True" code="mcxGiMQMan" thumbCode="mcxGiMQMan" status="psWhite" isfolder="False" isshownode="True">
      <images>
        <image key="553C79B8BB334A24B76BC57838CE7B5A.png"/>
        <image key="9353A407A077278C67C7F23C935D216B.png"/>
      </images>
    </page>
    <page name="Home registrovani slikar" ID="153A8EA3-AC78-463B-8A64-CC50F827CCFB" expanded="True" code="VH2d4Oy32L" thumbCode="VH2d4Oy32L" status="psWhite" isfolder="False" isshownode="True">
      <images>
        <image key="0D9D39D1FD335FDF2A2F70F4EDCBBE60.png"/>
        <image key="3E5E761AFD2BBD032F60C781EC2271B3.png"/>
        <image key="40D2FCDA2CF03E8CCA8FB50D17C35B93.png"/>
        <image key="848195E271EF5E5ABCE0B97ACCFF830F.jpg"/>
        <image key="838F59539FF7A8648C1AD3D45024B70A.png"/>
        <image key="553C79B8BB334A24B76BC57838CE7B5A.png"/>
        <image key="9353A407A077278C67C7F23C935D216B.png"/>
      </images>
    </page>
    <page name="Home registrovani kupac" ID="9324D3C7-EEA1-4C91-86FD-E72B7186E621" expanded="True" code="JmvMXYAjrX" thumbCode="JmvMXYAjrX" status="psWhite" isfolder="False" isshownode="True">
      <images>
        <image key="0D9D39D1FD335FDF2A2F70F4EDCBBE60.png"/>
        <image key="3E5E761AFD2BBD032F60C781EC2271B3.png"/>
        <image key="40D2FCDA2CF03E8CCA8FB50D17C35B93.png"/>
        <image key="838F59539FF7A8648C1AD3D45024B70A.png"/>
        <image key="82F81C14AEE290F8A65EB9D1267CFB47.jpg"/>
        <image key="553C79B8BB334A24B76BC57838CE7B5A.png"/>
        <image key="9353A407A077278C67C7F23C935D216B.png"/>
        <image key="1D76A1953ACB7053D75125F70C5D5E2C.svg"/>
      </images>
    </page>
    <page name="Praćenja" ID="15301655-9FCB-43D5-8B2A-80BFC96E7301" expanded="True" code="x4YD6TBDbQ" thumbCode="x4YD6TBDbQ" status="psWhite" isfolder="False" isshownode="True">
      <images>
        <image key="0D9D39D1FD335FDF2A2F70F4EDCBBE60.png"/>
        <image key="848195E271EF5E5ABCE0B97ACCFF830F.jpg"/>
        <image key="F713F7F9372171F0466AF50A4574BEFC.png"/>
        <image key="3983F2B5E391A71F34F34D9DCC0B5983.png"/>
        <image key="9353A407A077278C67C7F23C935D216B.png"/>
        <image key="C60DDFBA67A314BB5833314FBACE3F4C.png"/>
        <image key="77A6EB34518B058A77476B05DEF7C88C.png"/>
        <image key="0C02700502FFA4C4EA40E9B365203412.png"/>
        <image key="3E5E761AFD2BBD032F60C781EC2271B3.png"/>
        <image key="A04CFC559053CF798999D51D4818BD4A.png"/>
        <image key="70B82C182DFAC16968B460D822F41704.png"/>
        <image key="838F59539FF7A8648C1AD3D45024B70A.png"/>
        <image key="82F81C14AEE290F8A65EB9D1267CFB47.jpg"/>
        <image key="1D76A1953ACB7053D75125F70C5D5E2C.svg"/>
      </images>
    </page>
    <page name="Praćenja prazno" ID="1B41DC48-38A2-4626-A854-FE0A03B24E2F" expanded="True" code="5pppIQgArz" thumbCode="5pppIQgArz" status="psWhite" isfolder="False" isshownode="True">
      <images>
        <image key="9353A407A077278C67C7F23C935D216B.png"/>
        <image key="1D76A1953ACB7053D75125F70C5D5E2C.svg"/>
        <image key="82F81C14AEE290F8A65EB9D1267CFB47.jpg"/>
      </images>
    </page>
    <page name="Zaboravljena lozinka" ID="638935EC-822B-4537-83F7-B21E050301BF" expanded="True" code="BdjnPuJQAt" thumbCode="BdjnPuJQAt" status="psWhite" isfolder="False" isshownode="True">
      <images>
        <image key="553C79B8BB334A24B76BC57838CE7B5A.png"/>
        <image key="9353A407A077278C67C7F23C935D216B.png"/>
      </images>
    </page>
    <page name="Korpa" ID="A8D85D53-56A9-41E5-AF5C-15DAF5E050EC" expanded="True" code="LOlFcx6IlP" thumbCode="LOlFcx6IlP" status="psWhite" isfolder="False" isshownode="True">
      <images>
        <image key="1D76A1953ACB7053D75125F70C5D5E2C.svg"/>
        <image key="40D2FCDA2CF03E8CCA8FB50D17C35B93.PNG"/>
        <image key="F713F7F9372171F0466AF50A4574BEFC.PNG"/>
        <image key="BD69E9C1CECF8DF8A2348D45E5135B16.jpeg"/>
        <image key="0957721A8869CD6E29BA3FCD98891987.jpeg"/>
        <image key="838F59539FF7A8648C1AD3D45024B70A.PNG"/>
        <image key="82F81C14AEE290F8A65EB9D1267CFB47.jpg"/>
        <image key="D94F7D0CEEA16DC7AC508C7CD6E330BA.jpeg"/>
        <image key="553C79B8BB334A24B76BC57838CE7B5A.png"/>
        <image key="9353A407A077278C67C7F23C935D216B.png"/>
        <image key="E46C34B11B1E4937836188E91D3FC6E5.jpg"/>
        <image key="1DEEC712A18B774EEA9584D159237A03.svg"/>
      </images>
    </page>
    <page name="Prazna korpa" ID="E8DB0E45-1E82-4631-BEA2-CF04DA328275" expanded="True" code="yVKpburweF" thumbCode="yVKpburweF" status="psWhite" isfolder="False" isshownode="True">
      <images>
        <image key="82F81C14AEE290F8A65EB9D1267CFB47.jpg"/>
        <image key="553C79B8BB334A24B76BC57838CE7B5A.png"/>
        <image key="9353A407A077278C67C7F23C935D216B.png"/>
        <image key="1D76A1953ACB7053D75125F70C5D5E2C.svg"/>
      </images>
    </page>
    <page name="Korpa bez balona" ID="E75ABCFE-A99A-4A62-B2B0-BB3CFDC54DCD" expanded="True" code="HFuyj2SlXm" thumbCode="HFuyj2SlXm" status="psWhite" isfolder="False" isshownode="True">
      <images>
        <image key="1D76A1953ACB7053D75125F70C5D5E2C.svg"/>
        <image key="F713F7F9372171F0466AF50A4574BEFC.PNG"/>
        <image key="BD69E9C1CECF8DF8A2348D45E5135B16.jpeg"/>
        <image key="838F59539FF7A8648C1AD3D45024B70A.PNG"/>
        <image key="82F81C14AEE290F8A65EB9D1267CFB47.jpg"/>
        <image key="D94F7D0CEEA16DC7AC508C7CD6E330BA.jpeg"/>
        <image key="553C79B8BB334A24B76BC57838CE7B5A.png"/>
        <image key="9353A407A077278C67C7F23C935D216B.png"/>
        <image key="E46C34B11B1E4937836188E91D3FC6E5.jpg"/>
        <image key="1DEEC712A18B774EEA9584D159237A03.svg"/>
      </images>
    </page>
    <page name="Forma za kupovinu" ID="EBB659F3-F0CE-4C29-A989-AAAB6EE56A3A" expanded="True" code="NqfqK3tePn" thumbCode="6HyFiKsP21" status="psWhite" isfolder="False" isshownode="True">
      <images>
        <image key="B5A9D21F4D670CFFB60AF876F4EB7BFA.png"/>
        <image key="49E63184CEBAC84F592EA8742A4AA439.png"/>
        <image key="66A845A167BB212677016158B15D3B90.png"/>
        <image key="271D1CBC709F1BB828AFF74DA0FA0988.png"/>
        <image key="82F81C14AEE290F8A65EB9D1267CFB47.jpg"/>
        <image key="553C79B8BB334A24B76BC57838CE7B5A.png"/>
        <image key="9353A407A077278C67C7F23C935D216B.png"/>
        <image key="1D76A1953ACB7053D75125F70C5D5E2C.svg"/>
      </images>
    </page>
    <page name="Forma za kupovinu aukcija" ID="5F707ECA-53E3-4D4A-927D-BBAD3EF23F72" expanded="True" code="exn8yR8Kmg" thumbCode="exn8yR8Kmg" status="psWhite" isfolder="False" isshownode="True">
      <images>
        <image key="B5A9D21F4D670CFFB60AF876F4EB7BFA.png"/>
        <image key="82F81C14AEE290F8A65EB9D1267CFB47.jpg"/>
        <image key="553C79B8BB334A24B76BC57838CE7B5A.png"/>
        <image key="9353A407A077278C67C7F23C935D216B.png"/>
        <image key="1D76A1953ACB7053D75125F70C5D5E2C.svg"/>
      </images>
    </page>
    <page name="Ocena slikara" ID="19C9D51A-5640-42A9-80BB-821A37B392A3" expanded="True" code="ec4lTz3M5D" thumbCode="ec4lTz3M5D" status="psWhite" isfolder="False" isshownode="True">
      <images>
        <image key="E46C34B11B1E4937836188E91D3FC6E5.jpg"/>
        <image key="BD69E9C1CECF8DF8A2348D45E5135B16.jpg"/>
        <image key="0957721A8869CD6E29BA3FCD98891987.jpeg"/>
        <image key="D94F7D0CEEA16DC7AC508C7CD6E330BA.jpg"/>
        <image key="82F81C14AEE290F8A65EB9D1267CFB47.jpg"/>
        <image key="BFD60F8F19E479B83E76CD385540E2FB.svg"/>
        <image key="553C79B8BB334A24B76BC57838CE7B5A.png"/>
        <image key="9353A407A077278C67C7F23C935D216B.png"/>
        <image key="1D76A1953ACB7053D75125F70C5D5E2C.svg"/>
        <image key="489F8047B004BACECC10853B5B71484C.png"/>
      </images>
    </page>
    <page name="Pretraga po slikaru" ID="DB683ADB-5076-41E4-88CF-795D179892E5" expanded="True" code="9KPwSK8ms5" thumbCode="Sg8AHlDTLZ" isLastOpen="True" status="psWhite" isfolder="False" isshownode="True">
      <images>
        <image key="C60DDFBA67A314BB5833314FBACE3F4C.png"/>
        <image key="0D9D39D1FD335FDF2A2F70F4EDCBBE60.png"/>
        <image key="E86C54C882D78F9C0D69762891BF2E52.svg"/>
        <image key="EE2FB2571F0389F770A92264D8E66DFA.svg"/>
        <image key="838F59539FF7A8648C1AD3D45024B70A.png"/>
        <image key="82F81C14AEE290F8A65EB9D1267CFB47.jpg"/>
        <image key="F713F7F9372171F0466AF50A4574BEFC.png"/>
        <image key="553C79B8BB334A24B76BC57838CE7B5A.png"/>
        <image key="A80D6A7386217507CD46AA24148CB327.svg"/>
        <image key="9353A407A077278C67C7F23C935D216B.png"/>
        <image key="1D76A1953ACB7053D75125F70C5D5E2C.svg"/>
      </images>
    </page>
    <page name="Pretraga po stilu" ID="741DF355-93B8-4323-A0A9-7656D11E2529" expanded="True" code="PhCDClU9f7" thumbCode="PhCDClU9f7" status="psWhite" isfolder="False" isshownode="True">
      <images>
        <image key="C60DDFBA67A314BB5833314FBACE3F4C.png"/>
        <image key="0D9D39D1FD335FDF2A2F70F4EDCBBE60.png"/>
        <image key="E86C54C882D78F9C0D69762891BF2E52.svg"/>
        <image key="EE2FB2571F0389F770A92264D8E66DFA.svg"/>
        <image key="838F59539FF7A8648C1AD3D45024B70A.png"/>
        <image key="82F81C14AEE290F8A65EB9D1267CFB47.jpg"/>
        <image key="F713F7F9372171F0466AF50A4574BEFC.png"/>
        <image key="553C79B8BB334A24B76BC57838CE7B5A.png"/>
        <image key="A80D6A7386217507CD46AA24148CB327.svg"/>
        <image key="9353A407A077278C67C7F23C935D216B.png"/>
        <image key="1D76A1953ACB7053D75125F70C5D5E2C.svg"/>
      </images>
    </page>
    <page name="Pretraga po temi" ID="6CEA136E-EA67-40C9-933E-0BAEAB318295" expanded="True" code="742jW8pK3v" thumbCode="742jW8pK3v" status="psWhite" isfolder="False" isshownode="True">
      <images>
        <image key="C60DDFBA67A314BB5833314FBACE3F4C.png"/>
        <image key="0D9D39D1FD335FDF2A2F70F4EDCBBE60.png"/>
        <image key="E86C54C882D78F9C0D69762891BF2E52.svg"/>
        <image key="EE2FB2571F0389F770A92264D8E66DFA.svg"/>
        <image key="838F59539FF7A8648C1AD3D45024B70A.png"/>
        <image key="82F81C14AEE290F8A65EB9D1267CFB47.jpg"/>
        <image key="F713F7F9372171F0466AF50A4574BEFC.png"/>
        <image key="553C79B8BB334A24B76BC57838CE7B5A.png"/>
        <image key="A80D6A7386217507CD46AA24148CB327.svg"/>
        <image key="9353A407A077278C67C7F23C935D216B.png"/>
        <image key="1D76A1953ACB7053D75125F70C5D5E2C.svg"/>
      </images>
    </page>
    <page name="Prijava na slikara, temu i stil" ID="0D9BD499-62CF-4C37-8B98-0848DA43C3EE" expanded="True" code="r4p3puMuxw" thumbCode="r4p3puMuxw" status="psWhite" isfolder="False" isshownode="True">
      <images>
        <image key="C60DDFBA67A314BB5833314FBACE3F4C.png"/>
        <image key="0D9D39D1FD335FDF2A2F70F4EDCBBE60.png"/>
        <image key="E86C54C882D78F9C0D69762891BF2E52.svg"/>
        <image key="EE2FB2571F0389F770A92264D8E66DFA.svg"/>
        <image key="838F59539FF7A8648C1AD3D45024B70A.png"/>
        <image key="82F81C14AEE290F8A65EB9D1267CFB47.jpg"/>
        <image key="F713F7F9372171F0466AF50A4574BEFC.png"/>
        <image key="553C79B8BB334A24B76BC57838CE7B5A.png"/>
        <image key="A80D6A7386217507CD46AA24148CB327.svg"/>
        <image key="9353A407A077278C67C7F23C935D216B.png"/>
        <image key="1D76A1953ACB7053D75125F70C5D5E2C.svg"/>
      </images>
    </page>
    <page name="Slika registered" ID="82FBBF1D-C428-42CD-BF96-4B24D74918B5" expanded="True" code="CjV7eWgYMj" thumbCode="t28twRbiMP" status="psWhite" isfolder="False" isshownode="True">
      <images>
        <image key="82F81C14AEE290F8A65EB9D1267CFB47.jpg"/>
        <image key="553C79B8BB334A24B76BC57838CE7B5A.png"/>
        <image key="9353A407A077278C67C7F23C935D216B.png"/>
        <image key="1D76A1953ACB7053D75125F70C5D5E2C.svg"/>
        <image key="E46C34B11B1E4937836188E91D3FC6E5.jpg"/>
      </images>
    </page>
    <page name="Slika unregistered" ID="FA5112E1-2909-4659-8332-67AA7A237D77" expanded="True" code="pGV8zRiOBv" thumbCode="pGV8zRiOBv" status="psWhite" isfolder="False" isshownode="True">
      <images>
        <image key="5C55E17C830A8188121F30E4B3398557.svg"/>
        <image key="553C79B8BB334A24B76BC57838CE7B5A.png"/>
        <image key="9353A407A077278C67C7F23C935D216B.png"/>
        <image key="E46C34B11B1E4937836188E91D3FC6E5.jpg"/>
        <image key="1D76A1953ACB7053D75125F70C5D5E2C.svg"/>
      </images>
    </page>
    <page name="Slika registered opened auction" ID="A9D62C9E-ED10-4D90-9270-D47327C40DCF" expanded="True" code="LG6KTQLq5v" thumbCode="LG6KTQLq5v" status="psWhite" isfolder="False" isshownode="True">
      <images>
        <image key="82F81C14AEE290F8A65EB9D1267CFB47.jpg"/>
        <image key="553C79B8BB334A24B76BC57838CE7B5A.png"/>
        <image key="9353A407A077278C67C7F23C935D216B.png"/>
        <image key="E46C34B11B1E4937836188E91D3FC6E5.jpg"/>
        <image key="1D76A1953ACB7053D75125F70C5D5E2C.svg"/>
      </images>
    </page>
    <page name="Slika registered  closed auction" ID="1A8C0A6A-0EB0-42D3-AA7A-AE146541DF50" expanded="True" code="Hr3x15GSkI" thumbCode="Hr3x15GSkI" status="psWhite" isfolder="False" isshownode="True">
      <images>
        <image key="82F81C14AEE290F8A65EB9D1267CFB47.jpg"/>
        <image key="553C79B8BB334A24B76BC57838CE7B5A.png"/>
        <image key="9353A407A077278C67C7F23C935D216B.png"/>
        <image key="E46C34B11B1E4937836188E91D3FC6E5.jpg"/>
        <image key="1D76A1953ACB7053D75125F70C5D5E2C.svg"/>
      </images>
    </page>
    <page name="Slika registered  bought" ID="AF214E77-AB70-41D8-8257-4C03F4B3AB75" expanded="True" code="HyKhAc2eoh" thumbCode="HyKhAc2eoh" status="psWhite" isfolder="False" isshownode="True">
      <images>
        <image key="82F81C14AEE290F8A65EB9D1267CFB47.jpg"/>
        <image key="553C79B8BB334A24B76BC57838CE7B5A.png"/>
        <image key="9353A407A077278C67C7F23C935D216B.png"/>
        <image key="E46C34B11B1E4937836188E91D3FC6E5.jpg"/>
        <image key="1D76A1953ACB7053D75125F70C5D5E2C.svg"/>
      </images>
    </page>
    <page name="Informacije o nalogu_kupac tasha" ID="94C2C370-F2BB-4CD2-8734-AEC9E0486530" expanded="True" code="wxryW1SHSe" thumbCode="wxryW1SHSe" status="psWhite" isfolder="False" isshownode="True">
      <images>
        <image key="82F81C14AEE290F8A65EB9D1267CFB47.jpg"/>
        <image key="553C79B8BB334A24B76BC57838CE7B5A.png"/>
        <image key="9353A407A077278C67C7F23C935D216B.png"/>
        <image key="1D76A1953ACB7053D75125F70C5D5E2C.svg"/>
      </images>
    </page>
    <page name="Informacije o nalogu_slikar drazen" ID="280DD481-5310-4F7F-A5B6-8EF6322471FA" expanded="True" code="veFDgDScdp" thumbCode="veFDgDScdp" status="psWhite" isfolder="False" isshownode="True">
      <images>
        <image key="848195E271EF5E5ABCE0B97ACCFF830F.jpg"/>
        <image key="553C79B8BB334A24B76BC57838CE7B5A.png"/>
        <image key="9353A407A077278C67C7F23C935D216B.png"/>
      </images>
    </page>
    <page name="Promena lozinke" ID="902BD651-6353-4494-A3C9-DF8EBA44DD16" expanded="True" code="qKwBgPgvGk" thumbCode="qKwBgPgvGk" status="psWhite" isfolder="False" isshownode="True">
      <images>
        <image key="82F81C14AEE290F8A65EB9D1267CFB47.jpg"/>
        <image key="553C79B8BB334A24B76BC57838CE7B5A.png"/>
        <image key="9353A407A077278C67C7F23C935D216B.png"/>
      </images>
    </page>
    <page name="Objavljivanje slike aukcija" ID="4EF734B8-BA67-4862-AD33-6BBB53C89A01" expanded="True" code="JxFWQ89Ua6" thumbCode="JxFWQ89Ua6" status="psWhite" isfolder="False" isshownode="True">
      <images>
        <image key="848195E271EF5E5ABCE0B97ACCFF830F.jpg"/>
        <image key="553C79B8BB334A24B76BC57838CE7B5A.png"/>
        <image key="9353A407A077278C67C7F23C935D216B.png"/>
      </images>
    </page>
    <page name="Objavljivanje slike prvom kupcu" ID="1BB21199-E019-4692-B605-808B78EA2AE1" expanded="True" code="zMuhJQ5lZ8" thumbCode="zMuhJQ5lZ8" status="psWhite" isfolder="False" isshownode="True">
      <images>
        <image key="848195E271EF5E5ABCE0B97ACCFF830F.jpg"/>
        <image key="553C79B8BB334A24B76BC57838CE7B5A.png"/>
        <image key="9353A407A077278C67C7F23C935D216B.png"/>
      </images>
    </page>
    <page name="Objavljivanje izložbe" ID="4BEFCBC1-AFF9-4145-A673-EA599C5692ED" expanded="True" code="2QqgWJayA6" thumbCode="xVDGIMtgD1" status="psWhite" isfolder="False" isshownode="True">
      <images>
        <image key="848195E271EF5E5ABCE0B97ACCFF830F.jpg"/>
        <image key="553C79B8BB334A24B76BC57838CE7B5A.png"/>
        <image key="9353A407A077278C67C7F23C935D216B.png"/>
      </images>
    </page>
    <page name="Izložba" ID="C3365B09-D353-4AD0-9BA9-F6F9681CADBC" expanded="True" code="pCkiQKmWgb" thumbCode="pCkiQKmWgb" status="psWhite" isfolder="False" isshownode="True">
      <images>
        <image key="848195E271EF5E5ABCE0B97ACCFF830F.jpg"/>
        <image key="553C79B8BB334A24B76BC57838CE7B5A.png"/>
        <image key="9353A407A077278C67C7F23C935D216B.png"/>
      </images>
    </page>
    <page name="Profil slikara" ID="91FEBFE9-0A0D-4B07-BC0E-F90F8F7F2E06" expanded="True" code="LW51db2piR" thumbCode="LW51db2piR" status="psWhite" isfolder="False" isshownode="True">
      <images>
        <image key="960E95306282A755402D4EAF7810718F.jfif"/>
        <image key="848195E271EF5E5ABCE0B97ACCFF830F.jpg"/>
        <image key="553C79B8BB334A24B76BC57838CE7B5A.png"/>
        <image key="9353A407A077278C67C7F23C935D216B.png"/>
      </images>
    </page>
    <page name="Promena slike prvom kupcu" ID="7F194A6C-36B3-4372-A0B7-BEA45F65A114" expanded="True" code="AI6l9MykYA" thumbCode="AI6l9MykYA" status="psWhite" isfolder="False" isshownode="True">
      <images>
        <image key="960E95306282A755402D4EAF7810718F.jfif"/>
        <image key="848195E271EF5E5ABCE0B97ACCFF830F.jpg"/>
        <image key="553C79B8BB334A24B76BC57838CE7B5A.png"/>
        <image key="9353A407A077278C67C7F23C935D216B.png"/>
      </images>
    </page>
    <page name="Promena slike aukcija" ID="C1077394-AC33-458D-B249-8B6A8931E289" expanded="True" code="HCaatq1an6" thumbCode="HCaatq1an6" status="psWhite" isfolder="False" isshownode="True">
      <images>
        <image key="960E95306282A755402D4EAF7810718F.jfif"/>
        <image key="848195E271EF5E5ABCE0B97ACCFF830F.jpg"/>
        <image key="553C79B8BB334A24B76BC57838CE7B5A.png"/>
        <image key="9353A407A077278C67C7F23C935D216B.png"/>
      </images>
    </page>
    <page name="Izmena izložbe" ID="9C646809-ED3B-4CC7-8329-BB981FFB4499" expanded="True" code="eRtmsvC4l1" thumbCode="eRtmsvC4l1" status="psWhite" isfolder="False" isshownode="True">
      <images>
        <image key="848195E271EF5E5ABCE0B97ACCFF830F.jpg"/>
        <image key="553C79B8BB334A24B76BC57838CE7B5A.png"/>
        <image key="9353A407A077278C67C7F23C935D216B.png"/>
      </images>
    </page>
    <page name="Uklanjanje slike admin_" ID="E7BD8BB4-7597-425F-B02B-90FC145D42C8" expanded="True" code="AxJ56fAUSS" thumbCode="AxJ56fAUSS" status="psWhite" isfolder="False" isshownode="True">
      <images>
        <image key="82F81C14AEE290F8A65EB9D1267CFB47.jpg"/>
        <image key="553C79B8BB334A24B76BC57838CE7B5A.png"/>
        <image key="9353A407A077278C67C7F23C935D216B.png"/>
        <image key="1D76A1953ACB7053D75125F70C5D5E2C.svg"/>
        <image key="E46C34B11B1E4937836188E91D3FC6E5.jpg"/>
      </images>
    </page>
    <page name="Postavljanje komentara na sliku" ID="E90BD020-2FEA-41FD-B031-3A7651829790" expanded="True" code="8n6xeFuhuk" thumbCode="8n6xeFuhuk" status="psWhite" isfolder="False" isshownode="True">
      <images>
        <image key="5C55E17C830A8188121F30E4B3398557.svg"/>
        <image key="82F81C14AEE290F8A65EB9D1267CFB47.jpg"/>
        <image key="553C79B8BB334A24B76BC57838CE7B5A.png"/>
        <image key="1D76A1953ACB7053D75125F70C5D5E2C.svg"/>
        <image key="E46C34B11B1E4937836188E91D3FC6E5.jpg"/>
        <image key="9353A407A077278C67C7F23C935D216B.png"/>
      </images>
    </page>
    <page name="Postavljanje komentara na sliku1" ID="3F8C517C-3D08-49FD-A1F5-32E7AD319A2C" expanded="True" code="lZOjNKgeTR" thumbCode="lZOjNKgeTR" status="psWhite" isfolder="False" isshownode="True">
      <images>
        <image key="5C55E17C830A8188121F30E4B3398557.svg"/>
        <image key="82F81C14AEE290F8A65EB9D1267CFB47.jpg"/>
        <image key="553C79B8BB334A24B76BC57838CE7B5A.png"/>
        <image key="1D76A1953ACB7053D75125F70C5D5E2C.svg"/>
        <image key="E46C34B11B1E4937836188E91D3FC6E5.jpg"/>
        <image key="9353A407A077278C67C7F23C935D216B.png"/>
      </images>
    </page>
    <page name="Uklanjanje komentara sa slike" ID="A5683721-CD89-488F-9822-E50EE97067F8" expanded="True" code="5DSIF7ZVue" thumbCode="5DSIF7ZVue" status="psWhite" isfolder="False" isshownode="True">
      <images>
        <image key="5C55E17C830A8188121F30E4B3398557.svg"/>
        <image key="82F81C14AEE290F8A65EB9D1267CFB47.jpg"/>
        <image key="553C79B8BB334A24B76BC57838CE7B5A.png"/>
        <image key="1D76A1953ACB7053D75125F70C5D5E2C.svg"/>
        <image key="E46C34B11B1E4937836188E91D3FC6E5.jpg"/>
        <image key="9353A407A077278C67C7F23C935D216B.png"/>
      </images>
    </page>
    <page name="Prijava komentara" ID="189AC86D-30B1-4E95-B9A9-7DA3D2368407" expanded="True" code="Pln1xNKrOg" thumbCode="Pln1xNKrOg" status="psWhite" isfolder="False" isshownode="True">
      <images>
        <image key="5C55E17C830A8188121F30E4B3398557.svg"/>
        <image key="82F81C14AEE290F8A65EB9D1267CFB47.jpg"/>
        <image key="553C79B8BB334A24B76BC57838CE7B5A.png"/>
        <image key="1D76A1953ACB7053D75125F70C5D5E2C.svg"/>
        <image key="E46C34B11B1E4937836188E91D3FC6E5.jpg"/>
        <image key="9353A407A077278C67C7F23C935D216B.png"/>
      </images>
    </page>
    <page name="Uklanjanje komantara sa slike kao administrator" ID="A2626799-E7EC-4E3F-9B8D-4134C8777A6E" expanded="True" code="blfp2mjRQ6" thumbCode="blfp2mjRQ6" status="psWhite" isfolder="False" isshownode="True">
      <images>
        <image key="5C55E17C830A8188121F30E4B3398557.svg"/>
        <image key="553C79B8BB334A24B76BC57838CE7B5A.png"/>
        <image key="1D76A1953ACB7053D75125F70C5D5E2C.svg"/>
        <image key="E46C34B11B1E4937836188E91D3FC6E5.jpg"/>
        <image key="9353A407A077278C67C7F23C935D216B.png"/>
      </images>
    </page>
    <page name="Gasenje naloga" ID="17CAB651-8AF6-4BF5-BA50-FA8C6E69A203" expanded="True" code="rboYcy5skk" thumbCode="rboYcy5skk" status="psWhite" isfolder="False" isshownode="True">
      <images>
        <image key="82F81C14AEE290F8A65EB9D1267CFB47.jpg"/>
        <image key="553C79B8BB334A24B76BC57838CE7B5A.png"/>
        <image key="9353A407A077278C67C7F23C935D216B.png"/>
        <image key="1D76A1953ACB7053D75125F70C5D5E2C.svg"/>
      </images>
    </page>
    <page name="Blokiranje naloga" ID="E6127ED2-618A-4B4D-A621-A79C7D7D0020" expanded="True" code="mUDWOThDRK" thumbCode="mUDWOThDRK" status="psWhite" isfolder="False" isshownode="True">
      <images>
        <image key="9A268A44CBFBC5FAA016F74EC16E04B4.jpg"/>
        <image key="82F81C14AEE290F8A65EB9D1267CFB47.jpg"/>
        <image key="553C79B8BB334A24B76BC57838CE7B5A.png"/>
        <image key="9353A407A077278C67C7F23C935D216B.png"/>
        <image key="1D76A1953ACB7053D75125F70C5D5E2C.svg"/>
      </images>
    </page>
    <page name="Uklanjanje prijavljenog sadrzaja" ID="430971B8-EAFA-4713-9C73-4179B7F0E608" expanded="True" code="FvHdvxq7NV" thumbCode="lPv67tSVRV" status="psWhite" isfolder="False" isshownode="True">
      <images>
        <image key="82F81C14AEE290F8A65EB9D1267CFB47.jpg"/>
        <image key="553C79B8BB334A24B76BC57838CE7B5A.png"/>
        <image key="9353A407A077278C67C7F23C935D216B.png"/>
        <image key="1D76A1953ACB7053D75125F70C5D5E2C.svg"/>
      </images>
    </page>
    <page name="Promena profilne slike drazen" ID="B5BADDBB-B888-498B-919C-455197A4F6A6" expanded="True" code="hZZ7UdiCwJ" thumbCode="hZZ7UdiCwJ" status="psWhite" isfolder="False" isshownode="True">
      <images>
        <image key="848195E271EF5E5ABCE0B97ACCFF830F.jpg"/>
        <image key="467605F5F90D9FF65132C1A6EF883F26.svg"/>
        <image key="553C79B8BB334A24B76BC57838CE7B5A.png"/>
        <image key="9353A407A077278C67C7F23C935D216B.png"/>
      </images>
    </page>
  </pages>
  <trash>
    <page name="Page" ID="1CD6D01D-B0E3-4AB7-A033-F28EBDFC5008" expanded="False" code="WyJz9Omt6J" thumbCode="WyJz9Omt6J" isLastOpen="True" status="psWhite" isfolder="False" isshownode="True"/>
    <page name="Page2" ID="9F02B6D2-5F99-492D-BB5A-246AD557B47C" expanded="False" code="vDzw7ogFzV" thumbCode="vDzw7ogFzV" isLastOpen="True" status="psWhite" isfolder="False" isshownode="True"/>
    <page name="Page" ID="4DC890DC-8486-4E44-A498-41BB7074983B" expanded="False" code="Jpz6T4gRP3" thumbCode="gilbMYTkrv" isLastOpen="True" status="psWhite" isfolder="False" isshownode="True"/>
    <page name="Home1" ID="EB84CBF1-4297-494D-BCB1-F5C57AAF432F" expanded="True" code="QQug1jFt5x" thumbCode="7adYHCBaID" isLastOpen="True" status="psWhite" isfolder="False" isshownode="True">
      <images>
        <image key="553C79B8BB334A24B76BC57838CE7B5A.png"/>
      </images>
    </page>
    <page name="Home Register" ID="112218B8-7BA1-4F0C-9BD7-05479DC183C5" expanded="True" code="Fjya7zydoP" thumbCode="OM6dKo8a6q" isLastOpen="True" status="psWhite" isfolder="False" isshownode="True">
      <images>
        <image key="553C79B8BB334A24B76BC57838CE7B5A.png"/>
      </images>
    </page>
    <page name="Home" ID="A29EEAD2-2CA3-462E-941E-F282B3608976" expanded="True" code="E1vUjbQEp3" thumbCode="MEG4JfOBVD" isLastOpen="True" status="psWhite" isfolder="False" isshownode="True">
      <images>
        <image key="553C79B8BB334A24B76BC57838CE7B5A.png"/>
      </images>
    </page>
    <page name="Page" ID="2527E23C-B641-42DC-809B-95F866FC9114" expanded="False" code="c4tp2lVDtv" thumbCode="c4tp2lVDtv" status="psWhite" isfolder="False" isshownode="True"/>
    <page name="Home Register" ID="A28AB86B-863E-4BB1-9138-5985F7E884D4" expanded="False" code="v83nMf5gPv" thumbCode="b1wz4SzXeE" isLastOpen="True" status="psWhite" isfolder="False" isshownode="True">
      <images>
        <image key="553C79B8BB334A24B76BC57838CE7B5A.png"/>
      </images>
    </page>
    <page name="Page" ID="DF6CAFA8-015A-4605-BB65-9C5B3E7955B5" expanded="True" code="UQSXFChf6E" thumbCode="UQSXFChf6E" isLastOpen="True" status="psWhite" isfolder="False" isshownode="True"/>
    <page name="Page" ID="53FCF937-B0DB-4DA8-BB2F-BEADE278B7B8" expanded="False" code="nVv5wFLdb1" thumbCode="nVv5wFLdb1" isLastOpen="True" status="psWhite" isfolder="False" isshownode="True"/>
    <page name="Slika" ID="CAE4B4C5-F26E-4CED-AE87-DE84BF34E301" expanded="True" code="UB8zRP1rY5" thumbCode="UB8zRP1rY5" isLastOpen="True" status="psWhite" isfolder="False" isshownode="True"/>
    <page name="Korpa1" ID="330F807D-117D-4511-AAEA-104A1C8DDE03" expanded="False" code="UigCA54rz3" thumbCode="zwHofcQPSf" isLastOpen="True" status="psWhite" isfolder="False" isshownode="True">
      <images>
        <image key="E46C34B11B1E4937836188E91D3FC6E5.jpg"/>
        <image key="BD69E9C1CECF8DF8A2348D45E5135B16.jpeg"/>
        <image key="0957721A8869CD6E29BA3FCD98891987.jpeg"/>
        <image key="82F81C14AEE290F8A65EB9D1267CFB47.jpg"/>
        <image key="553C79B8BB334A24B76BC57838CE7B5A.png"/>
        <image key="D94F7D0CEEA16DC7AC508C7CD6E330BA.jpeg"/>
        <image key="1D76A1953ACB7053D75125F70C5D5E2C.svg"/>
        <image key="9353A407A077278C67C7F23C935D216B.png"/>
        <image key="1DEEC712A18B774EEA9584D159237A03.svg"/>
      </images>
    </page>
    <page name="Korpa bez balona" ID="CB918C95-74CF-46FE-B331-245C687D2C7F" expanded="True" code="6hopyHfv1y" thumbCode="pCGfx4zrJr" isLastOpen="True" status="psWhite" isfolder="False" isshownode="True">
      <images>
        <image key="1DEEC712A18B774EEA9584D159237A03.svg"/>
        <image key="BD69E9C1CECF8DF8A2348D45E5135B16.jpeg"/>
        <image key="82F81C14AEE290F8A65EB9D1267CFB47.jpg"/>
        <image key="D94F7D0CEEA16DC7AC508C7CD6E330BA.jpeg"/>
        <image key="553C79B8BB334A24B76BC57838CE7B5A.png"/>
        <image key="1D76A1953ACB7053D75125F70C5D5E2C.svg"/>
        <image key="9353A407A077278C67C7F23C935D216B.png"/>
        <image key="E46C34B11B1E4937836188E91D3FC6E5.jpg"/>
      </images>
    </page>
    <page name="Slika unregistered" ID="F6992589-9635-4D62-8F98-3D75825C0CA2" expanded="True" code="vzesHVj3dK" thumbCode="NWTR2WIGO8" isLastOpen="True" status="psWhite" isfolder="False" isshownode="True">
      <images>
        <image key="E46C34B11B1E4937836188E91D3FC6E5.jpg"/>
        <image key="553C79B8BB334A24B76BC57838CE7B5A.png"/>
        <image key="1D76A1953ACB7053D75125F70C5D5E2C.svg"/>
        <image key="9353A407A077278C67C7F23C935D216B.png"/>
        <image key="5C55E17C830A8188121F30E4B3398557.svg"/>
      </images>
    </page>
    <page name="Informacije o korisniku" ID="3CAD7823-FD0C-4F29-9BA2-1846D34744ED" expanded="True" code="JWeKJZrUV4" thumbCode="gMkqCrZmAc" isLastOpen="True" status="psWhite" isfolder="False" isshownode="True">
      <images>
        <image key="553C79B8BB334A24B76BC57838CE7B5A.png"/>
        <image key="9353A407A077278C67C7F23C935D216B.png"/>
      </images>
    </page>
    <page name="Zaboravljena lozinka" ID="0D0427D8-5FED-4E7C-B3F0-C0EC398FAD2D" expanded="True" code="8cFL1GEKcr" thumbCode="8cFL1GEKcr" isLastOpen="True" status="psWhite" isfolder="False" isshownode="True"/>
    <page name="Informacije o nalogu_slikar" ID="870FB668-B7E9-4DA0-AFF1-48F60769F7AC" expanded="False" code="zkUbf2ZLv1" thumbCode="f8z9X2pO5f" isLastOpen="True" status="psWhite" isfolder="False" isshownode="True">
      <images>
        <image key="82F81C14AEE290F8A65EB9D1267CFB47.jpg"/>
        <image key="553C79B8BB334A24B76BC57838CE7B5A.png"/>
        <image key="9353A407A077278C67C7F23C935D216B.png"/>
        <image key="1D76A1953ACB7053D75125F70C5D5E2C.svg"/>
      </images>
    </page>
    <page name="Ulogovan kupac" ID="FEAF50E6-1F16-4A2C-9722-DF7DC653A787" expanded="False" code="zGzTjzYRua" thumbCode="VCgGZOIRxq" isLastOpen="True" status="psWhite" isfolder="False" isshownode="True">
      <images>
        <image key="82F81C14AEE290F8A65EB9D1267CFB47.jpg"/>
        <image key="553C79B8BB334A24B76BC57838CE7B5A.png"/>
        <image key="9353A407A077278C67C7F23C935D216B.png"/>
        <image key="1D76A1953ACB7053D75125F70C5D5E2C.svg"/>
      </images>
    </page>
    <page name="Page" ID="FE38EE32-C9C8-4199-A1EF-EEAB3C18F8F9" expanded="False" code="dqDowQRAP8" thumbCode="" isLastOpen="True" status="psWhite" isfolder="False" isshownode="True"/>
    <page name="Objavljivanje slike prvom kupcu" ID="42225C44-6BC6-4C41-ACF2-D0A13800E4B3" expanded="False" code="IAgDktu3Ur" thumbCode="Q5eXwUlLkS" isLastOpen="True" status="psWhite" isfolder="False" isshownode="True">
      <images>
        <image key="553C79B8BB334A24B76BC57838CE7B5A.png"/>
        <image key="9353A407A077278C67C7F23C935D216B.png"/>
      </images>
    </page>
    <page name="Informacije o nalogu_slikar tasha" ID="F5849F5D-B0A2-4FAD-8510-C3292707C0C1" expanded="False" code="f78hwI8AiZ" thumbCode="XcAWPr6ke6" isLastOpen="True" status="psWhite" isfolder="False" isshownode="True">
      <images>
        <image key="82F81C14AEE290F8A65EB9D1267CFB47.jpg"/>
        <image key="553C79B8BB334A24B76BC57838CE7B5A.png"/>
        <image key="9353A407A077278C67C7F23C935D216B.png"/>
        <image key="1D76A1953ACB7053D75125F70C5D5E2C.svg"/>
      </images>
    </page>
    <page name="Ulogovan slikar" ID="19F6F021-C579-4056-A841-1F3F735C7CE9" expanded="False" code="eSBu5ORYob" thumbCode="tGyrtOzrjP" isLastOpen="True" status="psWhite" isfolder="False" isshownode="True">
      <images>
        <image key="82F81C14AEE290F8A65EB9D1267CFB47.jpg"/>
        <image key="553C79B8BB334A24B76BC57838CE7B5A.png"/>
        <image key="9353A407A077278C67C7F23C935D216B.png"/>
        <image key="1D76A1953ACB7053D75125F70C5D5E2C.svg"/>
      </images>
    </page>
  </trash>
  <deletes/>
  <masters>
    <master name="Master" ID="B53E9835-860C-4CCF-9D98-AEBED0F9C96D" code="n1V5meZ6nQ" status="psWhite" createDate="2020-03-06 16:50:22">
      <refPages>
        <page ID="0F18B6CE-10F8-478F-9479-FE0C6A014CCD" refCount="1"/>
        <page ID="9324D3C7-EEA1-4C91-86FD-E72B7186E621" refCount="1"/>
        <page ID="153A8EA3-AC78-463B-8A64-CC50F827CCFB" refCount="1"/>
      </refPages>
      <images>
        <image key="0D9D39D1FD335FDF2A2F70F4EDCBBE60.png"/>
        <image key="3E5E761AFD2BBD032F60C781EC2271B3.png"/>
        <image key="40D2FCDA2CF03E8CCA8FB50D17C35B93.png"/>
        <image key="838F59539FF7A8648C1AD3D45024B70A.png"/>
      </images>
    </master>
  </masters>
  <images>
    <image key="0D9D39D1FD335FDF2A2F70F4EDCBBE60.png"/>
    <image key="49E63184CEBAC84F592EA8742A4AA439.png"/>
    <image key="BD69E9C1CECF8DF8A2348D45E5135B16.jpg"/>
    <image key="66A845A167BB212677016158B15D3B90.png"/>
    <image key="960E95306282A755402D4EAF7810718F.jfif"/>
    <image key="F713F7F9372171F0466AF50A4574BEFC.PNG"/>
    <image key="489F8047B004BACECC10853B5B71484C.png"/>
    <image key="A80D6A7386217507CD46AA24148CB327.svg"/>
    <image key="F713F7F9372171F0466AF50A4574BEFC.png"/>
    <image key="9353A407A077278C67C7F23C935D216B.png"/>
    <image key="1DEEC712A18B774EEA9584D159237A03.svg"/>
    <image key="B5A9D21F4D670CFFB60AF876F4EB7BFA.png"/>
    <image key="E86C54C882D78F9C0D69762891BF2E52.svg"/>
    <image key="0C02700502FFA4C4EA40E9B365203412.png"/>
    <image key="D94F7D0CEEA16DC7AC508C7CD6E330BA.jpg"/>
    <image key="271D1CBC709F1BB828AFF74DA0FA0988.png"/>
    <image key="838F59539FF7A8648C1AD3D45024B70A.png"/>
    <image key="BFD60F8F19E479B83E76CD385540E2FB.svg"/>
    <image key="467605F5F90D9FF65132C1A6EF883F26.svg"/>
    <image key="70B82C182DFAC16968B460D822F41704.png"/>
    <image key="E46C34B11B1E4937836188E91D3FC6E5.jpg"/>
    <image key="9A268A44CBFBC5FAA016F74EC16E04B4.jpg"/>
    <image key="40D2FCDA2CF03E8CCA8FB50D17C35B93.PNG"/>
    <image key="0957721A8869CD6E29BA3FCD98891987.jpeg"/>
    <image key="40D2FCDA2CF03E8CCA8FB50D17C35B93.png"/>
    <image key="EE2FB2571F0389F770A92264D8E66DFA.svg"/>
    <image key="848195E271EF5E5ABCE0B97ACCFF830F.jpg"/>
    <image key="3983F2B5E391A71F34F34D9DCC0B5983.png"/>
    <image key="C60DDFBA67A314BB5833314FBACE3F4C.png"/>
    <image key="3E5E761AFD2BBD032F60C781EC2271B3.png"/>
    <image key="77A6EB34518B058A77476B05DEF7C88C.png"/>
    <image key="BD69E9C1CECF8DF8A2348D45E5135B16.jpeg"/>
    <image key="A04CFC559053CF798999D51D4818BD4A.png"/>
    <image key="838F59539FF7A8648C1AD3D45024B70A.PNG"/>
    <image key="82F81C14AEE290F8A65EB9D1267CFB47.jpg"/>
    <image key="553C79B8BB334A24B76BC57838CE7B5A.png"/>
    <image key="D94F7D0CEEA16DC7AC508C7CD6E330BA.jpeg"/>
    <image key="1D76A1953ACB7053D75125F70C5D5E2C.svg"/>
    <image key="5C55E17C830A8188121F30E4B3398557.svg"/>
  </images>
</project>