﻿<master version="5.3" minAllowVersion="5.3" ID="B53E9835-860C-4CCF-9D98-AEBED0F9C96D">
  <controls>
    <control controlID="23F2FDC9-F9B1-4668-9E97-207C85229A69" controlTypeID="Master" x="424" y="232" w="555" h="474" zOrder="8" masterID="B53E9835-860C-4CCF-9D98-AEBED0F9C96D">
      <ShadowBlur>0</ShadowBlur>
      <links eventType="AtClick" animate="AmNone" animateAutoDelay="0" animateDuration="500">
        <link targetPageID="7374C221-D31D-4E70-A88F-4EB2D9B74ECA" linkType="ltPageLink" isApplyIncludePage="False" title="Registracija">
          <area shape="0" alt="" ID="{5F0CC029-69C2-4D44-89CC-C711EC13CF6A}" coords="(0,0,1536,864)"/>
        </link>
      </links>
      <groupChildrenDescriptors>
        <control controlID="F2B021AD-A043-4B16-8965-775E6A9BC9FD" controlTypeID="ImageCarousel" x="0" y="0" w="555" h="474" zOrder="0">
          <color>4278190080</color>
          <links eventType="AtClick" animate="AmNone" animateAutoDelay="0" animateDuration="500">
            <link targetPageID="7374C221-D31D-4E70-A88F-4EB2D9B74ECA" linkType="ltPageLink" isApplyIncludePage="False" title="Registracija">
              <area shape="0" alt="" ID="{32D66CAF-5645-4B67-B974-80B87ABCC364}" coords="(0,0,555,474)"/>
            </link>
          </links>
          <groupChildrenDescriptors>
            <control controlID="E5F22980-1E04-474A-876B-672150EBD450" controlTypeID="ImageBackground" x="0" y="0" w="555" h="474" zOrder="0">
              <caption>The+Arab+Tent</caption>
              <groupChildrenDescriptors/>
              <URL>0D9D39D1FD335FDF2A2F70F4EDCBBE60.png</URL>
            </control>
            <control controlID="F6D61908-0503-4D57-B834-7917BA9F9AB2" controlTypeID="ImageBackground" x="0" y="0" w="555" h="474" zOrder="1">
              <caption>6EC4CC9C-B27A-4704-808D-B972524B9C41</caption>
              <groupChildrenDescriptors/>
              <URL>40D2FCDA2CF03E8CCA8FB50D17C35B93.png</URL>
            </control>
            <control controlID="6BCB2FDF-BC8A-4BD7-93B1-1F2ABA444256" controlTypeID="ImageBackground" x="0" y="0" w="555" h="474" zOrder="2">
              <caption>2483BAA8-BD08-4ED0-B5F4-8C447874B1FA</caption>
              <color>4278190080</color>
              <groupChildrenDescriptors/>
              <URL>838F59539FF7A8648C1AD3D45024B70A.png</URL>
            </control>
            <control controlID="645F8C41-95C9-4896-BF7C-83CBB7307E70" controlTypeID="ImageBackground" x="0" y="0" w="555" h="474" zOrder="3">
              <caption>1FE0AF4E-8B33-4E18-B38F-924C376771DF</caption>
              <links eventType="AtClick" animate="AmNone" animateAutoDelay="0" animateDuration="500">
                <link targetPageID="7374C221-D31D-4E70-A88F-4EB2D9B74ECA" linkType="ltPageLink" isApplyIncludePage="False" title="Link">
                  <area shape="0" alt="" ID="{0696F796-335D-43D9-A461-F58712351326}" coords="(0,0,555,474)"/>
                </link>
              </links>
              <groupChildrenDescriptors/>
              <URL>3E5E761AFD2BBD032F60C781EC2271B3.png</URL>
            </control>
          </groupChildrenDescriptors>
          <selectedIndex>3</selectedIndex>
          <aniType>spaSlide</aniType>
          <playInterval>2000</playInterval>
        </control>
      </groupChildrenDescriptors>
    </control>
  </controls>
</master>