﻿<mockup version="5.3" minAllowVersion="5.3" ID="0D9BD499-62CF-4C37-8B98-0848DA43C3EE" platform="MtWeb" defaultW="1536" defaultH="864" measureW="1536" measureH="864" mobileScreenScale="0">
  <controls controlCount="34">
    <control controlID="A3678951-87D4-4B58-8A98-103FA32A8292" controlTypeID="Image" x="0" y="0" w="1536" h="864" zOrder="0">
      <ShadowBlur>0</ShadowBlur>
      <URL>9353A407A077278C67C7F23C935D216B.png</URL>
    </control>
    <control controlID="559CDEC5-EC0D-4B7C-AC3B-D6D9E84C6094" controlTypeID="HRule" x="0" y="84" w="1536" h="12" zOrder="1">
      <color>4281545523</color>
      <ShadowBlur>0</ShadowBlur>
    </control>
    <control controlID="893FB5F4-44B9-4B8E-A4E4-418678421DA1" controlTypeID="CompositeComboBox" x="717" y="24" w="200" h="32" zOrder="2">
      <borderColor>4286578432</borderColor>
      <ShadowBlur>0</ShadowBlur>
      <groupChildrenDescriptors>
        <control controlID="2511A92B-1E59-4DB3-BF64-FCFF2816512F" controlTypeID="TextInput" x="0" y="0" w="177" h="32" zOrder="0">
          <locked>True</locked>
          <borderColor>4286578432</borderColor>
          <canMove>False</canMove>
          <alias>input</alias>
          <ShadowBlur>0</ShadowBlur>
          <font family="Segoe+UI" displayName="Segoe+UI" postScript="" weightStyle="Regular" weight="400" isBold="False" isItalic="False" useDefaultFontFamily="False"/>
          <text>Stil</text>
          <lineSpacing>0</lineSpacing>
          <selectedIndex>-1</selectedIndex>
        </control>
        <control controlID="5EE57B82-9211-4678-8D50-90DC46803525" controlTypeID="Button" x="176" y="0" w="24" h="32" zOrder="1">
          <locked>True</locked>
          <borderColor>4286578432</borderColor>
          <canMove>False</canMove>
          <alias>button</alias>
          <ShadowBlur>0</ShadowBlur>
          <font family="Segoe+UI" displayName="Segoe+UI" postScript="" weightStyle="Regular" weight="400" isBold="False" isItalic="False"/>
          <lineSpacing>0</lineSpacing>
          <selectedIndex>-1</selectedIndex>
          <radius>0</radius>
        </control>
        <control controlID="004A0067-C6D9-4428-BA58-59AFCDD98EC5" controlTypeID="List" x="0" y="32" w="200" h="130" zOrder="2">
          <isShow>False</isShow>
          <borderColor>4286578432</borderColor>
          <canMove>False</canMove>
          <alias>dropDown</alias>
          <ShadowBlur>0</ShadowBlur>
          <font family="Segoe+UI" displayName="Segoe+UI" postScript="" weightStyle="Regular" weight="400" isBold="False" isItalic="False" useDefaultFontFamily="False"/>
          <text>Stil%0D%0AKlasicizam%0D%0AKubizam%0D%0ABarok</text>
          <textSize>14</textSize>
          <lineSpacing>0</lineSpacing>
          <itemHeight>32</itemHeight>
          <interlaceColor>4294967295</interlaceColor>
        </control>
      </groupChildrenDescriptors>
      <canInput>True</canInput>
      <baseHeight>32</baseHeight>
      <font family="Segoe+UI"/>
      <textSize>14</textSize>
    </control>
    <control controlID="7CA31EC3-0940-4662-9EA8-EB208ED51F1A" controlTypeID="Button" x="985" y="24" w="100" h="32" zOrder="3">
      <color>4281545523</color>
      <ShadowBlur>0</ShadowBlur>
      <font family="Bradley+Hand+ITC" displayName="Bradley+Hand+ITC_%26_Bold" postScript="" weightStyle="Bold" weight="700" isBold="True" isItalic="False" useDefaultFontFamily="False"/>
      <text>Pretra%C5%BEi</text>
      <textColor>4286578432</textColor>
      <textSize>24</textSize>
      <lineSpacing>0</lineSpacing>
      <textStyles>[fsBold]</textStyles>
      <useDefaultTextSize>False</useDefaultTextSize>
      <selectedIndex>-1</selectedIndex>
      <radius>100</radius>
      <radiusIsPercent>True</radiusIsPercent>
    </control>
    <control controlID="43F914C7-3C8E-4FFC-91E2-19194D4BE821" controlTypeID="TextInput" x="70" y="24" w="250" h="32" zOrder="4">
      <ShadowBlur>0</ShadowBlur>
      <font family="Bradley+Hand+ITC" displayName="Bradley+Hand+ITC" postScript="" weightStyle="Regular" weight="400" isBold="False" isItalic="False" useDefaultFontFamily="False"/>
      <textSize>20</textSize>
      <lineSpacing>0</lineSpacing>
      <useDefaultTextSize>False</useDefaultTextSize>
      <selectedIndex>-1</selectedIndex>
      <placeHolder>Slikar</placeHolder>
      <radius>16</radius>
    </control>
    <control controlID="877D300B-1CB4-4316-8226-ECC8C10C6B28" controlTypeID="TextInput" x="393" y="24" w="250" h="32" zOrder="5">
      <ShadowBlur>0</ShadowBlur>
      <font family="Bradley+Hand+ITC" displayName="Bradley+Hand+ITC" postScript="" weightStyle="Regular" weight="400" isBold="False" isItalic="False" useDefaultFontFamily="False"/>
      <text>Zivotinje</text>
      <textSize>20</textSize>
      <lineSpacing>0</lineSpacing>
      <useDefaultTextSize>False</useDefaultTextSize>
      <selectedIndex>-1</selectedIndex>
      <radius>16</radius>
    </control>
    <control controlID="17EC7274-C7B1-4DCE-BA6D-FE8789FEB21E" controlTypeID="Icon" x="1352" y="10" w="64" h="64" zOrder="6">
      <color>4281545523</color>
      <ShadowBlur>0</ShadowBlur>
      <links eventType="AtClick" animate="AmNone" animateAutoDelay="0" animateDuration="500">
        <link targetPageID="A8D85D53-56A9-41E5-AF5C-15DAF5E050EC" linkType="ltPageLink" isApplyIncludePage="False" title="Korpa">
          <area shape="0" alt="" ID="{080A8D63-3F8D-4E02-BCCC-EB5A62E62C24}" coords="(0,0,64,64)"/>
        </link>
      </links>
      <icon>
        <ID/>
        <iconFontName>jdIcoFont</iconFontName>
        <iconCode>59230</iconCode>
      </icon>
      <URL>1D76A1953ACB7053D75125F70C5D5E2C.svg</URL>
    </control>
    <control controlID="37B02678-95B2-4F05-A902-D8AAAF6D2C04" controlTypeID="ColorPicker" x="1452" y="10" w="64" h="64" zOrder="7">
      <color>4281545523</color>
      <ShadowBlur>0</ShadowBlur>
    </control>
    <control controlID="B43E938B-87C4-4794-85B2-FF35514DFEA0" controlTypeID="Image" x="1460" y="14" w="48" h="55" zOrder="8">
      <ShadowBlur>0</ShadowBlur>
      <URL>82F81C14AEE290F8A65EB9D1267CFB47.jpg</URL>
    </control>
    <control controlID="B143751E-3561-46EC-9CC6-87D3938D0347" controlTypeID="Image" x="1381" y="760" w="135" h="84" zOrder="9">
      <ShadowBlur>0</ShadowBlur>
      <URL>553C79B8BB334A24B76BC57838CE7B5A.png</URL>
    </control>
    <control controlID="EEAB7AAB-F3B9-4F82-B30D-2E10138BAACF" controlTypeID="ImageCarousel" x="20" y="106" w="984" h="738" zOrder="10">
      <color>4284900966</color>
      <ShadowBlur>0</ShadowBlur>
      <groupChildrenDescriptors>
        <control controlID="B26C833C-1DF6-4099-BFC4-4C523254E944" controlTypeID="ImageBackground" x="0" y="0" w="984" h="738" zOrder="0">
          <caption>Alexander+and+Diogenes</caption>
          <ShadowBlur>0</ShadowBlur>
          <groupChildrenDescriptors/>
          <URL>C60DDFBA67A314BB5833314FBACE3F4C.png</URL>
        </control>
        <control controlID="969D1B08-BCB0-4F79-84AC-160DF76AB02E" controlTypeID="ImageBackground" x="0" y="0" w="984" h="738" zOrder="1">
          <caption>Doubtful+Crumbs</caption>
          <ShadowBlur>0</ShadowBlur>
          <groupChildrenDescriptors/>
          <URL>838F59539FF7A8648C1AD3D45024B70A.png</URL>
        </control>
        <control controlID="9C43AE11-7009-4134-B354-D8A98A0EFE2E" controlTypeID="ImageBackground" x="0" y="0" w="984" h="738" zOrder="2">
          <caption>Monarch+of+the+Glen</caption>
          <ShadowBlur>0</ShadowBlur>
          <groupChildrenDescriptors/>
          <URL>F713F7F9372171F0466AF50A4574BEFC.png</URL>
        </control>
        <control controlID="C67C1DB2-BDCD-4C1F-9F36-FB6911F5275E" controlTypeID="ImageBackground" x="0" y="0" w="984" h="738" zOrder="3">
          <caption>The+Arab+Tent</caption>
          <color>4284900966</color>
          <ShadowBlur>0</ShadowBlur>
          <groupChildrenDescriptors/>
          <URL>0D9D39D1FD335FDF2A2F70F4EDCBBE60.png</URL>
        </control>
      </groupChildrenDescriptors>
      <aniType>spaSlide</aniType>
      <isAutoPlay>False</isAutoPlay>
      <indicatorDirection>sidTop</indicatorDirection>
      <indicatorType>SiRectangle</indicatorType>
      <fitMode>fmStretchFit</fitMode>
    </control>
    <control controlID="7A0700BF-7989-4E36-8E75-68E36A3CE355" controlTypeID="Label" x="1180" y="347" w="321" h="40" zOrder="11">
      <ShadowBlur>0</ShadowBlur>
      <font family="Bradley+Hand+ITC" displayName="Bradley+Hand+ITC" postScript="" weightStyle="Regular" weight="400" isBold="False" isItalic="False" useDefaultFontFamily="False"/>
      <text>Alexander+and+Diogenes</text>
      <textSize>32</textSize>
      <lineSpacing>0</lineSpacing>
      <useDefaultTextSize>False</useDefaultTextSize>
      <selectedIndex>-1</selectedIndex>
    </control>
    <control controlID="8227C672-A320-461F-99C5-C3160A9864EA" controlTypeID="Label" x="1062" y="347" w="83" h="40" zOrder="12">
      <ShadowBlur>0</ShadowBlur>
      <font family="Bradley+Hand+ITC" displayName="Bradley+Hand+ITC" postScript="" weightStyle="Regular" weight="400" isBold="False" isItalic="False" useDefaultFontFamily="False"/>
      <text>Slika%3A</text>
      <textSize>32</textSize>
      <lineSpacing>0</lineSpacing>
      <useDefaultTextSize>False</useDefaultTextSize>
      <selectedIndex>-1</selectedIndex>
    </control>
    <control controlID="D40E4EA6-5312-48ED-82BF-2BFA0C736904" controlTypeID="Label" x="1069" y="200" w="392" h="50" zOrder="13">
      <ShadowBlur>0</ShadowBlur>
      <font family="Bradley+Hand+ITC" displayName="Bradley+Hand+ITC" postScript="" weightStyle="Regular" weight="400" isBold="False" isItalic="False" useDefaultFontFamily="False"/>
      <text>Edwin+Henry+Landseer</text>
      <textSize>40</textSize>
      <lineSpacing>0</lineSpacing>
      <useDefaultTextSize>False</useDefaultTextSize>
      <selectedIndex>-1</selectedIndex>
    </control>
    <control controlID="1F193E70-99C6-4CF2-81B1-661F6F59AC29" controlTypeID="Label" x="1028" y="412" w="117" h="40" zOrder="14">
      <ShadowBlur>0</ShadowBlur>
      <font family="Bradley+Hand+ITC" displayName="Bradley+Hand+ITC" postScript="" weightStyle="Regular" weight="400" isBold="False" isItalic="False" useDefaultFontFamily="False"/>
      <text>Tehnika%3A</text>
      <textSize>32</textSize>
      <lineSpacing>0</lineSpacing>
      <useDefaultTextSize>False</useDefaultTextSize>
      <selectedIndex>-1</selectedIndex>
    </control>
    <control controlID="C5EAF294-8BB1-4834-81CA-92DBA27B87B5" controlTypeID="Label" x="1180" y="412" w="193" h="40" zOrder="15">
      <ShadowBlur>0</ShadowBlur>
      <font family="Bradley+Hand+ITC" displayName="Bradley+Hand+ITC" postScript="" weightStyle="Regular" weight="400" isBold="False" isItalic="False" useDefaultFontFamily="False"/>
      <text>Ulje+na+platnu</text>
      <textSize>32</textSize>
      <lineSpacing>0</lineSpacing>
      <useDefaultTextSize>False</useDefaultTextSize>
      <selectedIndex>-1</selectedIndex>
    </control>
    <control controlID="B7431A69-D5F9-40E9-936E-ED97975833A5" controlTypeID="Label" x="1086" y="474" w="59" h="40" zOrder="16">
      <ShadowBlur>0</ShadowBlur>
      <font family="Bradley+Hand+ITC" displayName="Bradley+Hand+ITC" postScript="" weightStyle="Regular" weight="400" isBold="False" isItalic="False" useDefaultFontFamily="False"/>
      <text>Stil%3A</text>
      <textSize>32</textSize>
      <lineSpacing>0</lineSpacing>
      <useDefaultTextSize>False</useDefaultTextSize>
      <selectedIndex>-1</selectedIndex>
    </control>
    <control controlID="8E5A8673-E362-4175-8B65-4D9F45022A3A" controlTypeID="Label" x="1180" y="474" w="181" h="40" zOrder="17">
      <ShadowBlur>0</ShadowBlur>
      <font family="Bradley+Hand+ITC" displayName="Bradley+Hand+ITC" postScript="" weightStyle="Regular" weight="400" isBold="False" isItalic="False" useDefaultFontFamily="False"/>
      <text>Romantizam</text>
      <textSize>32</textSize>
      <lineSpacing>0</lineSpacing>
      <useDefaultTextSize>False</useDefaultTextSize>
      <selectedIndex>-1</selectedIndex>
    </control>
    <control controlID="986F23A1-5C93-45AE-BD38-B67A9073EC86" controlTypeID="Button" x="1180" y="556" w="170" h="60" zOrder="18">
      <color>4284900966</color>
      <borderColor>4282598211</borderColor>
      <ShadowBlur>0</ShadowBlur>
      <font family="Bradley+Hand+ITC" displayName="Bradley+Hand+ITC_%26_Bold" postScript="" weightStyle="Bold" weight="700" isBold="True" isItalic="False" useDefaultFontFamily="False"/>
      <text>PRIKA%C5%BDI</text>
      <textColor>4286578432</textColor>
      <textSize>32</textSize>
      <lineSpacing>0</lineSpacing>
      <textStyles>[fsBold]</textStyles>
      <useDefaultTextSize>False</useDefaultTextSize>
      <selectedIndex>-1</selectedIndex>
      <radius>16</radius>
    </control>
    <control controlID="C91ED588-EFD2-47F8-B1D0-A76E9C259EB6" controlTypeID="Icon" x="1028" y="784" w="60" h="60" zOrder="19">
      <remarkText>Prati+slikara</remarkText>
      <interactiveData>
        <entry title="">
          <area shape="0" alt="" ID="{ACE6CDC3-5BCB-4BC1-8E8B-3D78C67CAE9C}" coords="(0,0,60,60)"/>
          <events title="">
            <event eventType="atClick" isChecked="True">
              <behaviour title="" isChecked="True" isWait="False" isLoop="False" execMode="emParallel">
                <target targetID="9D3C18E2-F1E6-4467-A9BA-71A2506C60F4" isChecked="True" isAutoRecovery="False" isLoop="False" execMode="emSequence">
                  <command name="Popup State Change" isChecked="True" descrition="">
                    <param name="AniInterpolation" value="0" varType="3" description=""/>
                    <param name="AniDuration" value="200" varType="3" description=""/>
                    <param name="AniAutoReverse" value="False" varType="11" description=""/>
                    <param name="AniLoop" value="False" varType="11" description=""/>
                    <param name="AniInterpolationTypeOut" value="False" varType="11" description=""/>
                    <param name="Delay" value="0" varType="3" description=""/>
                    <param name="Value" value="2" varType="3" description=""/>
                    <param name="AniType" value="0" varType="3" description=""/>
                  </command>
                </target>
              </behaviour>
            </event>
          </events>
        </entry>
      </interactiveData>
      <icon>
        <ID/>
        <iconFontName>jdIonicons</iconFontName>
        <iconCode>62367</iconCode>
      </icon>
      <URL>A80D6A7386217507CD46AA24148CB327.svg</URL>
    </control>
    <control controlID="0CD165A3-76E8-4EB8-9549-88D19F5A22C2" controlTypeID="Icon" x="1112" y="784" w="60" h="60" zOrder="20">
      <remarkText>Prati+temu</remarkText>
      <interactiveData>
        <entry title="">
          <area shape="0" alt="" ID="{B484B4AB-CBD2-43A1-B817-326F0BEC0E74}" coords="(0,0,60,60)"/>
          <events title="">
            <event eventType="atClick" isChecked="True">
              <behaviour title="" isChecked="True" isWait="False" isLoop="False" execMode="emParallel">
                <target targetID="9D3C18E2-F1E6-4467-A9BA-71A2506C60F4" isChecked="True" isAutoRecovery="False" isLoop="False" execMode="emSequence">
                  <command name="Popup State Change" isChecked="True" descrition="">
                    <param name="AniInterpolation" value="0" varType="3" description=""/>
                    <param name="AniDuration" value="200" varType="3" description=""/>
                    <param name="AniAutoReverse" value="False" varType="11" description=""/>
                    <param name="AniLoop" value="False" varType="11" description=""/>
                    <param name="AniInterpolationTypeOut" value="False" varType="11" description=""/>
                    <param name="Delay" value="0" varType="3" description=""/>
                    <param name="Value" value="2" varType="3" description=""/>
                    <param name="AniType" value="0" varType="3" description=""/>
                  </command>
                </target>
              </behaviour>
            </event>
          </events>
        </entry>
      </interactiveData>
      <icon>
        <ID/>
        <iconFontName>jdIonicons</iconFontName>
        <iconCode>61767</iconCode>
      </icon>
      <URL>EE2FB2571F0389F770A92264D8E66DFA.svg</URL>
    </control>
    <control controlID="6E830C66-520C-4EB1-8C3E-486D724D061B" controlTypeID="Icon" x="1196" y="784" w="60" h="60" zOrder="21">
      <remarkText>Prati+stil</remarkText>
      <interactiveData>
        <entry title="">
          <area shape="0" alt="" ID="{77EF8C8A-E3B1-4B72-BFC1-6229B3FB3D28}" coords="(0,0,60,60)"/>
          <events title="">
            <event eventType="atClick" isChecked="True">
              <behaviour title="" isChecked="True" isWait="False" isLoop="False" execMode="emParallel">
                <target targetID="9D3C18E2-F1E6-4467-A9BA-71A2506C60F4" isChecked="True" isAutoRecovery="False" isLoop="False" execMode="emSequence">
                  <command name="Popup State Change" isChecked="True" descrition="">
                    <param name="AniInterpolation" value="0" varType="3" description=""/>
                    <param name="AniDuration" value="200" varType="3" description=""/>
                    <param name="AniAutoReverse" value="False" varType="11" description=""/>
                    <param name="AniLoop" value="False" varType="11" description=""/>
                    <param name="AniInterpolationTypeOut" value="False" varType="11" description=""/>
                    <param name="Delay" value="0" varType="3" description=""/>
                    <param name="Value" value="2" varType="3" description=""/>
                    <param name="AniType" value="0" varType="3" description=""/>
                  </command>
                </target>
              </behaviour>
            </event>
          </events>
        </entry>
      </interactiveData>
      <icon>
        <ID/>
        <iconFontName>jdFontAwesome</iconFontName>
        <iconCode>61948</iconCode>
      </icon>
      <URL>E86C54C882D78F9C0D69762891BF2E52.svg</URL>
    </control>
    <control controlID="9D3C18E2-F1E6-4467-A9BA-71A2506C60F4" controlTypeID="PopupPanel" x="686" y="586" w="46" h="46" zOrder="22">
      <groupChildrenDescriptors>
        <control controlID="F055EF04-DD5E-4B50-98CF-611E93EBF2DC" controlTypeID="Panel" x="0" y="0" w="1536" h="864" zOrder="0">
          <locked>True</locked>
          <color>1879048192</color>
          <borderVisible>False</borderVisible>
          <canMove>False</canMove>
          <alias>background</alias>
          <groupChildrenDescriptors>
            <control controlID="812201E8-7386-47A4-907C-42A026B30AC0" controlTypeID="Border" x="0" y="0" w="1536" h="864" zOrder="0">
              <borderVisible>False</borderVisible>
              <alias>borderLayer</alias>
            </control>
          </groupChildrenDescriptors>
          <thinkness>1</thinkness>
        </control>
        <control controlID="A58C3D93-95E9-4D57-B429-E4F869070291" controlTypeID="PopupPanelContent" x="396" y="248" w="720" h="312" zOrder="1">
          <color>16777215</color>
          <alias>content</alias>
          <groupChildrenDescriptors>
            <control controlID="A4892C4B-BC8C-4150-9970-EF378EFD3D95" controlTypeID="TextArea" x="0" y="0" w="720" h="312" zOrder="0">
              <color>4284900966</color>
              <borderColor>4286578432</borderColor>
              <borderVisible>True</borderVisible>
              <ShadowBlur>0</ShadowBlur>
              <font family="Bradley+Hand+ITC" displayName="Bradley+Hand+ITC_%26_Bold" postScript="" weightStyle="Bold" weight="700" isBold="True" isItalic="False" useDefaultFontFamily="False"/>
              <text>Uspe%C5%A1no+ste+se+prijavili!</text>
              <textColor>4286578432</textColor>
              <textSize>55</textSize>
              <textAlign>HaCenter</textAlign>
              <textVAlign>VaMiddle</textVAlign>
              <textStyles>[fsBold]</textStyles>
              <useDefaultTextSize>False</useDefaultTextSize>
              <selectedIndex>-1</selectedIndex>
            </control>
          </groupChildrenDescriptors>
        </control>
      </groupChildrenDescriptors>
    </control>
  </controls>
  <param>
    <backgroundColor>4284900966</backgroundColor>
    <fontSize>14</fontSize>
    <fontFamily>Segoe+UI</fontFamily>
    <guideLines/>
  </param>
</mockup>