﻿<mockup version="5.3" minAllowVersion="5.3" ID="0F18B6CE-10F8-478F-9479-FE0C6A014CCD" platform="MtWeb" defaultW="1536" defaultH="864" measureW="1536" measureH="864" mobileScreenScale="0">
  <controls controlCount="21">
    <control controlID="730CFCAC-DFC9-42DB-A9F6-331CF4205A1B" controlTypeID="Image" x="0" y="0" w="1536" h="864" zOrder="0">
      <ShadowBlur>0</ShadowBlur>
      <URL>9353A407A077278C67C7F23C935D216B.png</URL>
    </control>
    <control controlID="AEBA8BD5-2957-4290-9CEC-E31AFFC3CB25" controlTypeID="HRule" x="0" y="84" w="1536" h="12" zOrder="1">
      <color>4281545523</color>
      <ShadowBlur>0</ShadowBlur>
    </control>
    <control controlID="0A6BCDED-A63F-417A-B13D-58F3C4E2FA57" controlTypeID="CompositeComboBox" x="717" y="24" w="200" h="32" zOrder="2">
      <borderColor>4286578432</borderColor>
      <ShadowBlur>0</ShadowBlur>
      <groupChildrenDescriptors>
        <control controlID="5E0FD708-6189-4C61-A9A2-4E395F2C2A01" controlTypeID="TextInput" x="0" y="0" w="177" h="32" zOrder="0">
          <locked>True</locked>
          <borderColor>4286578432</borderColor>
          <canMove>False</canMove>
          <alias>input</alias>
          <ShadowBlur>0</ShadowBlur>
          <font family="Segoe+UI" displayName="Segoe+UI" postScript="" weightStyle="Regular" weight="400" isBold="False" isItalic="False" useDefaultFontFamily="False"/>
          <text>Stil</text>
          <lineSpacing>0</lineSpacing>
          <selectedIndex>-1</selectedIndex>
        </control>
        <control controlID="B370E309-8D19-414A-93B1-8664EE34C48C" controlTypeID="Button" x="176" y="0" w="24" h="32" zOrder="1">
          <locked>True</locked>
          <borderColor>4286578432</borderColor>
          <canMove>False</canMove>
          <alias>button</alias>
          <ShadowBlur>0</ShadowBlur>
          <font family="Segoe+UI" displayName="Segoe+UI" postScript="" weightStyle="Regular" weight="400" isBold="False" isItalic="False"/>
          <lineSpacing>0</lineSpacing>
          <selectedIndex>-1</selectedIndex>
          <radius>0</radius>
        </control>
        <control controlID="A6DED660-56DB-4217-8A85-BDEBB90137ED" controlTypeID="List" x="0" y="32" w="200" h="138" zOrder="2">
          <isShow>False</isShow>
          <borderColor>4286578432</borderColor>
          <canMove>False</canMove>
          <alias>dropDown</alias>
          <ShadowBlur>0</ShadowBlur>
          <font family="Segoe+UI" displayName="Segoe+UI" postScript="" weightStyle="Regular" weight="400" isBold="False" isItalic="False" useDefaultFontFamily="False"/>
          <text>Stil%0D%0AKlasicizam%0D%0AKubizam%0D%0ABarok</text>
          <textSize>14</textSize>
          <lineSpacing>0</lineSpacing>
          <itemHeight>32</itemHeight>
          <interlaceColor>4294967295</interlaceColor>
        </control>
      </groupChildrenDescriptors>
      <canInput>True</canInput>
      <baseHeight>32</baseHeight>
      <font family="Segoe+UI"/>
      <textSize>14</textSize>
    </control>
    <control controlID="33D92FAA-AB6C-49F9-A651-02215E8F067C" controlTypeID="Button" x="985" y="24" w="100" h="32" zOrder="3">
      <color>4281545523</color>
      <ShadowBlur>0</ShadowBlur>
      <font family="Bradley+Hand+ITC" displayName="Bradley+Hand+ITC_%26_Bold" postScript="" weightStyle="Bold" weight="700" isBold="True" isItalic="False" useDefaultFontFamily="False"/>
      <text>Pretra%C5%BEi</text>
      <textColor>4286578432</textColor>
      <textSize>24</textSize>
      <lineSpacing>0</lineSpacing>
      <textStyles>[fsBold]</textStyles>
      <useDefaultTextSize>False</useDefaultTextSize>
      <selectedIndex>-1</selectedIndex>
      <radius>100</radius>
      <radiusIsPercent>True</radiusIsPercent>
    </control>
    <control controlID="5F7209E6-4D69-44C1-88B2-D40DDFBAD674" controlTypeID="TextInput" x="70" y="24" w="250" h="32" zOrder="4">
      <ShadowBlur>0</ShadowBlur>
      <font family="Bradley+Hand+ITC" displayName="Bradley+Hand+ITC" postScript="" weightStyle="Regular" weight="400" isBold="False" isItalic="False" useDefaultFontFamily="False"/>
      <textSize>20</textSize>
      <lineSpacing>0</lineSpacing>
      <useDefaultTextSize>False</useDefaultTextSize>
      <selectedIndex>-1</selectedIndex>
      <placeHolder>Slikar</placeHolder>
      <radius>16</radius>
    </control>
    <control controlID="AC2CD895-ED45-4E9F-B2F0-EAC80A3C287A" controlTypeID="TextInput" x="393" y="24" w="250" h="32" zOrder="5">
      <ShadowBlur>0</ShadowBlur>
      <font family="Bradley+Hand+ITC" displayName="Bradley+Hand+ITC" postScript="" weightStyle="Regular" weight="400" isBold="False" isItalic="False" useDefaultFontFamily="False"/>
      <textSize>20</textSize>
      <lineSpacing>0</lineSpacing>
      <useDefaultTextSize>False</useDefaultTextSize>
      <selectedIndex>-1</selectedIndex>
      <placeHolder>Tematika</placeHolder>
      <radius>16</radius>
    </control>
    <control controlID="ABBEB628-203E-4DAF-BA0F-02BAD5383840" controlTypeID="Icon" x="1352" y="10" w="64" h="64" zOrder="6">
      <color>4281545523</color>
      <ShadowBlur>0</ShadowBlur>
      <links eventType="AtClick" animate="AmNone" animateAutoDelay="0" animateDuration="500">
        <link targetPageID="7374C221-D31D-4E70-A88F-4EB2D9B74ECA" linkType="ltPageLink" isApplyIncludePage="False" title="Registracija">
          <area shape="0" alt="" ID="{C05237BA-8B52-4BFC-8C00-AC38322B031F}" coords="(0,0,64,64)"/>
        </link>
      </links>
      <icon>
        <ID/>
        <iconFontName>jdIcoFont</iconFontName>
        <iconCode>59230</iconCode>
      </icon>
      <URL>1D76A1953ACB7053D75125F70C5D5E2C.svg</URL>
    </control>
    <control controlID="AB9022E1-DB41-455A-A75E-65FC5FF6C003" controlTypeID="Image" x="1381" y="760" w="135" h="84" zOrder="7">
      <ShadowBlur>0</ShadowBlur>
      <URL>553C79B8BB334A24B76BC57838CE7B5A.png</URL>
    </control>
    <control controlID="F0581926-4B6D-4C5D-98DE-726F1DB6EABB" controlTypeID="Icon" x="1462" y="10" w="64" h="64" zOrder="8">
      <color>4281545523</color>
      <ShadowBlur>0</ShadowBlur>
      <icon>
        <ID/>
        <iconFontName>jdIonicons</iconFontName>
        <iconCode>62590</iconCode>
      </icon>
      <URL>5C55E17C830A8188121F30E4B3398557.svg</URL>
    </control>
    <control controlID="94FD0011-119D-436D-9E40-BFD5D04C2B97" controlTypeID="Label" x="96" y="125" w="664" h="125" zOrder="9">
      <color>16777215</color>
      <ShadowBlur>0</ShadowBlur>
      <font family="Bradley+Hand+ITC" displayName="Bradley+Hand+ITC_%26_Bold" postScript="" weightStyle="Bold" weight="700" isBold="True" isItalic="False" useDefaultFontFamily="False"/>
      <text>Popularne+slike</text>
      <textSize>100</textSize>
      <lineSpacing>0</lineSpacing>
      <textStyles>[fsBold]</textStyles>
      <useDefaultTextSize>False</useDefaultTextSize>
      <selectedIndex>-1</selectedIndex>
    </control>
    <control controlID="23F2FDC9-F9B1-4668-9E97-207C85229A69" controlTypeID="Master" x="424" y="232" w="555" h="474" zOrder="10" masterID="B53E9835-860C-4CCF-9D98-AEBED0F9C96D">
      <ShadowBlur>0</ShadowBlur>
      <links eventType="AtClick" animate="AmNone" animateAutoDelay="0" animateDuration="500">
        <link targetPageID="7374C221-D31D-4E70-A88F-4EB2D9B74ECA" linkType="ltPageLink" isApplyIncludePage="False" title="Registracija">
          <area shape="0" alt="" ID="{5F0CC029-69C2-4D44-89CC-C711EC13CF6A}" coords="(0,0,555,474)"/>
        </link>
      </links>
      <groupChildrenDescriptors>
        <control controlID="F7149B05-E503-4FC4-A009-02AE62AE06BF" controlTypeID="ImageCarousel" x="0" y="0" w="555" h="474" zOrder="0">
          <color>4286578432</color>
          <links eventType="AtClick" animate="AmNone" animateAutoDelay="0" animateDuration="500">
            <link targetPageID="7374C221-D31D-4E70-A88F-4EB2D9B74ECA" linkType="ltPageLink" isApplyIncludePage="False" title="Registracija">
              <area shape="0" alt="" ID="{32D66CAF-5645-4B67-B974-80B87ABCC364}" coords="(0,0,555,474)"/>
            </link>
          </links>
          <groupChildrenDescriptors>
            <control controlID="7D371414-D89A-4C39-BB67-773F41274BF4" controlTypeID="ImageBackground" x="0" y="0" w="555" h="474" zOrder="0">
              <caption>The+Arab+Tent</caption>
              <groupChildrenDescriptors/>
              <URL>0D9D39D1FD335FDF2A2F70F4EDCBBE60.png</URL>
            </control>
            <control controlID="43FA0A96-CDEA-40E2-A1B8-6F5D5BB00193" controlTypeID="ImageBackground" x="0" y="0" w="555" h="474" zOrder="1">
              <caption>6EC4CC9C-B27A-4704-808D-B972524B9C41</caption>
              <groupChildrenDescriptors/>
              <URL>40D2FCDA2CF03E8CCA8FB50D17C35B93.png</URL>
            </control>
            <control controlID="31993114-23B9-42F2-8A20-6AF04C327B64" controlTypeID="ImageBackground" x="0" y="0" w="555" h="474" zOrder="2">
              <caption>2483BAA8-BD08-4ED0-B5F4-8C447874B1FA</caption>
              <color>4278190080</color>
              <groupChildrenDescriptors/>
              <URL>838F59539FF7A8648C1AD3D45024B70A.png</URL>
            </control>
            <control controlID="C1B3C6DF-D264-484A-8F0D-EFCBBA1A1772" controlTypeID="ImageBackground" x="0" y="0" w="555" h="474" zOrder="3">
              <caption>1FE0AF4E-8B33-4E18-B38F-924C376771DF</caption>
              <color>4286578432</color>
              <links eventType="AtClick" animate="AmNone" animateAutoDelay="0" animateDuration="500">
                <link targetPageID="7374C221-D31D-4E70-A88F-4EB2D9B74ECA" linkType="ltPageLink" isApplyIncludePage="False" title="Link">
                  <area shape="0" alt="" ID="{0696F796-335D-43D9-A461-F58712351326}" coords="(0,0,555,474)"/>
                </link>
              </links>
              <groupChildrenDescriptors/>
              <URL>3E5E761AFD2BBD032F60C781EC2271B3.png</URL>
            </control>
          </groupChildrenDescriptors>
          <selectedIndex>3</selectedIndex>
          <aniType>spaSlide</aniType>
          <playInterval>2000</playInterval>
          <indicatorColor>4286578432</indicatorColor>
        </control>
      </groupChildrenDescriptors>
    </control>
    <control controlID="F8B4BC5D-FBE7-4558-97F1-6672E7160DD7" controlTypeID="Button" x="1058" y="125" w="191" h="69" zOrder="11">
      <color>4281545523</color>
      <ShadowBlur>0</ShadowBlur>
      <links eventType="AtClick" animate="AmNone" animateAutoDelay="0" animateDuration="500">
        <link targetPageID="7374C221-D31D-4E70-A88F-4EB2D9B74ECA" linkType="ltPageLink" isApplyIncludePage="False" title="Registracija">
          <area shape="0" alt="" ID="{32F69753-92CA-4EB6-80BD-43222F75388C}" coords="(0,0,191,69)"/>
        </link>
      </links>
      <font family="Bradley+Hand+ITC" displayName="Bradley+Hand+ITC_%26_Bold" postScript="" weightStyle="Bold" weight="700" isBold="True" isItalic="False" useDefaultFontFamily="False"/>
      <text>Registruj+se</text>
      <textColor>4286578432</textColor>
      <textSize>30</textSize>
      <lineSpacing>0</lineSpacing>
      <textStyles>[fsBold]</textStyles>
      <useDefaultTextSize>False</useDefaultTextSize>
      <selectedIndex>-1</selectedIndex>
      <radius>100</radius>
      <radiusIsPercent>True</radiusIsPercent>
    </control>
    <control controlID="E4038FE9-37AB-4FBB-90E0-125410D9EBC5" controlTypeID="Button" x="1288" y="125" w="191" h="69" zOrder="12">
      <color>4281545523</color>
      <ShadowBlur>0</ShadowBlur>
      <links eventType="AtClick" animate="AmNone" animateAutoDelay="0" animateDuration="500">
        <link targetPageID="4D766848-4742-4628-9C28-2877A7559DB6" linkType="ltPageLink" isApplyIncludePage="False" title="Log+In">
          <area shape="0" alt="" ID="{32F69753-92CA-4EB6-80BD-43222F75388C}" coords="(0,0,191,69)"/>
        </link>
      </links>
      <font family="Bradley+Hand+ITC" displayName="Bradley+Hand+ITC_%26_Bold" postScript="" weightStyle="Bold" weight="700" isBold="True" isItalic="False" useDefaultFontFamily="False"/>
      <text>Log+In</text>
      <textColor>4286578432</textColor>
      <textSize>30</textSize>
      <lineSpacing>0</lineSpacing>
      <textStyles>[fsBold]</textStyles>
      <useDefaultTextSize>False</useDefaultTextSize>
      <selectedIndex>-1</selectedIndex>
      <radius>100</radius>
      <radiusIsPercent>True</radiusIsPercent>
    </control>
  </controls>
  <param>
    <backgroundColor>4284900966</backgroundColor>
    <fontSize>14</fontSize>
    <fontFamily>Segoe+UI</fontFamily>
    <guideLines/>
  </param>
</mockup>