﻿<mockup version="5.3" minAllowVersion="5.3" ID="15301655-9FCB-43D5-8B2A-80BFC96E7301" platform="MtWeb" defaultW="1536" defaultH="864" measureW="1536" measureH="864" mobileScreenScale="0">
  <controls controlCount="36">
    <control controlID="C350995C-1EB7-4A49-B965-095CC5821A83" controlTypeID="Image" x="0" y="0" w="1536" h="220" zOrder="0">
      <ShadowBlur>0</ShadowBlur>
      <URL>9353A407A077278C67C7F23C935D216B.png</URL>
    </control>
    <control controlID="7BEDBB50-2A5B-4971-BF9E-D87038888110" controlTypeID="Tab" x="1" y="90" w="1535" h="774" zOrder="1">
      <color>4288256409</color>
      <borderColor>4286578432</borderColor>
      <borderVisible>False</borderVisible>
      <ShadowBlur>0</ShadowBlur>
      <links eventType="AtClick" animate="AmNone" animateAutoDelay="0" animateDuration="500">
        <link targetPageID="9324D3C7-EEA1-4C91-86FD-E72B7186E621" linkType="ltPageLink" isApplyIncludePage="False" title="Popularno">
          <area shape="0" alt="" ID="{ADFDA6B0-D0D9-49ED-B0A3-A4A79B3FDCCD}" coords="(618,0,768,50)"/>
        </link>
        <link targetPageID="" linkType="ltPageLink" isApplyIncludePage="False" title="+Pra%C4%87enja">
          <area shape="0" alt="" ID="{0DA29B21-C461-4E7F-BC42-00019CE0A41B}" coords="(767,0,917,50)"/>
        </link>
      </links>
      <font family="Bradley+Hand+ITC" displayName="Bradley+Hand+ITC_%26_Bold" postScript="" weightStyle="Bold" weight="700" isBold="True" isItalic="False" useDefaultFontFamily="False"/>
      <text>Popularno%2C+Pra%C4%87enja</text>
      <textSize>24</textSize>
      <lineSpacing>0</lineSpacing>
      <textStyles>[fsBold]</textStyles>
      <useDefaultTextSize>False</useDefaultTextSize>
      <selectedColor>4288256409</selectedColor>
      <tabPosition>HaCenter</tabPosition>
      <tabColor>4286578432</tabColor>
      <tabEdge>32</tabEdge>
      <tabHeight>50</tabHeight>
      <tabWidth>150</tabWidth>
    </control>
    <control controlID="581AD89D-8179-4AFA-AD81-BADBA673DAC5" controlTypeID="HRule" x="0" y="84" w="1536" h="12" zOrder="2">
      <color>4281545523</color>
      <ShadowBlur>0</ShadowBlur>
    </control>
    <control controlID="5DD313C5-46E5-4DEA-9AD3-60797F3625E3" controlTypeID="CompositeComboBox" x="717" y="24" w="200" h="32" zOrder="3">
      <borderColor>4286578432</borderColor>
      <ShadowBlur>0</ShadowBlur>
      <groupChildrenDescriptors>
        <control controlID="C8043B41-0548-4BC6-877D-24657FD7B59A" controlTypeID="TextInput" x="0" y="0" w="177" h="32" zOrder="0">
          <locked>True</locked>
          <borderColor>4286578432</borderColor>
          <canMove>False</canMove>
          <alias>input</alias>
          <ShadowBlur>0</ShadowBlur>
          <font family="Bradley+Hand+ITC" displayName="Bradley+Hand+ITC" postScript="" weightStyle="Regular" weight="400" isBold="False" isItalic="False" useDefaultFontFamily="False"/>
          <text>Stil</text>
          <textSize>30</textSize>
          <lineSpacing>0</lineSpacing>
          <selectedIndex>-1</selectedIndex>
        </control>
        <control controlID="041D5ACA-A253-45D8-83EC-7FD90581D079" controlTypeID="Button" x="176" y="0" w="24" h="32" zOrder="1">
          <locked>True</locked>
          <borderColor>4286578432</borderColor>
          <canMove>False</canMove>
          <alias>button</alias>
          <ShadowBlur>0</ShadowBlur>
          <font family="Bradley+Hand+ITC" displayName="Bradley+Hand+ITC" postScript="" weightStyle="Regular" weight="400" isBold="False" isItalic="False"/>
          <textSize>30</textSize>
          <lineSpacing>0</lineSpacing>
          <selectedIndex>-1</selectedIndex>
          <radius>0</radius>
        </control>
        <control controlID="9BBA291C-F7CA-4EB6-A433-EA691F1D3090" controlTypeID="List" x="0" y="32" w="200" h="154" zOrder="2">
          <isShow>False</isShow>
          <borderColor>4286578432</borderColor>
          <canMove>False</canMove>
          <alias>dropDown</alias>
          <ShadowBlur>0</ShadowBlur>
          <font family="Bradley+Hand+ITC" displayName="Bradley+Hand+ITC" postScript="" weightStyle="Regular" weight="400" isBold="False" isItalic="False" useDefaultFontFamily="False"/>
          <text>Stil%0D%0AKlasicizam%0D%0AKubizam%0D%0ABarok</text>
          <textSize>30</textSize>
          <lineSpacing>0</lineSpacing>
          <itemHeight>38</itemHeight>
          <interlaceColor>4294967295</interlaceColor>
        </control>
      </groupChildrenDescriptors>
      <canInput>True</canInput>
      <baseHeight>32</baseHeight>
      <font family="Bradley+Hand+ITC"/>
      <textSize>30</textSize>
    </control>
    <control controlID="3C37966D-CA90-4BFD-9FD2-E1434F0E90AA" controlTypeID="Button" x="985" y="24" w="100" h="32" zOrder="4">
      <color>4281545523</color>
      <ShadowBlur>0</ShadowBlur>
      <font family="Bradley+Hand+ITC" displayName="Bradley+Hand+ITC_%26_Bold" postScript="" weightStyle="Bold" weight="700" isBold="True" isItalic="False" useDefaultFontFamily="False"/>
      <text>Pretra%C5%BEi</text>
      <textColor>4286578432</textColor>
      <textSize>24</textSize>
      <lineSpacing>0</lineSpacing>
      <textStyles>[fsBold]</textStyles>
      <useDefaultTextSize>False</useDefaultTextSize>
      <selectedIndex>-1</selectedIndex>
      <radius>100</radius>
      <radiusIsPercent>True</radiusIsPercent>
    </control>
    <control controlID="04C29B00-C742-4E55-82D4-405A855E788E" controlTypeID="TextInput" x="70" y="24" w="250" h="32" zOrder="5">
      <ShadowBlur>0</ShadowBlur>
      <font family="Bradley+Hand+ITC" displayName="Bradley+Hand+ITC" postScript="" weightStyle="Regular" weight="400" isBold="False" isItalic="False" useDefaultFontFamily="False"/>
      <textSize>20</textSize>
      <lineSpacing>0</lineSpacing>
      <useDefaultTextSize>False</useDefaultTextSize>
      <selectedIndex>-1</selectedIndex>
      <placeHolder>Slikar</placeHolder>
      <radius>16</radius>
    </control>
    <control controlID="E193264A-C9EE-4350-8B64-5F44F36961FC" controlTypeID="TextInput" x="393" y="24" w="250" h="32" zOrder="6">
      <ShadowBlur>0</ShadowBlur>
      <font family="Bradley+Hand+ITC" displayName="Bradley+Hand+ITC" postScript="" weightStyle="Regular" weight="400" isBold="False" isItalic="False" useDefaultFontFamily="False"/>
      <textSize>20</textSize>
      <lineSpacing>0</lineSpacing>
      <useDefaultTextSize>False</useDefaultTextSize>
      <selectedIndex>-1</selectedIndex>
      <placeHolder>Tematika</placeHolder>
      <radius>16</radius>
    </control>
    <control controlID="FA3D268C-C639-4F38-A9B9-E746876D4258" controlTypeID="Icon" x="1352" y="10" w="64" h="64" zOrder="7">
      <color>4281545523</color>
      <ShadowBlur>0</ShadowBlur>
      <links eventType="AtClick" animate="AmNone" animateAutoDelay="0" animateDuration="500">
        <link targetPageID="A8D85D53-56A9-41E5-AF5C-15DAF5E050EC" linkType="ltPageLink" isApplyIncludePage="False" title="Korpa">
          <area shape="0" alt="" ID="{02D50709-2552-4CF1-8B45-912983D2A5FD}" coords="(0,0,64,64)"/>
        </link>
      </links>
      <icon>
        <ID/>
        <iconFontName>jdIcoFont</iconFontName>
        <iconCode>59230</iconCode>
      </icon>
      <URL>1D76A1953ACB7053D75125F70C5D5E2C.svg</URL>
    </control>
    <control controlID="8A5D89BF-9815-4B0D-8D60-91FECBC0909B" controlTypeID="ColorPicker" x="1452" y="10" w="64" h="64" zOrder="8">
      <color>4281545523</color>
      <ShadowBlur>0</ShadowBlur>
    </control>
    <control controlID="C03E4152-DF23-4D15-8E4A-C5B44C64DF94" controlTypeID="Image" x="1460" y="14" w="48" h="55" zOrder="9">
      <ShadowBlur>0</ShadowBlur>
      <links eventType="AtClick" animate="AmNone" animateAutoDelay="0" animateDuration="500">
        <link targetPageID="94C2C370-F2BB-4CD2-8734-AEC9E0486530" linkType="ltPageLink" isApplyIncludePage="False" title="Informacije+o+nalogu">
          <area shape="0" alt="" ID="{F6332E4E-7AB4-4625-BDE1-52A3DE34BC26}" coords="(0,0,48,55)"/>
        </link>
      </links>
      <URL>82F81C14AEE290F8A65EB9D1267CFB47.jpg</URL>
    </control>
    <control controlID="31C7FFCD-B8D9-4A34-90A9-81BED2566C3F" controlTypeID="Image" x="0" y="142" w="1536" h="722" zOrder="10">
      <ShadowBlur>0</ShadowBlur>
      <URL>9353A407A077278C67C7F23C935D216B.png</URL>
    </control>
    <control controlID="9087A749-C070-473D-964C-DF99DBD55140" controlTypeID="Label" x="20" y="170" w="178" h="40" zOrder="11">
      <color>16777215</color>
      <ShadowBlur>0</ShadowBlur>
      <font family="Bradley+Hand+ITC" displayName="Bradley+Hand+ITC_%26_Bold" postScript="" weightStyle="Bold" weight="700" isBold="True" isItalic="False" useDefaultFontFamily="False"/>
      <text>%23underwater</text>
      <textSize>32</textSize>
      <lineSpacing>0</lineSpacing>
      <textStyles>[fsBold]</textStyles>
      <useDefaultTextSize>False</useDefaultTextSize>
      <selectedIndex>-1</selectedIndex>
    </control>
    <control controlID="4A3B2EAF-F6CE-4B24-948A-89916E7EEAA7" controlTypeID="Button" x="1284" y="759" w="170" h="60" zOrder="12">
      <color>4284900966</color>
      <borderColor>4282598211</borderColor>
      <ShadowBlur>0</ShadowBlur>
      <interactiveData>
        <entry title="">
          <area shape="0" alt="" ID="{73DA810D-B66D-410B-9603-535DCEF43C2E}" coords="(0,0,170,60)"/>
          <events title="">
            <event eventType="atClick" isChecked="True">
              <behaviour title="" isChecked="True" isWait="False" isLoop="False" execMode="emParallel">
                <target targetID="A42D5E7F-5548-4A46-ABA3-606773D6CE12" isChecked="True" isAutoRecovery="False" isLoop="False" execMode="emSequence">
                  <command name="Popup State Change" isChecked="True" descrition="">
                    <param name="AniInterpolation" value="0" varType="3" description=""/>
                    <param name="AniDuration" value="200" varType="3" description=""/>
                    <param name="AniAutoReverse" value="False" varType="11" description=""/>
                    <param name="AniLoop" value="False" varType="11" description=""/>
                    <param name="AniInterpolationTypeOut" value="False" varType="11" description=""/>
                    <param name="Delay" value="0" varType="3" description=""/>
                    <param name="Value" value="2" varType="3" description=""/>
                    <param name="AniType" value="0" varType="3" description=""/>
                  </command>
                </target>
              </behaviour>
            </event>
          </events>
        </entry>
      </interactiveData>
      <font family="Bradley+Hand+ITC" displayName="Bradley+Hand+ITC_%26_Bold" postScript="" weightStyle="Bold" weight="700" isBold="True" isItalic="False" useDefaultFontFamily="False"/>
      <text>Slede%C4%87a</text>
      <textColor>4286578432</textColor>
      <textSize>32</textSize>
      <lineSpacing>0</lineSpacing>
      <textStyles>[fsBold]</textStyles>
      <useDefaultTextSize>False</useDefaultTextSize>
      <selectedIndex>-1</selectedIndex>
      <radius>16</radius>
    </control>
    <control controlID="C2CA4F30-61F0-46C7-9038-257A2557118C" controlTypeID="Image" x="20" y="542" w="48" h="55" zOrder="13">
      <ShadowBlur>0</ShadowBlur>
      <links eventType="AtClick" animate="AmNone" animateAutoDelay="0" animateDuration="500">
        <link targetPageID="280DD481-5310-4F7F-A5B6-8EF6322471FA" linkType="ltPageLink" isApplyIncludePage="False" title="Informacije+o+nalogu_slikar+drazen">
          <area shape="0" alt="" ID="{0D8A0EB2-44B5-41A2-B9D4-6A08FD6CF377}" coords="(0,0,48,55)"/>
        </link>
      </links>
      <clipShapeType>SbEllipse</clipShapeType>
      <URL>848195E271EF5E5ABCE0B97ACCFF830F.jpg</URL>
    </control>
    <control controlID="97BBF54D-ECC8-4C7E-992F-18B343BB3887" controlTypeID="Label" x="478" y="165" w="141" h="40" zOrder="14">
      <font family="Bradley+Hand+ITC" displayName="Bradley+Hand+ITC_%26_Bold" postScript="" weightStyle="Bold" weight="700" isBold="True" isItalic="False"/>
      <text>%23%C5%BEivotinje</text>
      <textSize>32</textSize>
      <lineSpacing>0</lineSpacing>
      <textStyles>[fsBold]</textStyles>
      <useDefaultTextSize>False</useDefaultTextSize>
      <selectedIndex>-1</selectedIndex>
    </control>
    <control controlID="283F5920-F26E-4597-9559-454F95ECA152" controlTypeID="ImageCarousel" x="537" y="220" w="351" h="310" zOrder="15">
      <groupChildrenDescriptors>
        <control controlID="08C405E8-87BA-4AAE-AAF5-4FD2F35287C4" controlTypeID="ImageBackground" x="0" y="0" w="351" h="310" zOrder="0">
          <caption>Alexander+and+Diogenes</caption>
          <groupChildrenDescriptors/>
          <URL>C60DDFBA67A314BB5833314FBACE3F4C.png</URL>
        </control>
        <control controlID="8D604DC7-CDFA-4D54-97E2-A9B9E34E8F22" controlTypeID="ImageBackground" x="0" y="0" w="351" h="310" zOrder="1">
          <caption>Doubtful+Crumbs</caption>
          <groupChildrenDescriptors/>
          <URL>838F59539FF7A8648C1AD3D45024B70A.png</URL>
        </control>
        <control controlID="F851B465-9941-4432-ABE4-6D3FA42978D7" controlTypeID="ImageBackground" x="0" y="0" w="351" h="310" zOrder="2">
          <caption>Monarch+of+the+Glen</caption>
          <groupChildrenDescriptors/>
          <URL>F713F7F9372171F0466AF50A4574BEFC.png</URL>
        </control>
        <control controlID="4DDF5F35-1C41-4D06-80DD-90703E1053CB" controlTypeID="ImageBackground" x="0" y="0" w="351" h="310" zOrder="3">
          <caption>The+Arab+Tent</caption>
          <groupChildrenDescriptors/>
          <URL>0D9D39D1FD335FDF2A2F70F4EDCBBE60.png</URL>
        </control>
      </groupChildrenDescriptors>
      <selectedIndex>1</selectedIndex>
      <aniType>spaSlide</aniType>
      <playInterval>2000</playInterval>
      <fitMode>fmStretchFit</fitMode>
    </control>
    <control controlID="E0D6CF33-6065-4237-8D30-58C07CA861B0" controlTypeID="ImageCarousel" x="92" y="572" w="310" h="264" zOrder="16">
      <groupChildrenDescriptors>
        <control controlID="D6992A19-A27C-4500-B755-C27E470F3F67" controlTypeID="ImageBackground" x="0" y="0" w="310" h="264" zOrder="0">
          <caption>Flatford+Mill+(%E2%80%98Scene+on+a+Navigable+River%E2%80%99)</caption>
          <groupChildrenDescriptors/>
          <URL>77A6EB34518B058A77476B05DEF7C88C.png</URL>
        </control>
        <control controlID="98BA1B25-9D8C-4462-A961-D0EA5B5951BE" controlTypeID="ImageBackground" x="0" y="0" w="310" h="264" zOrder="1">
          <caption>Salisbury+Cathedral+from+the+Meadows</caption>
          <groupChildrenDescriptors/>
          <URL>A04CFC559053CF798999D51D4818BD4A.png</URL>
        </control>
        <control controlID="92486B94-CF4C-4122-9A3D-08519901C3D2" controlTypeID="ImageBackground" x="0" y="0" w="310" h="264" zOrder="2">
          <caption>Sketch+for+%E2%80%98Hadleigh+Castle%E2%80%99</caption>
          <groupChildrenDescriptors/>
          <URL>0C02700502FFA4C4EA40E9B365203412.png</URL>
        </control>
        <control controlID="174950C6-9818-4699-A80E-355431127CC9" controlTypeID="ImageBackground" x="0" y="0" w="310" h="264" zOrder="3">
          <caption>The+Opening+of+Waterloo+Bridge</caption>
          <groupChildrenDescriptors/>
          <URL>70B82C182DFAC16968B460D822F41704.png</URL>
        </control>
      </groupChildrenDescriptors>
      <selectedIndex>3</selectedIndex>
      <aniType>spaSlide</aniType>
      <playInterval>2000</playInterval>
    </control>
    <control controlID="183AADF4-B005-453A-BF06-CDEC22608A03" controlTypeID="ImageCarousel" x="96" y="220" w="306" h="310" zOrder="17">
      <groupChildrenDescriptors>
        <control controlID="0C220F90-2746-4090-A066-9BE4359B0ED7" controlTypeID="ImageBackground" x="0" y="0" w="306" h="310" zOrder="0">
          <caption>Underwater+tranquility</caption>
          <groupChildrenDescriptors/>
          <URL>3E5E761AFD2BBD032F60C781EC2271B3.png</URL>
        </control>
        <control controlID="79164280-A8C6-4E3E-9A23-2AD0FE893F61" controlTypeID="ImageBackground" x="0" y="0" w="306" h="310" zOrder="1">
          <caption>underwater-painting.-gerry-miles.jellyfish</caption>
          <groupChildrenDescriptors/>
          <URL>3983F2B5E391A71F34F34D9DCC0B5983.png</URL>
        </control>
      </groupChildrenDescriptors>
      <aniType>spaSlide</aniType>
      <playInterval>2000</playInterval>
      <fitMode>fmStretchFit</fitMode>
    </control>
    <control controlID="A42D5E7F-5548-4A46-ABA3-606773D6CE12" controlTypeID="PopupPanel" x="1294" y="669" w="46" h="46" zOrder="18">
      <ShadowBlur>0</ShadowBlur>
      <groupChildrenDescriptors>
        <control controlID="49F9E495-42D6-40A2-A207-28062BDE7E6A" controlTypeID="Panel" x="0" y="0" w="1536" h="864" zOrder="0">
          <locked>True</locked>
          <color>1879048192</color>
          <borderVisible>False</borderVisible>
          <canMove>False</canMove>
          <alias>background</alias>
          <ShadowBlur>0</ShadowBlur>
          <groupChildrenDescriptors>
            <control controlID="3D861E30-6452-4675-AC8D-0BC40115753A" controlTypeID="Border" x="0" y="0" w="1536" h="864" zOrder="0">
              <borderVisible>False</borderVisible>
              <alias>borderLayer</alias>
              <ShadowBlur>0</ShadowBlur>
            </control>
          </groupChildrenDescriptors>
          <thinkness>1</thinkness>
        </control>
        <control controlID="D4A9802B-FA40-44A7-B35C-196AA025FEC9" controlTypeID="PopupPanelContent" x="448" y="366" w="640" h="194" zOrder="1">
          <color>16777215</color>
          <alias>content</alias>
          <ShadowBlur>0</ShadowBlur>
          <groupChildrenDescriptors>
            <control controlID="B6F4F499-8B07-401A-AA24-BEB44141C199" controlTypeID="TextArea" x="0" y="0" w="640" h="194" zOrder="0">
              <color>4284900966</color>
              <borderColor>4286578432</borderColor>
              <borderVisible>True</borderVisible>
              <ShadowBlur>0</ShadowBlur>
              <font family="Bradley+Hand+ITC" displayName="Bradley+Hand+ITC_%26_Bold" postScript="" weightStyle="Bold" weight="700" isBold="True" isItalic="False" useDefaultFontFamily="False"/>
              <text>Pogledajte+stranicu+popularno+za+vi%C5%A1e+sadr%C5%BEaja</text>
              <textColor>4286578432</textColor>
              <textSize>55</textSize>
              <textAlign>HaCenter</textAlign>
              <textVAlign>VaMiddle</textVAlign>
              <textStyles>[fsBold]</textStyles>
              <useDefaultTextSize>False</useDefaultTextSize>
              <selectedIndex>-1</selectedIndex>
            </control>
          </groupChildrenDescriptors>
        </control>
      </groupChildrenDescriptors>
      <closeByClickMode>cmClickAllArea</closeByClickMode>
      <isShowBackground>True</isShowBackground>
      <positionPolicy>ppScreenFix</positionPolicy>
    </control>
  </controls>
  <param>
    <backgroundColor>4284900966</backgroundColor>
    <fontSize>30</fontSize>
    <fontFamily>Bradley+Hand+ITC</fontFamily>
    <guideLines/>
  </param>
</mockup>