﻿<mockup version="5.3" minAllowVersion="5.3" ID="19C9D51A-5640-42A9-80BB-821A37B392A3" platform="MtWeb" defaultW="1536" defaultH="864" measureW="1536" measureH="864" mobileScreenScale="0">
  <controls controlCount="90">
    <control controlID="771BB95E-ADF4-4D30-9BE8-A034D25AA964" controlTypeID="Image" x="0" y="0" w="1536" h="864" zOrder="0">
      <ShadowBlur>0</ShadowBlur>
      <URL>9353A407A077278C67C7F23C935D216B.png</URL>
    </control>
    <control controlID="10481CD2-AF64-455E-88F6-3A351126C368" controlTypeID="HRule" x="0" y="84" w="1536" h="12" zOrder="1">
      <color>4281545523</color>
      <ShadowBlur>0</ShadowBlur>
    </control>
    <control controlID="4EECBABB-280E-4FA8-BC2B-1C354A2443B6" controlTypeID="CompositeComboBox" x="717" y="24" w="200" h="32" zOrder="2">
      <borderColor>4286578432</borderColor>
      <ShadowBlur>0</ShadowBlur>
      <groupChildrenDescriptors>
        <control controlID="145DD8C8-DD6D-4E21-BA66-68E99A3A05D3" controlTypeID="TextInput" x="0" y="0" w="177" h="32" zOrder="0">
          <locked>True</locked>
          <borderColor>4286578432</borderColor>
          <canMove>False</canMove>
          <alias>input</alias>
          <ShadowBlur>0</ShadowBlur>
          <font family="Segoe+UI" displayName="Segoe+UI" postScript="" weightStyle="Regular" weight="400" isBold="False" isItalic="False" useDefaultFontFamily="False"/>
          <text>Stil</text>
          <lineSpacing>0</lineSpacing>
          <selectedIndex>-1</selectedIndex>
        </control>
        <control controlID="AA498DB8-D40A-4AC5-AC25-F1D6201A7923" controlTypeID="Button" x="176" y="0" w="24" h="32" zOrder="1">
          <locked>True</locked>
          <borderColor>4286578432</borderColor>
          <canMove>False</canMove>
          <alias>button</alias>
          <ShadowBlur>0</ShadowBlur>
          <font family="Segoe+UI" displayName="Segoe+UI" postScript="" weightStyle="Regular" weight="400" isBold="False" isItalic="False"/>
          <lineSpacing>0</lineSpacing>
          <selectedIndex>-1</selectedIndex>
          <radius>0</radius>
        </control>
        <control controlID="452BCCDC-14DA-43C9-A2A2-FBA4020A859B" controlTypeID="List" x="0" y="32" w="200" h="138" zOrder="2">
          <isShow>False</isShow>
          <borderColor>4286578432</borderColor>
          <canMove>False</canMove>
          <alias>dropDown</alias>
          <ShadowBlur>0</ShadowBlur>
          <font family="Segoe+UI" displayName="Segoe+UI" postScript="" weightStyle="Regular" weight="400" isBold="False" isItalic="False" useDefaultFontFamily="False"/>
          <text>Stil%0D%0AKlasicizam%0D%0AKubizam%0D%0ABarok</text>
          <textSize>14</textSize>
          <lineSpacing>0</lineSpacing>
          <itemHeight>32</itemHeight>
          <interlaceColor>4294967295</interlaceColor>
        </control>
      </groupChildrenDescriptors>
      <canInput>True</canInput>
      <baseHeight>32</baseHeight>
      <font family="Segoe+UI"/>
      <textSize>14</textSize>
    </control>
    <control controlID="A5BBE96F-E030-491E-A38E-3B43D45F2689" controlTypeID="Button" x="985" y="24" w="100" h="32" zOrder="3">
      <color>4281545523</color>
      <ShadowBlur>0</ShadowBlur>
      <font family="Bradley+Hand+ITC" displayName="Bradley+Hand+ITC_%26_Bold" postScript="" weightStyle="Bold" weight="700" isBold="True" isItalic="False" useDefaultFontFamily="False"/>
      <text>Pretra%C5%BEi</text>
      <textColor>4286578432</textColor>
      <textSize>24</textSize>
      <lineSpacing>0</lineSpacing>
      <textStyles>[fsBold]</textStyles>
      <useDefaultTextSize>False</useDefaultTextSize>
      <selectedIndex>-1</selectedIndex>
      <radius>100</radius>
      <radiusIsPercent>True</radiusIsPercent>
    </control>
    <control controlID="07C77E19-CE05-4A02-9E34-2748B5CC88C2" controlTypeID="TextInput" x="70" y="24" w="250" h="32" zOrder="4">
      <ShadowBlur>0</ShadowBlur>
      <font family="Bradley+Hand+ITC" displayName="Bradley+Hand+ITC" postScript="" weightStyle="Regular" weight="400" isBold="False" isItalic="False" useDefaultFontFamily="False"/>
      <textSize>20</textSize>
      <lineSpacing>0</lineSpacing>
      <useDefaultTextSize>False</useDefaultTextSize>
      <selectedIndex>-1</selectedIndex>
      <placeHolder>Slikar</placeHolder>
      <radius>16</radius>
    </control>
    <control controlID="BAB112EF-ED7E-4183-BAE3-3E672F0C7DAE" controlTypeID="TextInput" x="393" y="24" w="250" h="32" zOrder="5">
      <ShadowBlur>0</ShadowBlur>
      <font family="Bradley+Hand+ITC" displayName="Bradley+Hand+ITC" postScript="" weightStyle="Regular" weight="400" isBold="False" isItalic="False" useDefaultFontFamily="False"/>
      <textSize>20</textSize>
      <lineSpacing>0</lineSpacing>
      <useDefaultTextSize>False</useDefaultTextSize>
      <selectedIndex>-1</selectedIndex>
      <placeHolder>Tematika</placeHolder>
      <radius>16</radius>
    </control>
    <control controlID="C19AB99F-617A-4C6E-A58A-3B9732D781DA" controlTypeID="Icon" x="1352" y="10" w="64" h="64" zOrder="6">
      <color>4281545523</color>
      <ShadowBlur>0</ShadowBlur>
      <icon>
        <ID/>
        <iconFontName>jdIcoFont</iconFontName>
        <iconCode>59230</iconCode>
      </icon>
      <URL>1D76A1953ACB7053D75125F70C5D5E2C.svg</URL>
    </control>
    <control controlID="D8E41D79-0354-42DA-BBE8-3CA8A4230514" controlTypeID="ColorPicker" x="1452" y="10" w="64" h="64" zOrder="7">
      <color>4281545523</color>
      <ShadowBlur>0</ShadowBlur>
    </control>
    <control controlID="EE64624A-66D3-4267-BE6E-FE272381A15B" controlTypeID="Image" x="1460" y="14" w="48" h="55" zOrder="8">
      <ShadowBlur>0</ShadowBlur>
      <links eventType="AtClick" animate="AmNone" animateAutoDelay="0" animateDuration="500">
        <link targetPageID="94C2C370-F2BB-4CD2-8734-AEC9E0486530" linkType="ltPageLink" isApplyIncludePage="False" title="Informacije+o+nalogu">
          <area shape="0" alt="" ID="{2E8650F9-8BF0-4DA4-964F-0C2BE31C09B4}" coords="(0,0,48,55)"/>
        </link>
      </links>
      <URL>82F81C14AEE290F8A65EB9D1267CFB47.jpg</URL>
    </control>
    <control controlID="D5D5A825-25F2-404F-B944-7FEC9AE32579" controlTypeID="ScrollView" x="0" y="90" w="1536" h="774" zOrder="9">
      <color>4284900966</color>
      <borderVisible>False</borderVisible>
      <ShadowBlur>0</ShadowBlur>
      <groupChildrenDescriptors>
        <control controlID="400F15B0-2F6B-4287-BEC8-560678BBAF65" controlTypeID="ScrollViewContentPanel" x="0" y="0" w="1545" h="1688" zOrder="0">
          <alias>contentPanel</alias>
          <ShadowBlur>0</ShadowBlur>
          <groupChildrenDescriptors>
            <control controlID="8BA51A5D-334E-4EE6-968C-DC564D07B114" controlTypeID="Image" x="0" y="0" w="1536" h="642" zOrder="0">
              <ShadowBlur>0</ShadowBlur>
              <URL>489F8047B004BACECC10853B5B71484C.png</URL>
            </control>
            <control controlID="2BB73953-221D-41FA-8C13-3A5A329FEBFD" controlTypeID="Icon" x="460" y="67" w="68" h="68" zOrder="1">
              <color>4294940979</color>
              <ShadowBlur>0</ShadowBlur>
              <icon>
                <ID/>
                <iconFontName>jdIonicons</iconFontName>
                <iconCode>62643</iconCode>
              </icon>
              <URL>BFD60F8F19E479B83E76CD385540E2FB.svg</URL>
            </control>
            <control controlID="13B789E1-382A-40B6-A5EE-E6157D492159" controlTypeID="Icon" x="694" y="67" w="68" h="68" zOrder="2">
              <color>4294940979</color>
              <ShadowBlur>0</ShadowBlur>
              <icon>
                <ID/>
                <iconFontName>jdIonicons</iconFontName>
                <iconCode>62643</iconCode>
              </icon>
              <URL>BFD60F8F19E479B83E76CD385540E2FB.svg</URL>
            </control>
            <control controlID="8FDF45F9-6656-4EA9-94CD-FE31D4FF94D2" controlTypeID="Icon" x="616" y="67" w="68" h="68" zOrder="3">
              <color>4294940979</color>
              <ShadowBlur>0</ShadowBlur>
              <icon>
                <ID/>
                <iconFontName>jdIonicons</iconFontName>
                <iconCode>62643</iconCode>
              </icon>
              <URL>BFD60F8F19E479B83E76CD385540E2FB.svg</URL>
            </control>
            <control controlID="C4A3286A-935B-4748-824D-8E02F79D18DC" controlTypeID="Icon" x="538" y="67" w="68" h="68" zOrder="4">
              <color>4294940979</color>
              <ShadowBlur>0</ShadowBlur>
              <icon>
                <ID/>
                <iconFontName>jdIonicons</iconFontName>
                <iconCode>62643</iconCode>
              </icon>
              <URL>BFD60F8F19E479B83E76CD385540E2FB.svg</URL>
            </control>
            <control controlID="BADB1D7A-3912-4FFB-A661-C651047074A0" controlTypeID="Icon" x="772" y="67" w="68" h="68" zOrder="5">
              <color>4294940979</color>
              <ShadowBlur>0</ShadowBlur>
              <icon>
                <ID/>
                <iconFontName>jdIonicons</iconFontName>
                <iconCode>62643</iconCode>
              </icon>
              <URL>BFD60F8F19E479B83E76CD385540E2FB.svg</URL>
            </control>
            <control controlID="6DA5ADD7-E515-4E3B-968F-0BBC1DD3EF6B" controlTypeID="Icon" x="850" y="67" w="68" h="68" zOrder="6">
              <color>4294940979</color>
              <ShadowBlur>0</ShadowBlur>
              <icon>
                <ID/>
                <iconFontName>jdIonicons</iconFontName>
                <iconCode>62643</iconCode>
              </icon>
              <URL>BFD60F8F19E479B83E76CD385540E2FB.svg</URL>
            </control>
            <control controlID="CE0C2879-3F60-409B-978D-C4D09273707E" controlTypeID="Icon" x="1084" y="67" w="68" h="68" zOrder="7">
              <color>4294940979</color>
              <ShadowBlur>0</ShadowBlur>
              <icon>
                <ID/>
                <iconFontName>jdIonicons</iconFontName>
                <iconCode>62643</iconCode>
              </icon>
              <URL>BFD60F8F19E479B83E76CD385540E2FB.svg</URL>
            </control>
            <control controlID="BAEEB54E-A114-420B-AE68-DB844983329C" controlTypeID="Icon" x="1006" y="67" w="68" h="68" zOrder="8">
              <color>4294940979</color>
              <ShadowBlur>0</ShadowBlur>
              <icon>
                <ID/>
                <iconFontName>jdIonicons</iconFontName>
                <iconCode>62643</iconCode>
              </icon>
              <URL>BFD60F8F19E479B83E76CD385540E2FB.svg</URL>
            </control>
            <control controlID="66065B6A-2E18-4716-981A-822C93788D1A" controlTypeID="Icon" x="928" y="67" w="68" h="68" zOrder="9">
              <color>4294940979</color>
              <ShadowBlur>0</ShadowBlur>
              <icon>
                <ID/>
                <iconFontName>jdIonicons</iconFontName>
                <iconCode>62643</iconCode>
              </icon>
              <URL>BFD60F8F19E479B83E76CD385540E2FB.svg</URL>
            </control>
            <control controlID="FA2F8B49-0179-474C-AC92-A5F600E15F01" controlTypeID="Icon" x="1162" y="67" w="68" h="68" zOrder="10">
              <color>4294940979</color>
              <ShadowBlur>0</ShadowBlur>
              <icon>
                <ID/>
                <iconFontName>jdIonicons</iconFontName>
                <iconCode>62643</iconCode>
              </icon>
              <URL>BFD60F8F19E479B83E76CD385540E2FB.svg</URL>
            </control>
            <control controlID="4E9CF72B-F4FB-4E92-83D6-28761CBEB2DA" controlTypeID="ColorPicker" x="87" y="67" w="286" h="307" zOrder="11">
              <color>4286578432</color>
              <opacity>0</opacity>
              <ShadowBlur>0</ShadowBlur>
            </control>
            <control controlID="E60E7E2A-69C9-4162-A9E7-F95B0240990C" controlTypeID="Image" x="106" y="85" w="250" h="272" zOrder="12">
              <ShadowBlur>0</ShadowBlur>
              <URL>0957721A8869CD6E29BA3FCD98891987.jpeg</URL>
            </control>
            <control controlID="BA275C97-9E14-4572-A0EF-5976A54F207A" controlTypeID="Panel" x="460" y="160" w="770" h="214" zOrder="13">
              <color>4284900966</color>
              <ShadowBlur>0</ShadowBlur>
              <groupChildrenDescriptors>
                <control controlID="B8359585-33CE-46C6-AC69-AF02973C3974" controlTypeID="Label" x="10" y="92" w="93" h="38" zOrder="0">
                  <ShadowBlur>0</ShadowBlur>
                  <font family="Bradley+Hand+ITC" displayName="Bradley+Hand+ITC_%26_Bold" postScript="" weightStyle="Bold" weight="700" isBold="True" isItalic="False" useDefaultFontFamily="False"/>
                  <text>Slikar%3A</text>
                  <textColor>4286578432</textColor>
                  <textSize>30</textSize>
                  <lineSpacing>0</lineSpacing>
                  <textStyles>[fsBold]</textStyles>
                  <useDefaultTextSize>False</useDefaultTextSize>
                  <selectedIndex>-1</selectedIndex>
                </control>
                <control controlID="E8A40626-9AD3-44AD-8603-3DD643B42DA8" controlTypeID="Label" x="34" y="130" w="173" h="38" zOrder="1">
                  <ShadowBlur>0</ShadowBlur>
                  <font family="Bradley+Hand+ITC" displayName="Bradley+Hand+ITC_%26_Bold" postScript="" weightStyle="Bold" weight="700" isBold="True" isItalic="False" useDefaultFontFamily="False"/>
                  <text>Gemma+Gene</text>
                  <textColor>4286578432</textColor>
                  <textSize>30</textSize>
                  <lineSpacing>0</lineSpacing>
                  <textStyles>[fsBold]</textStyles>
                  <useDefaultTextSize>False</useDefaultTextSize>
                  <selectedIndex>-1</selectedIndex>
                </control>
                <control controlID="A80DA5ED-9D9F-4F90-8C4B-0EA2858D317F" controlTypeID="Label" x="10" y="16" w="81" h="38" zOrder="2">
                  <ShadowBlur>0</ShadowBlur>
                  <font family="Bradley+Hand+ITC" displayName="Bradley+Hand+ITC_%26_Bold" postScript="" weightStyle="Bold" weight="700" isBold="True" isItalic="False" useDefaultFontFamily="False"/>
                  <text>Slika%3A</text>
                  <textColor>4286578432</textColor>
                  <textSize>30</textSize>
                  <lineSpacing>0</lineSpacing>
                  <textStyles>[fsBold]</textStyles>
                  <useDefaultTextSize>False</useDefaultTextSize>
                  <selectedIndex>-1</selectedIndex>
                </control>
                <control controlID="346859D4-1423-4FC8-A6FB-2805566E9AE7" controlTypeID="Label" x="34" y="54" w="199" h="38" zOrder="3">
                  <ShadowBlur>0</ShadowBlur>
                  <font family="Bradley+Hand+ITC" displayName="Bradley+Hand+ITC_%26_Bold" postScript="" weightStyle="Bold" weight="700" isBold="True" isItalic="False" useDefaultFontFamily="False"/>
                  <text>Helium+ballons</text>
                  <textColor>4286578432</textColor>
                  <textSize>30</textSize>
                  <lineSpacing>0</lineSpacing>
                  <textStyles>[fsBold]</textStyles>
                  <useDefaultTextSize>False</useDefaultTextSize>
                  <selectedIndex>-1</selectedIndex>
                </control>
                <control controlID="B581F787-2216-4DB1-8DB2-5EF075623E1E" controlTypeID="Border" x="0" y="0" w="770" h="214" zOrder="4">
                  <alias>borderLayer</alias>
                  <ShadowBlur>0</ShadowBlur>
                </control>
              </groupChildrenDescriptors>
              <thinkness>1</thinkness>
            </control>
            <control controlID="039EFA30-72CB-40DC-8C7D-51D99E5D6A9A" controlTypeID="Icon" x="460" y="431" w="68" h="68" zOrder="14">
              <color>4294940979</color>
              <ShadowBlur>0</ShadowBlur>
              <icon>
                <ID/>
                <iconFontName>jdIonicons</iconFontName>
                <iconCode>62643</iconCode>
              </icon>
              <URL>BFD60F8F19E479B83E76CD385540E2FB.svg</URL>
            </control>
            <control controlID="4A08DA1C-0004-4614-AC8B-45A4589E8924" controlTypeID="Icon" x="694" y="431" w="68" h="68" zOrder="15">
              <color>4294940979</color>
              <ShadowBlur>0</ShadowBlur>
              <icon>
                <ID/>
                <iconFontName>jdIonicons</iconFontName>
                <iconCode>62643</iconCode>
              </icon>
              <URL>BFD60F8F19E479B83E76CD385540E2FB.svg</URL>
            </control>
            <control controlID="B5F46AC4-4421-4647-B30A-6BF8986C1567" controlTypeID="Icon" x="616" y="431" w="68" h="68" zOrder="16">
              <color>4294940979</color>
              <ShadowBlur>0</ShadowBlur>
              <icon>
                <ID/>
                <iconFontName>jdIonicons</iconFontName>
                <iconCode>62643</iconCode>
              </icon>
              <URL>BFD60F8F19E479B83E76CD385540E2FB.svg</URL>
            </control>
            <control controlID="02AC30BD-B1E7-439D-9D0A-73EF77303692" controlTypeID="Icon" x="538" y="431" w="68" h="68" zOrder="17">
              <color>4294940979</color>
              <ShadowBlur>0</ShadowBlur>
              <icon>
                <ID/>
                <iconFontName>jdIonicons</iconFontName>
                <iconCode>62643</iconCode>
              </icon>
              <URL>BFD60F8F19E479B83E76CD385540E2FB.svg</URL>
            </control>
            <control controlID="2A7394E8-B515-4F49-B084-1D19120E805C" controlTypeID="Icon" x="772" y="431" w="68" h="68" zOrder="18">
              <color>4294940979</color>
              <ShadowBlur>0</ShadowBlur>
              <icon>
                <ID/>
                <iconFontName>jdIonicons</iconFontName>
                <iconCode>62643</iconCode>
              </icon>
              <URL>BFD60F8F19E479B83E76CD385540E2FB.svg</URL>
            </control>
            <control controlID="B0D7E216-459E-49D2-937A-C41AB8E41CB7" controlTypeID="Icon" x="850" y="431" w="68" h="68" zOrder="19">
              <color>4294940979</color>
              <ShadowBlur>0</ShadowBlur>
              <icon>
                <ID/>
                <iconFontName>jdIonicons</iconFontName>
                <iconCode>62643</iconCode>
              </icon>
              <URL>BFD60F8F19E479B83E76CD385540E2FB.svg</URL>
            </control>
            <control controlID="C27F852C-CB2F-4B99-BE40-993A29FF48E1" controlTypeID="Icon" x="1084" y="431" w="68" h="68" zOrder="20">
              <color>4278190080</color>
              <ShadowBlur>0</ShadowBlur>
              <icon>
                <ID/>
                <iconFontName>jdIonicons</iconFontName>
                <iconCode>62643</iconCode>
              </icon>
              <URL>BFD60F8F19E479B83E76CD385540E2FB.svg</URL>
            </control>
            <control controlID="B8D91FA2-C41C-45A7-A531-3E3AD293A279" controlTypeID="Icon" x="1006" y="431" w="68" h="68" zOrder="21">
              <color>4278190080</color>
              <ShadowBlur>0</ShadowBlur>
              <icon>
                <ID/>
                <iconFontName>jdIonicons</iconFontName>
                <iconCode>62643</iconCode>
              </icon>
              <URL>BFD60F8F19E479B83E76CD385540E2FB.svg</URL>
            </control>
            <control controlID="5E94F82D-739E-44F2-8CF2-88BADF1521A9" controlTypeID="Icon" x="928" y="431" w="68" h="68" zOrder="22">
              <color>4278190080</color>
              <ShadowBlur>0</ShadowBlur>
              <icon>
                <ID/>
                <iconFontName>jdIonicons</iconFontName>
                <iconCode>62643</iconCode>
              </icon>
              <URL>BFD60F8F19E479B83E76CD385540E2FB.svg</URL>
            </control>
            <control controlID="0252DDDF-BC51-4AAD-A4BD-1C78B60F65E8" controlTypeID="Icon" x="1162" y="431" w="68" h="68" zOrder="23">
              <color>4278190080</color>
              <ShadowBlur>0</ShadowBlur>
              <icon>
                <ID/>
                <iconFontName>jdIonicons</iconFontName>
                <iconCode>62643</iconCode>
              </icon>
              <URL>BFD60F8F19E479B83E76CD385540E2FB.svg</URL>
            </control>
            <control controlID="4384FE16-D190-44F4-AF6F-B893F0411523" controlTypeID="ColorPicker" x="87" y="431" w="286" h="307" zOrder="24">
              <color>4286578432</color>
              <opacity>0</opacity>
              <ShadowBlur>0</ShadowBlur>
            </control>
            <control controlID="1967C69C-9824-482A-A01E-51A16D11923A" controlTypeID="Image" x="106" y="449" w="250" h="272" zOrder="25">
              <ShadowBlur>0</ShadowBlur>
              <URL>E46C34B11B1E4937836188E91D3FC6E5.jpg</URL>
            </control>
            <control controlID="75F1A9EF-A26A-483C-99F8-98E8613C51D4" controlTypeID="Panel" x="460" y="524" w="770" h="214" zOrder="26">
              <color>4284900966</color>
              <ShadowBlur>0</ShadowBlur>
              <groupChildrenDescriptors>
                <control controlID="96C38181-9E25-4EA7-A86E-FB466BFC2D0E" controlTypeID="Label" x="10" y="92" w="93" h="38" zOrder="0">
                  <ShadowBlur>0</ShadowBlur>
                  <font family="Bradley+Hand+ITC" displayName="Bradley+Hand+ITC_%26_Bold" postScript="" weightStyle="Bold" weight="700" isBold="True" isItalic="False" useDefaultFontFamily="False"/>
                  <text>Slikar%3A</text>
                  <textColor>4286578432</textColor>
                  <textSize>30</textSize>
                  <lineSpacing>0</lineSpacing>
                  <textStyles>[fsBold]</textStyles>
                  <useDefaultTextSize>False</useDefaultTextSize>
                  <selectedIndex>-1</selectedIndex>
                </control>
                <control controlID="649DC894-73EB-48B8-B343-7A9DBE609209" controlTypeID="Label" x="34" y="130" w="235" h="38" zOrder="1">
                  <ShadowBlur>0</ShadowBlur>
                  <font family="Bradley+Hand+ITC" displayName="Bradley+Hand+ITC_%26_Bold" postScript="" weightStyle="Bold" weight="700" isBold="True" isItalic="False" useDefaultFontFamily="False"/>
                  <text>Samantha+French</text>
                  <textColor>4286578432</textColor>
                  <textSize>30</textSize>
                  <lineSpacing>0</lineSpacing>
                  <textStyles>[fsBold]</textStyles>
                  <useDefaultTextSize>False</useDefaultTextSize>
                  <selectedIndex>-1</selectedIndex>
                </control>
                <control controlID="FB75D763-739B-41A6-A534-8EB2241EC420" controlTypeID="Label" x="10" y="16" w="81" h="38" zOrder="2">
                  <ShadowBlur>0</ShadowBlur>
                  <font family="Bradley+Hand+ITC" displayName="Bradley+Hand+ITC_%26_Bold" postScript="" weightStyle="Bold" weight="700" isBold="True" isItalic="False" useDefaultFontFamily="False"/>
                  <text>Slika%3A</text>
                  <textColor>4286578432</textColor>
                  <textSize>30</textSize>
                  <lineSpacing>0</lineSpacing>
                  <textStyles>[fsBold]</textStyles>
                  <useDefaultTextSize>False</useDefaultTextSize>
                  <selectedIndex>-1</selectedIndex>
                </control>
                <control controlID="56B32BDC-4879-4A03-A765-4DD71494B625" controlTypeID="Label" x="34" y="54" w="309" h="38" zOrder="3">
                  <ShadowBlur>0</ShadowBlur>
                  <font family="Bradley+Hand+ITC" displayName="Bradley+Hand+ITC_%26_Bold" postScript="" weightStyle="Bold" weight="700" isBold="True" isItalic="False" useDefaultFontFamily="False"/>
                  <text>Underwater+tranquility</text>
                  <textColor>4286578432</textColor>
                  <textSize>30</textSize>
                  <lineSpacing>0</lineSpacing>
                  <textStyles>[fsBold]</textStyles>
                  <useDefaultTextSize>False</useDefaultTextSize>
                  <selectedIndex>-1</selectedIndex>
                </control>
                <control controlID="6D831EBD-FE41-4164-8D6D-CD6A5C6B4502" controlTypeID="Border" x="0" y="0" w="770" h="214" zOrder="4">
                  <alias>borderLayer</alias>
                  <ShadowBlur>0</ShadowBlur>
                </control>
              </groupChildrenDescriptors>
              <thinkness>1</thinkness>
            </control>
            <control controlID="9043D91D-A174-4199-83E9-54F42A64A936" controlTypeID="Icon" x="460" y="799" w="68" h="68" zOrder="27">
              <color>4294940979</color>
              <ShadowBlur>0</ShadowBlur>
              <icon>
                <ID/>
                <iconFontName>jdIonicons</iconFontName>
                <iconCode>62643</iconCode>
              </icon>
              <URL>BFD60F8F19E479B83E76CD385540E2FB.svg</URL>
            </control>
            <control controlID="DF866AF5-10B1-4C68-BEF5-CF8526E01D4C" controlTypeID="Icon" x="694" y="799" w="68" h="68" zOrder="28">
              <color>4294940979</color>
              <ShadowBlur>0</ShadowBlur>
              <icon>
                <ID/>
                <iconFontName>jdIonicons</iconFontName>
                <iconCode>62643</iconCode>
              </icon>
              <URL>BFD60F8F19E479B83E76CD385540E2FB.svg</URL>
            </control>
            <control controlID="167B4448-624C-4BA6-8559-CD980943CA6F" controlTypeID="Icon" x="616" y="799" w="68" h="68" zOrder="29">
              <color>4294940979</color>
              <ShadowBlur>0</ShadowBlur>
              <icon>
                <ID/>
                <iconFontName>jdIonicons</iconFontName>
                <iconCode>62643</iconCode>
              </icon>
              <URL>BFD60F8F19E479B83E76CD385540E2FB.svg</URL>
            </control>
            <control controlID="8669E81C-6A68-43BB-A775-526AFF8E1E89" controlTypeID="Icon" x="538" y="799" w="68" h="68" zOrder="30">
              <color>4294940979</color>
              <ShadowBlur>0</ShadowBlur>
              <icon>
                <ID/>
                <iconFontName>jdIonicons</iconFontName>
                <iconCode>62643</iconCode>
              </icon>
              <URL>BFD60F8F19E479B83E76CD385540E2FB.svg</URL>
            </control>
            <control controlID="ED40B891-F35D-4A6A-AA44-D18B73860DBE" controlTypeID="Icon" x="772" y="799" w="68" h="68" zOrder="31">
              <color>4294940979</color>
              <ShadowBlur>0</ShadowBlur>
              <icon>
                <ID/>
                <iconFontName>jdIonicons</iconFontName>
                <iconCode>62643</iconCode>
              </icon>
              <URL>BFD60F8F19E479B83E76CD385540E2FB.svg</URL>
            </control>
            <control controlID="1BE9024D-E1AA-4EA9-B577-02FECCF19094" controlTypeID="Icon" x="850" y="799" w="68" h="68" zOrder="32">
              <color>4294940979</color>
              <ShadowBlur>0</ShadowBlur>
              <icon>
                <ID/>
                <iconFontName>jdIonicons</iconFontName>
                <iconCode>62643</iconCode>
              </icon>
              <URL>BFD60F8F19E479B83E76CD385540E2FB.svg</URL>
            </control>
            <control controlID="30865726-2B7D-4804-BC4B-683C72C744FF" controlTypeID="Icon" x="1084" y="799" w="68" h="68" zOrder="33">
              <color>4294940979</color>
              <ShadowBlur>0</ShadowBlur>
              <icon>
                <ID/>
                <iconFontName>jdIonicons</iconFontName>
                <iconCode>62643</iconCode>
              </icon>
              <URL>BFD60F8F19E479B83E76CD385540E2FB.svg</URL>
            </control>
            <control controlID="59596CA7-3D01-46FB-A012-52B457E71E03" controlTypeID="Icon" x="1006" y="799" w="68" h="68" zOrder="34">
              <color>4294940979</color>
              <ShadowBlur>0</ShadowBlur>
              <icon>
                <ID/>
                <iconFontName>jdIonicons</iconFontName>
                <iconCode>62643</iconCode>
              </icon>
              <URL>BFD60F8F19E479B83E76CD385540E2FB.svg</URL>
            </control>
            <control controlID="71E4570F-96CC-4617-BBDF-4CC0622C1C16" controlTypeID="Icon" x="928" y="799" w="68" h="68" zOrder="35">
              <color>4294940979</color>
              <ShadowBlur>0</ShadowBlur>
              <icon>
                <ID/>
                <iconFontName>jdIonicons</iconFontName>
                <iconCode>62643</iconCode>
              </icon>
              <URL>BFD60F8F19E479B83E76CD385540E2FB.svg</URL>
            </control>
            <control controlID="3D81157A-29E0-4A02-B378-1C5BE2CB2EE3" controlTypeID="Icon" x="1162" y="799" w="68" h="68" zOrder="36">
              <color>4278190080</color>
              <ShadowBlur>0</ShadowBlur>
              <icon>
                <ID/>
                <iconFontName>jdIonicons</iconFontName>
                <iconCode>62643</iconCode>
              </icon>
              <URL>BFD60F8F19E479B83E76CD385540E2FB.svg</URL>
            </control>
            <control controlID="96543C27-2D5E-4C3A-9239-52DF8A470E7D" controlTypeID="ColorPicker" x="87" y="799" w="286" h="307" zOrder="37">
              <color>4286578432</color>
              <opacity>0</opacity>
              <ShadowBlur>0</ShadowBlur>
            </control>
            <control controlID="1FE2BC96-F3DE-4751-98D5-D09E3F6ACC1C" controlTypeID="Image" x="105" y="816" w="250" h="272" zOrder="38">
              <ShadowBlur>0</ShadowBlur>
              <URL>BD69E9C1CECF8DF8A2348D45E5135B16.jpg</URL>
            </control>
            <control controlID="8C181965-2472-45A6-B722-4C33902B3862" controlTypeID="Panel" x="460" y="892" w="770" h="214" zOrder="39">
              <color>4284900966</color>
              <ShadowBlur>0</ShadowBlur>
              <groupChildrenDescriptors>
                <control controlID="DAAF696C-981D-43C0-8AAA-F37D77A0A2E4" controlTypeID="Label" x="10" y="92" w="93" h="38" zOrder="0">
                  <ShadowBlur>0</ShadowBlur>
                  <font family="Bradley+Hand+ITC" displayName="Bradley+Hand+ITC_%26_Bold" postScript="" weightStyle="Bold" weight="700" isBold="True" isItalic="False" useDefaultFontFamily="False"/>
                  <text>Slikar%3A</text>
                  <textColor>4286578432</textColor>
                  <textSize>30</textSize>
                  <lineSpacing>0</lineSpacing>
                  <textStyles>[fsBold]</textStyles>
                  <useDefaultTextSize>False</useDefaultTextSize>
                  <selectedIndex>-1</selectedIndex>
                </control>
                <control controlID="03838523-1E5C-4333-BC23-3F02E8B3F416" controlTypeID="Label" x="34" y="130" w="235" h="38" zOrder="1">
                  <ShadowBlur>0</ShadowBlur>
                  <font family="Bradley+Hand+ITC" displayName="Bradley+Hand+ITC_%26_Bold" postScript="" weightStyle="Bold" weight="700" isBold="True" isItalic="False" useDefaultFontFamily="False"/>
                  <text>Samantha+French</text>
                  <textColor>4286578432</textColor>
                  <textSize>30</textSize>
                  <lineSpacing>0</lineSpacing>
                  <textStyles>[fsBold]</textStyles>
                  <useDefaultTextSize>False</useDefaultTextSize>
                  <selectedIndex>-1</selectedIndex>
                </control>
                <control controlID="DB6813A6-8018-4A63-914F-BCB3633533A0" controlTypeID="Label" x="10" y="16" w="81" h="38" zOrder="2">
                  <ShadowBlur>0</ShadowBlur>
                  <font family="Bradley+Hand+ITC" displayName="Bradley+Hand+ITC_%26_Bold" postScript="" weightStyle="Bold" weight="700" isBold="True" isItalic="False" useDefaultFontFamily="False"/>
                  <text>Slika%3A</text>
                  <textColor>4286578432</textColor>
                  <textSize>30</textSize>
                  <lineSpacing>0</lineSpacing>
                  <textStyles>[fsBold]</textStyles>
                  <useDefaultTextSize>False</useDefaultTextSize>
                  <selectedIndex>-1</selectedIndex>
                </control>
                <control controlID="DA64E729-664C-413F-B0AB-18265987B7D1" controlTypeID="Label" x="34" y="54" w="191" h="38" zOrder="3">
                  <ShadowBlur>0</ShadowBlur>
                  <font family="Bradley+Hand+ITC" displayName="Bradley+Hand+ITC_%26_Bold" postScript="" weightStyle="Bold" weight="700" isBold="True" isItalic="False" useDefaultFontFamily="False"/>
                  <text>Mountain+deer</text>
                  <textColor>4286578432</textColor>
                  <textSize>30</textSize>
                  <lineSpacing>0</lineSpacing>
                  <textStyles>[fsBold]</textStyles>
                  <useDefaultTextSize>False</useDefaultTextSize>
                  <selectedIndex>-1</selectedIndex>
                </control>
                <control controlID="9BF09CBA-7660-4E70-90BB-7C8A235ADF50" controlTypeID="Border" x="0" y="0" w="770" h="214" zOrder="4">
                  <alias>borderLayer</alias>
                  <ShadowBlur>0</ShadowBlur>
                </control>
              </groupChildrenDescriptors>
              <thinkness>1</thinkness>
            </control>
            <control controlID="ACFD0910-B740-42DC-8571-9DA32B3B8D02" controlTypeID="Icon" x="460" y="1167" w="68" h="68" zOrder="40">
              <color>4294940979</color>
              <ShadowBlur>0</ShadowBlur>
              <icon>
                <ID/>
                <iconFontName>jdIonicons</iconFontName>
                <iconCode>62643</iconCode>
              </icon>
              <URL>BFD60F8F19E479B83E76CD385540E2FB.svg</URL>
            </control>
            <control controlID="A020ACD1-3D1F-495A-9C21-30F29C7650BA" controlTypeID="Icon" x="694" y="1167" w="68" h="68" zOrder="41">
              <color>4278190080</color>
              <ShadowBlur>0</ShadowBlur>
              <icon>
                <ID/>
                <iconFontName>jdIonicons</iconFontName>
                <iconCode>62643</iconCode>
              </icon>
              <URL>BFD60F8F19E479B83E76CD385540E2FB.svg</URL>
            </control>
            <control controlID="2F171978-9431-4A06-8002-6950AB43CA42" controlTypeID="Icon" x="616" y="1167" w="68" h="68" zOrder="42">
              <color>4294940979</color>
              <ShadowBlur>0</ShadowBlur>
              <icon>
                <ID/>
                <iconFontName>jdIonicons</iconFontName>
                <iconCode>62643</iconCode>
              </icon>
              <URL>BFD60F8F19E479B83E76CD385540E2FB.svg</URL>
            </control>
            <control controlID="9472BCA0-0540-4D50-8C41-F6DEA8BD3C95" controlTypeID="Icon" x="538" y="1167" w="68" h="68" zOrder="43">
              <color>4294940979</color>
              <ShadowBlur>0</ShadowBlur>
              <icon>
                <ID/>
                <iconFontName>jdIonicons</iconFontName>
                <iconCode>62643</iconCode>
              </icon>
              <URL>BFD60F8F19E479B83E76CD385540E2FB.svg</URL>
            </control>
            <control controlID="FF2EA8C9-A8A4-4783-892A-A9097D9DCEDE" controlTypeID="Icon" x="772" y="1167" w="68" h="68" zOrder="44">
              <color>4278190080</color>
              <ShadowBlur>0</ShadowBlur>
              <icon>
                <ID/>
                <iconFontName>jdIonicons</iconFontName>
                <iconCode>62643</iconCode>
              </icon>
              <URL>BFD60F8F19E479B83E76CD385540E2FB.svg</URL>
            </control>
            <control controlID="CDE055C6-9623-4C26-A527-2854F3C2B1DF" controlTypeID="Icon" x="850" y="1167" w="68" h="68" zOrder="45">
              <color>4278190080</color>
              <ShadowBlur>0</ShadowBlur>
              <icon>
                <ID/>
                <iconFontName>jdIonicons</iconFontName>
                <iconCode>62643</iconCode>
              </icon>
              <URL>BFD60F8F19E479B83E76CD385540E2FB.svg</URL>
            </control>
            <control controlID="319B27FC-62CB-4FDF-9834-FC6986B08EF8" controlTypeID="Icon" x="1084" y="1167" w="68" h="68" zOrder="46">
              <color>4278190080</color>
              <ShadowBlur>0</ShadowBlur>
              <icon>
                <ID/>
                <iconFontName>jdIonicons</iconFontName>
                <iconCode>62643</iconCode>
              </icon>
              <URL>BFD60F8F19E479B83E76CD385540E2FB.svg</URL>
            </control>
            <control controlID="071B519B-12EB-427C-A481-E8F20D1DC6E4" controlTypeID="Icon" x="1006" y="1167" w="68" h="68" zOrder="47">
              <color>4278190080</color>
              <ShadowBlur>0</ShadowBlur>
              <icon>
                <ID/>
                <iconFontName>jdIonicons</iconFontName>
                <iconCode>62643</iconCode>
              </icon>
              <URL>BFD60F8F19E479B83E76CD385540E2FB.svg</URL>
            </control>
            <control controlID="3D85EB01-3F1D-4098-8871-33C8626E94ED" controlTypeID="Icon" x="928" y="1167" w="68" h="68" zOrder="48">
              <color>4278190080</color>
              <ShadowBlur>0</ShadowBlur>
              <icon>
                <ID/>
                <iconFontName>jdIonicons</iconFontName>
                <iconCode>62643</iconCode>
              </icon>
              <URL>BFD60F8F19E479B83E76CD385540E2FB.svg</URL>
            </control>
            <control controlID="A3308E51-94A5-49A1-8E1C-B2D73789C4AA" controlTypeID="Icon" x="1162" y="1167" w="68" h="68" zOrder="49">
              <color>4278190080</color>
              <ShadowBlur>0</ShadowBlur>
              <icon>
                <ID/>
                <iconFontName>jdIonicons</iconFontName>
                <iconCode>62643</iconCode>
              </icon>
              <URL>BFD60F8F19E479B83E76CD385540E2FB.svg</URL>
            </control>
            <control controlID="07AE388F-D0AC-4057-9FF9-A05BEAF0F31C" controlTypeID="ColorPicker" x="87" y="1167" w="286" h="307" zOrder="50">
              <color>4286578432</color>
              <opacity>0</opacity>
              <ShadowBlur>0</ShadowBlur>
            </control>
            <control controlID="8CBFBD91-C58B-4682-A2EA-C7AF607290B5" controlTypeID="Image" x="108" y="1185" w="250" h="272" zOrder="51">
              <ShadowBlur>0</ShadowBlur>
              <URL>D94F7D0CEEA16DC7AC508C7CD6E330BA.jpg</URL>
            </control>
            <control controlID="8CE42EEB-8910-4674-B2F1-DE8BF40CF516" controlTypeID="Panel" x="460" y="1260" w="770" h="214" zOrder="52">
              <color>4284900966</color>
              <ShadowBlur>0</ShadowBlur>
              <groupChildrenDescriptors>
                <control controlID="637AF994-DBCD-440A-B6B7-0D0373A7830F" controlTypeID="Label" x="10" y="92" w="93" h="38" zOrder="0">
                  <ShadowBlur>0</ShadowBlur>
                  <font family="Bradley+Hand+ITC" displayName="Bradley+Hand+ITC_%26_Bold" postScript="" weightStyle="Bold" weight="700" isBold="True" isItalic="False" useDefaultFontFamily="False"/>
                  <text>Slikar%3A</text>
                  <textColor>4286578432</textColor>
                  <textSize>30</textSize>
                  <lineSpacing>0</lineSpacing>
                  <textStyles>[fsBold]</textStyles>
                  <useDefaultTextSize>False</useDefaultTextSize>
                  <selectedIndex>-1</selectedIndex>
                </control>
                <control controlID="74DBCE0F-8F32-466D-8834-E5B1D944A41F" controlTypeID="Label" x="34" y="130" w="235" h="38" zOrder="1">
                  <ShadowBlur>0</ShadowBlur>
                  <font family="Bradley+Hand+ITC" displayName="Bradley+Hand+ITC_%26_Bold" postScript="" weightStyle="Bold" weight="700" isBold="True" isItalic="False" useDefaultFontFamily="False"/>
                  <text>Samantha+French</text>
                  <textColor>4286578432</textColor>
                  <textSize>30</textSize>
                  <lineSpacing>0</lineSpacing>
                  <textStyles>[fsBold]</textStyles>
                  <useDefaultTextSize>False</useDefaultTextSize>
                  <selectedIndex>-1</selectedIndex>
                </control>
                <control controlID="1064B611-F2E5-4936-9240-5C7B36ADD75A" controlTypeID="Label" x="10" y="16" w="81" h="38" zOrder="2">
                  <ShadowBlur>0</ShadowBlur>
                  <font family="Bradley+Hand+ITC" displayName="Bradley+Hand+ITC_%26_Bold" postScript="" weightStyle="Bold" weight="700" isBold="True" isItalic="False" useDefaultFontFamily="False"/>
                  <text>Slika%3A</text>
                  <textColor>4286578432</textColor>
                  <textSize>30</textSize>
                  <lineSpacing>0</lineSpacing>
                  <textStyles>[fsBold]</textStyles>
                  <useDefaultTextSize>False</useDefaultTextSize>
                  <selectedIndex>-1</selectedIndex>
                </control>
                <control controlID="E8033195-E229-48A0-B457-EC127D4AA502" controlTypeID="Label" x="34" y="54" w="156" h="38" zOrder="3">
                  <ShadowBlur>0</ShadowBlur>
                  <font family="Bradley+Hand+ITC" displayName="Bradley+Hand+ITC_%26_Bold" postScript="" weightStyle="Bold" weight="700" isBold="True" isItalic="False" useDefaultFontFamily="False"/>
                  <text>Sleepy+dogs</text>
                  <textColor>4286578432</textColor>
                  <textSize>30</textSize>
                  <lineSpacing>0</lineSpacing>
                  <textStyles>[fsBold]</textStyles>
                  <useDefaultTextSize>False</useDefaultTextSize>
                  <selectedIndex>-1</selectedIndex>
                </control>
                <control controlID="00BD1F6E-878F-4E6A-8446-8C9AC8BA68FA" controlTypeID="Border" x="0" y="0" w="770" h="214" zOrder="4">
                  <alias>borderLayer</alias>
                  <ShadowBlur>0</ShadowBlur>
                </control>
              </groupChildrenDescriptors>
              <thinkness>1</thinkness>
            </control>
            <control controlID="0713E4BC-9F78-4661-848C-F24A5F11E465" controlTypeID="Button" x="1162" y="1500" w="168" h="60" zOrder="53">
              <color>4281545523</color>
              <ShadowBlur>0</ShadowBlur>
              <font family="Bradley+Hand+ITC" displayName="Bradley+Hand+ITC_%26_Bold" postScript="" weightStyle="Bold" weight="700" isBold="True" isItalic="False" useDefaultFontFamily="False"/>
              <text>Zavr%C5%A1i</text>
              <textColor>4286578432</textColor>
              <textSize>28</textSize>
              <lineSpacing>0</lineSpacing>
              <textStyles>[fsBold]</textStyles>
              <useDefaultTextSize>False</useDefaultTextSize>
              <selectedIndex>-1</selectedIndex>
              <radius>100</radius>
              <radiusIsPercent>True</radiusIsPercent>
            </control>
          </groupChildrenDescriptors>
        </control>
        <control controlID="7CDE0F06-3C9A-424F-8FF3-AD8CD8BE258C" controlTypeID="Border" x="0" y="0" w="1536" h="774" zOrder="1">
          <color>4284900966</color>
          <borderColor>4278190080</borderColor>
          <borderVisible>False</borderVisible>
          <alias>borderLayer</alias>
          <ShadowBlur>0</ShadowBlur>
        </control>
      </groupChildrenDescriptors>
      <canHoriScroll>True</canHoriScroll>
    </control>
    <control controlID="00D814BE-BF13-42D1-B682-0D87C7295E76" controlTypeID="Image" x="1381" y="760" w="135" h="84" zOrder="10">
      <ShadowBlur>0</ShadowBlur>
      <URL>553C79B8BB334A24B76BC57838CE7B5A.png</URL>
    </control>
  </controls>
  <param>
    <backgroundColor>4284900966</backgroundColor>
    <fontSize>14</fontSize>
    <fontFamily>Segoe+UI</fontFamily>
    <guideLines/>
  </param>
</mockup>