﻿<mockup version="5.3" minAllowVersion="5.3" ID="1B41DC48-38A2-4626-A854-FE0A03B24E2F" platform="MtWeb" defaultW="1536" defaultH="864" measureW="1536" measureH="864" mobileScreenScale="0">
  <controls controlCount="15">
    <control controlID="9A44AE11-2A1B-4642-88CF-DC3FBABC19C5" controlTypeID="Image" x="0" y="0" w="1536" h="220" zOrder="0">
      <ShadowBlur>0</ShadowBlur>
      <URL>9353A407A077278C67C7F23C935D216B.png</URL>
    </control>
    <control controlID="67F90EC2-F59D-4842-8C07-A40F6C4B89F2" controlTypeID="Tab" x="1" y="90" w="1535" h="774" zOrder="1">
      <color>4288256409</color>
      <borderColor>4286578432</borderColor>
      <borderVisible>False</borderVisible>
      <ShadowBlur>0</ShadowBlur>
      <links eventType="AtClick" animate="AmNone" animateAutoDelay="0" animateDuration="500">
        <link targetPageID="" linkType="ltPageLink" isApplyIncludePage="False" title="Popularno">
          <area shape="0" alt="" ID="{ADFDA6B0-D0D9-49ED-B0A3-A4A79B3FDCCD}" coords="(618,0,768,50)"/>
        </link>
        <link targetPageID="1B41DC48-38A2-4626-A854-FE0A03B24E2F" linkType="ltPageLink" isApplyIncludePage="False" title="+Pra%C4%87enja">
          <area shape="0" alt="" ID="{0DA29B21-C461-4E7F-BC42-00019CE0A41B}" coords="(767,0,917,50)"/>
        </link>
      </links>
      <font family="Bradley+Hand+ITC" displayName="Bradley+Hand+ITC_%26_Bold" postScript="" weightStyle="Bold" weight="700" isBold="True" isItalic="False" useDefaultFontFamily="False"/>
      <text>Popularno%2C+Pra%C4%87enja</text>
      <textSize>24</textSize>
      <lineSpacing>0</lineSpacing>
      <textStyles>[fsBold]</textStyles>
      <useDefaultTextSize>False</useDefaultTextSize>
      <selectedColor>4288256409</selectedColor>
      <tabPosition>HaCenter</tabPosition>
      <tabColor>4286578432</tabColor>
      <tabEdge>32</tabEdge>
      <tabHeight>50</tabHeight>
      <tabWidth>150</tabWidth>
    </control>
    <control controlID="5FAF4D0F-7105-46FA-97AE-953B6161810C" controlTypeID="HRule" x="0" y="84" w="1536" h="12" zOrder="2">
      <color>4281545523</color>
      <ShadowBlur>0</ShadowBlur>
    </control>
    <control controlID="1215B700-493F-4AF0-853C-9EA055619401" controlTypeID="CompositeComboBox" x="717" y="24" w="200" h="32" zOrder="3">
      <borderColor>4286578432</borderColor>
      <ShadowBlur>0</ShadowBlur>
      <groupChildrenDescriptors>
        <control controlID="BCABEBA8-BA90-45C8-B4C3-F62A582D6BAE" controlTypeID="TextInput" x="0" y="0" w="177" h="32" zOrder="0">
          <locked>True</locked>
          <borderColor>4286578432</borderColor>
          <canMove>False</canMove>
          <alias>input</alias>
          <ShadowBlur>0</ShadowBlur>
          <font family="Bradley+Hand+ITC" displayName="Bradley+Hand+ITC" postScript="" weightStyle="Regular" weight="400" isBold="False" isItalic="False" useDefaultFontFamily="False"/>
          <text>Stil</text>
          <textSize>30</textSize>
          <lineSpacing>0</lineSpacing>
          <selectedIndex>-1</selectedIndex>
        </control>
        <control controlID="3CDF422C-F8D7-4F47-9208-F92589964B5C" controlTypeID="Button" x="176" y="0" w="24" h="32" zOrder="1">
          <locked>True</locked>
          <borderColor>4286578432</borderColor>
          <canMove>False</canMove>
          <alias>button</alias>
          <ShadowBlur>0</ShadowBlur>
          <font family="Bradley+Hand+ITC" displayName="Bradley+Hand+ITC" postScript="" weightStyle="Regular" weight="400" isBold="False" isItalic="False"/>
          <textSize>30</textSize>
          <lineSpacing>0</lineSpacing>
          <selectedIndex>-1</selectedIndex>
          <radius>0</radius>
        </control>
        <control controlID="1BFCA58A-F693-4090-82DF-C1DCBE5F4BA6" controlTypeID="List" x="0" y="32" w="200" h="154" zOrder="2">
          <isShow>False</isShow>
          <borderColor>4286578432</borderColor>
          <canMove>False</canMove>
          <alias>dropDown</alias>
          <ShadowBlur>0</ShadowBlur>
          <font family="Bradley+Hand+ITC" displayName="Bradley+Hand+ITC" postScript="" weightStyle="Regular" weight="400" isBold="False" isItalic="False" useDefaultFontFamily="False"/>
          <text>Stil%0D%0AKlasicizam%0D%0AKubizam%0D%0ABarok</text>
          <textSize>30</textSize>
          <lineSpacing>0</lineSpacing>
          <itemHeight>38</itemHeight>
          <interlaceColor>4294967295</interlaceColor>
        </control>
      </groupChildrenDescriptors>
      <canInput>True</canInput>
      <baseHeight>32</baseHeight>
      <font family="Bradley+Hand+ITC"/>
      <textSize>30</textSize>
    </control>
    <control controlID="4BA004DC-1C7B-489F-9FEB-70A7026F7BC6" controlTypeID="Button" x="985" y="24" w="100" h="32" zOrder="4">
      <color>4281545523</color>
      <ShadowBlur>0</ShadowBlur>
      <font family="Bradley+Hand+ITC" displayName="Bradley+Hand+ITC_%26_Bold" postScript="" weightStyle="Bold" weight="700" isBold="True" isItalic="False" useDefaultFontFamily="False"/>
      <text>Pretra%C5%BEi</text>
      <textColor>4286578432</textColor>
      <textSize>24</textSize>
      <lineSpacing>0</lineSpacing>
      <textStyles>[fsBold]</textStyles>
      <useDefaultTextSize>False</useDefaultTextSize>
      <selectedIndex>-1</selectedIndex>
      <radius>100</radius>
      <radiusIsPercent>True</radiusIsPercent>
    </control>
    <control controlID="1C91EB8F-E6B1-434F-8FC7-A7E81B86437B" controlTypeID="TextInput" x="70" y="24" w="250" h="32" zOrder="5">
      <ShadowBlur>0</ShadowBlur>
      <font family="Bradley+Hand+ITC" displayName="Bradley+Hand+ITC" postScript="" weightStyle="Regular" weight="400" isBold="False" isItalic="False" useDefaultFontFamily="False"/>
      <textSize>20</textSize>
      <lineSpacing>0</lineSpacing>
      <useDefaultTextSize>False</useDefaultTextSize>
      <selectedIndex>-1</selectedIndex>
      <placeHolder>Slikar</placeHolder>
      <radius>16</radius>
    </control>
    <control controlID="59D1B00E-2641-4579-8619-E472F477BDA5" controlTypeID="TextInput" x="393" y="24" w="250" h="32" zOrder="6">
      <ShadowBlur>0</ShadowBlur>
      <font family="Bradley+Hand+ITC" displayName="Bradley+Hand+ITC" postScript="" weightStyle="Regular" weight="400" isBold="False" isItalic="False" useDefaultFontFamily="False"/>
      <textSize>20</textSize>
      <lineSpacing>0</lineSpacing>
      <useDefaultTextSize>False</useDefaultTextSize>
      <selectedIndex>-1</selectedIndex>
      <placeHolder>Tematika</placeHolder>
      <radius>16</radius>
    </control>
    <control controlID="0A03108A-6C11-444D-ACD4-50BE5A24C955" controlTypeID="Icon" x="1352" y="10" w="64" h="64" zOrder="7">
      <color>4281545523</color>
      <ShadowBlur>0</ShadowBlur>
      <links eventType="AtClick" animate="AmNone" animateAutoDelay="0" animateDuration="500">
        <link targetPageID="A8D85D53-56A9-41E5-AF5C-15DAF5E050EC" linkType="ltPageLink" isApplyIncludePage="False" title="Korpa">
          <area shape="0" alt="" ID="{16AECA99-E9B1-4FA1-9B3E-03EA86873F1C}" coords="(0,0,64,64)"/>
        </link>
      </links>
      <icon>
        <ID/>
        <iconFontName>jdIcoFont</iconFontName>
        <iconCode>59230</iconCode>
      </icon>
      <URL>1D76A1953ACB7053D75125F70C5D5E2C.svg</URL>
    </control>
    <control controlID="CBF16F25-608F-4241-89D2-DB3B3CD66954" controlTypeID="ColorPicker" x="1452" y="10" w="64" h="64" zOrder="8">
      <color>4281545523</color>
      <ShadowBlur>0</ShadowBlur>
    </control>
    <control controlID="1A563EC3-E02C-439F-AA1D-8B8104D86299" controlTypeID="Image" x="1460" y="14" w="48" h="55" zOrder="9">
      <ShadowBlur>0</ShadowBlur>
      <links eventType="AtClick" animate="AmNone" animateAutoDelay="0" animateDuration="500">
        <link targetPageID="94C2C370-F2BB-4CD2-8734-AEC9E0486530" linkType="ltPageLink" isApplyIncludePage="False" title="Informacije+o+nalogu">
          <area shape="0" alt="" ID="{F6332E4E-7AB4-4625-BDE1-52A3DE34BC26}" coords="(0,0,48,55)"/>
        </link>
      </links>
      <URL>82F81C14AEE290F8A65EB9D1267CFB47.jpg</URL>
    </control>
    <control controlID="2B19D489-EA78-4C71-A936-E11C1E4F3F6D" controlTypeID="Image" x="0" y="142" w="1536" h="722" zOrder="10">
      <ShadowBlur>0</ShadowBlur>
      <URL>9353A407A077278C67C7F23C935D216B.png</URL>
    </control>
    <control controlID="A5A58A46-BC3E-4B7B-BA35-2AF87759BC5C" controlTypeID="TextArea" x="438" y="328" w="720" h="312" zOrder="11">
      <color>4284900966</color>
      <borderColor>4286578432</borderColor>
      <borderVisible>True</borderVisible>
      <ShadowBlur>0</ShadowBlur>
      <font family="Bradley+Hand+ITC" displayName="Bradley+Hand+ITC_%26_Bold" postScript="" weightStyle="Bold" weight="700" isBold="True" isItalic="False" useDefaultFontFamily="False"/>
      <text>Ups!%0D%0AIzgleda+da+nemate+pra%C4%87enja.+Pogledajte+stranicu+popularno+za+vi%C5%A1e+sadr%C5%BEaja</text>
      <textColor>4286578432</textColor>
      <textSize>55</textSize>
      <textAlign>HaCenter</textAlign>
      <textVAlign>VaMiddle</textVAlign>
      <textStyles>[fsBold]</textStyles>
      <useDefaultTextSize>False</useDefaultTextSize>
      <selectedIndex>-1</selectedIndex>
    </control>
  </controls>
  <param>
    <backgroundColor>4284900966</backgroundColor>
    <fontSize>30</fontSize>
    <fontFamily>Bradley+Hand+ITC</fontFamily>
    <guideLines/>
  </param>
</mockup>