﻿<mockup version="5.3" minAllowVersion="5.3" ID="1BB21199-E019-4692-B605-808B78EA2AE1" platform="MtWeb" defaultW="1536" defaultH="864" measureW="1536" measureH="864" mobileScreenScale="0">
  <controls controlCount="24">
    <control controlID="D42F6C5A-3F45-4017-A5BA-B2C8A39F9503" controlTypeID="Image" x="0" y="0" w="1536" h="864" zOrder="0">
      <ShadowBlur>0</ShadowBlur>
      <URL>9353A407A077278C67C7F23C935D216B.png</URL>
    </control>
    <control controlID="016EF190-31DB-4659-BCBD-3273F5935262" controlTypeID="HRule" x="0" y="84" w="1536" h="12" zOrder="1">
      <color>4281545523</color>
      <ShadowBlur>0</ShadowBlur>
    </control>
    <control controlID="128E3359-5138-450C-ACC8-54B515965E2A" controlTypeID="Image" x="1381" y="770" w="135" h="84" zOrder="2">
      <ShadowBlur>0</ShadowBlur>
      <URL>553C79B8BB334A24B76BC57838CE7B5A.png</URL>
    </control>
    <control controlID="7CBF7ED5-1C16-4476-A229-5A3EEB64D5DE" controlTypeID="TextArea" x="246" y="289" w="1212" h="193" zOrder="3">
      <color>4294967295</color>
      <ShadowBlur>0</ShadowBlur>
      <font family="Segoe+UI" displayName="Segoe+UI" postScript="" weightStyle="Regular" weight="400" isBold="False" isItalic="False"/>
      <text>Morbi+pretium+nulla+vel+risus+pretium+porttitor.+Ut+dictum+nulla+quis+mauris+gravida%2C+ac+lobortis+enim+lacinia.+Suspendisse+non+lacinia+justo.+Donec+dapibus+neque+vitae+nunc+feugiat%2C+id+mollis+ante+feugiat.%0D%0A%0D%0A</text>
      <textSize>30</textSize>
      <useDefaultTextSize>False</useDefaultTextSize>
      <selectedIndex>-1</selectedIndex>
    </control>
    <control controlID="61C80553-91F4-4A3A-A9F9-42D1E39CFD28" controlTypeID="Label" x="34" y="301" w="136" h="38" zOrder="4">
      <ShadowBlur>0</ShadowBlur>
      <font family="Bradley+Hand+ITC" displayName="Bradley+Hand+ITC_%26_Bold" postScript="" weightStyle="Bold" weight="700" isBold="True" isItalic="False" useDefaultFontFamily="False"/>
      <text>Dodaj+opis%3A</text>
      <textSize>30</textSize>
      <lineSpacing>0</lineSpacing>
      <textStyles>[fsBold]</textStyles>
      <useDefaultTextSize>False</useDefaultTextSize>
      <selectedIndex>-1</selectedIndex>
    </control>
    <control controlID="ECFFD5B5-8708-4684-8149-195108D311C7" controlTypeID="Label" x="34" y="507" w="170" h="38" zOrder="5">
      <ShadowBlur>0</ShadowBlur>
      <font family="Bradley+Hand+ITC" displayName="Bradley+Hand+ITC_%26_Bold" postScript="" weightStyle="Bold" weight="700" isBold="True" isItalic="False" useDefaultFontFamily="False"/>
      <text>Dodaj+tagove%3A</text>
      <textSize>30</textSize>
      <lineSpacing>0</lineSpacing>
      <textStyles>[fsBold]</textStyles>
      <useDefaultTextSize>False</useDefaultTextSize>
      <selectedIndex>-1</selectedIndex>
    </control>
    <control controlID="B140A503-1413-4501-8970-7C4649EA31E5" controlTypeID="TextArea" x="246" y="499" w="1212" h="87" zOrder="6">
      <color>4294967295</color>
      <ShadowBlur>0</ShadowBlur>
      <font family="Segoe+UI" displayName="Segoe+UI" postScript="" weightStyle="Regular" weight="400" isBold="False" isItalic="False"/>
      <text>%23ljudi+%23pejza%C5%BE+%23bar%C5%BEa+%23brod+%23obala+%23priroda+</text>
      <textSize>30</textSize>
      <useDefaultTextSize>False</useDefaultTextSize>
      <selectedIndex>-1</selectedIndex>
    </control>
    <control controlID="E2738ABD-B183-4942-8E96-1D0DA6559432" controlTypeID="Label" x="34" y="627" w="58" h="38" zOrder="7">
      <ShadowBlur>0</ShadowBlur>
      <font family="Bradley+Hand+ITC" displayName="Bradley+Hand+ITC_%26_Bold" postScript="" weightStyle="Bold" weight="700" isBold="True" isItalic="False" useDefaultFontFamily="False"/>
      <text>Stil%3A</text>
      <textSize>30</textSize>
      <lineSpacing>0</lineSpacing>
      <textStyles>[fsBold]</textStyles>
      <useDefaultTextSize>False</useDefaultTextSize>
      <selectedIndex>-1</selectedIndex>
    </control>
    <control controlID="2C31545B-AAF7-4C5A-AD36-298C2804BDF7" controlTypeID="CompositeComboBox" x="246" y="630" w="200" h="32" zOrder="8">
      <borderColor>4286578432</borderColor>
      <ShadowBlur>0</ShadowBlur>
      <groupChildrenDescriptors>
        <control controlID="F958AB04-FB63-4186-8974-AB503D8DA061" controlTypeID="TextInput" x="0" y="0" w="177" h="32" zOrder="0">
          <locked>True</locked>
          <borderColor>4286578432</borderColor>
          <canMove>False</canMove>
          <alias>input</alias>
          <ShadowBlur>0</ShadowBlur>
          <font family="Segoe+UI" displayName="Segoe+UI" postScript="" weightStyle="Regular" weight="400" isBold="False" isItalic="False" useDefaultFontFamily="False"/>
          <text>Realizam</text>
          <textSize>28</textSize>
          <lineSpacing>0</lineSpacing>
          <selectedIndex>-1</selectedIndex>
        </control>
        <control controlID="CFB89DE2-3C94-49C3-A561-DEF6BCD5D558" controlTypeID="Button" x="176" y="0" w="24" h="32" zOrder="1">
          <locked>True</locked>
          <borderColor>4286578432</borderColor>
          <canMove>False</canMove>
          <alias>button</alias>
          <ShadowBlur>0</ShadowBlur>
          <font family="Segoe+UI" displayName="Segoe+UI" postScript="" weightStyle="Regular" weight="400" isBold="False" isItalic="False"/>
          <lineSpacing>0</lineSpacing>
          <selectedIndex>-1</selectedIndex>
          <radius>0</radius>
        </control>
        <control controlID="B973229B-F166-4455-A90B-A8090D33AD8F" controlTypeID="List" x="0" y="32" w="200" h="154" zOrder="2">
          <isShow>False</isShow>
          <borderColor>4286578432</borderColor>
          <canMove>False</canMove>
          <alias>dropDown</alias>
          <ShadowBlur>0</ShadowBlur>
          <font family="Segoe+UI" displayName="Segoe+UI" postScript="" weightStyle="Regular" weight="400" isBold="False" isItalic="False" useDefaultFontFamily="False"/>
          <text>Klasicizam%0D%0AKubizam%0D%0ABarok%0D%0ARealizam%0D%0A</text>
          <textSize>28</textSize>
          <lineSpacing>0</lineSpacing>
          <selectedIndex>3</selectedIndex>
          <itemHeight>38</itemHeight>
          <interlaceColor>4294967295</interlaceColor>
        </control>
      </groupChildrenDescriptors>
      <canInput>True</canInput>
      <baseHeight>32</baseHeight>
      <font family="Segoe+UI"/>
      <textSize>28</textSize>
    </control>
    <control controlID="92D90AB8-E027-4B50-BE84-DE83CD718F1D" controlTypeID="Label" x="34" y="721" w="186" h="45" zOrder="9">
      <ShadowBlur>0</ShadowBlur>
      <font family="Bradley+Hand+ITC" displayName="Bradley+Hand+ITC_%26_Bold" postScript="" weightStyle="Bold" weight="700" isBold="True" isItalic="False" useDefaultFontFamily="False"/>
      <text>Na%C4%8Din+prodaje%3A</text>
      <textSize>30</textSize>
      <lineSpacing>0</lineSpacing>
      <textStyles>[fsBold]</textStyles>
      <useDefaultTextSize>False</useDefaultTextSize>
      <selectedIndex>-1</selectedIndex>
    </control>
    <control controlID="04DC81A0-960A-4E6B-B6CA-F495C94656DC" controlTypeID="Label" x="552" y="721" w="141" h="38" zOrder="10">
      <ShadowBlur>0</ShadowBlur>
      <font family="Bradley+Hand+ITC" displayName="Bradley+Hand+ITC_%26_Bold" postScript="" weightStyle="Bold" weight="700" isBold="True" isItalic="False" useDefaultFontFamily="False"/>
      <text>Cena+slike%3A</text>
      <textSize>30</textSize>
      <lineSpacing>0</lineSpacing>
      <textStyles>[fsBold]</textStyles>
      <useDefaultTextSize>False</useDefaultTextSize>
      <selectedIndex>-1</selectedIndex>
    </control>
    <control controlID="F310A258-D535-418D-8937-7275679CDE89" controlTypeID="TextInput" x="774" y="721" w="250" h="44" zOrder="11">
      <ShadowBlur>0</ShadowBlur>
      <font family="Bradley+Hand+ITC" displayName="Bradley+Hand+ITC" postScript="" weightStyle="Regular" weight="400" isBold="False" isItalic="False" useDefaultFontFamily="False"/>
      <textSize>20</textSize>
      <lineSpacing>0</lineSpacing>
      <useDefaultTextSize>False</useDefaultTextSize>
      <selectedIndex>-1</selectedIndex>
      <radius>16</radius>
    </control>
    <control controlID="2358770B-384A-41A5-8830-889694DCB4E2" controlTypeID="Button" x="1174" y="668" w="228" h="60" zOrder="12">
      <color>4286578432</color>
      <borderVisible>False</borderVisible>
      <ShadowBlur>0</ShadowBlur>
      <links eventType="AtClick" animate="AmNone" animateAutoDelay="0" animateDuration="500">
        <link targetPageID="91FEBFE9-0A0D-4B07-BC0E-F90F8F7F2E06" linkType="ltPageLink" isApplyIncludePage="False" title="Profil+slikara">
          <area shape="0" alt="" ID="{19E1AA52-4BFC-4FEB-918C-E252EE240E7B}" coords="(0,0,228,60)"/>
        </link>
      </links>
      <font family="Bradley+Hand+ITC" displayName="Bradley+Hand+ITC_%26_Bold" postScript="" weightStyle="Bold" weight="700" isBold="True" isItalic="False" useDefaultFontFamily="False"/>
      <text>Objavi+sliku</text>
      <textSize>28</textSize>
      <lineSpacing>0</lineSpacing>
      <textStyles>[fsBold]</textStyles>
      <useDefaultTextSize>False</useDefaultTextSize>
      <selectedIndex>-1</selectedIndex>
      <radius>100</radius>
      <radiusIsPercent>True</radiusIsPercent>
    </control>
    <control controlID="F16DD8F5-20C5-4F2D-B0ED-DF8B96AE4DD7" controlTypeID="RadioButtonGroup" x="246" y="721" w="212" h="90" zOrder="13">
      <borderColor>4286578432</borderColor>
      <ShadowBlur>0</ShadowBlur>
      <font family="Bradley+Hand+ITC" displayName="Bradley+Hand+ITC_%26_Bold" postScript="" weightStyle="Bold" weight="700" isBold="True" isItalic="False" useDefaultFontFamily="False"/>
      <text>Aukcija%0D%0APrvom+kupcu%0D%0A</text>
      <textColor>4281545523</textColor>
      <textSize>30</textSize>
      <lineSpacing>0</lineSpacing>
      <textStyles>[fsBold]</textStyles>
      <useDefaultTextSize>False</useDefaultTextSize>
      <selectedIndex>1</selectedIndex>
      <itemHeight>40</itemHeight>
      <itemRect>[{"left":0,"top":0,"right":212,"bottom":40},{"left":0,"top":50,"right":212,"bottom":90}]</itemRect>
    </control>
    <control controlID="76D704AB-213A-4FDA-A887-5248B9CADD2E" controlTypeID="ColorPicker" x="1452" y="10" w="64" h="64" zOrder="14">
      <color>4281545523</color>
      <ShadowBlur>0</ShadowBlur>
    </control>
    <control controlID="BF0BBA1D-4F13-4DA4-BC4C-06F2D7C2FB68" controlTypeID="Image" x="1460" y="14" w="48" h="55" zOrder="15">
      <ShadowBlur>0</ShadowBlur>
      <URL>848195E271EF5E5ABCE0B97ACCFF830F.jpg</URL>
    </control>
    <control controlID="63ACC6F5-751E-4F89-9889-B10F76712E28" controlTypeID="Button" x="1109" y="18" w="230" h="56" zOrder="16">
      <color>4286578432</color>
      <ShadowBlur>0</ShadowBlur>
      <links eventType="AtClick" animate="AmNone" animateAutoDelay="0" animateDuration="500">
        <link targetPageID="91FEBFE9-0A0D-4B07-BC0E-F90F8F7F2E06" linkType="ltPageLink" isApplyIncludePage="False" title="Profil+slikara">
          <area shape="0" alt="" ID="{CC02D095-6588-470C-BE8C-4D7980C7EDBC}" coords="(0,0,230,56)"/>
        </link>
      </links>
      <font family="Bradley+Hand+ITC" displayName="Bradley+Hand+ITC_%26_Bold" postScript="" weightStyle="Bold" weight="700" isBold="True" isItalic="False" useDefaultFontFamily="False"/>
      <text>Moj+profil</text>
      <textSize>30</textSize>
      <lineSpacing>0</lineSpacing>
      <textStyles>[fsBold]</textStyles>
      <useDefaultTextSize>False</useDefaultTextSize>
      <selectedIndex>-1</selectedIndex>
      <radius>24</radius>
    </control>
    <control controlID="653DD69F-07FF-48F4-A084-3715AC12D1B9" controlTypeID="Label" x="34" y="236" w="156" h="38" zOrder="17">
      <ShadowBlur>0</ShadowBlur>
      <font family="Bradley+Hand+ITC" displayName="Bradley+Hand+ITC_%26_Bold" postScript="" weightStyle="Bold" weight="700" isBold="True" isItalic="False" useDefaultFontFamily="False"/>
      <text>Naziv+slike%3A</text>
      <textSize>30</textSize>
      <lineSpacing>0</lineSpacing>
      <textStyles>[fsBold]</textStyles>
      <useDefaultTextSize>False</useDefaultTextSize>
      <selectedIndex>-1</selectedIndex>
    </control>
    <control controlID="99A66D9E-D022-4171-8B77-AC660E75423E" controlTypeID="TextArea" x="34" y="115" w="486" h="80" zOrder="18">
      <color>6710886</color>
      <borderColor>4286578432</borderColor>
      <ShadowBlur>0</ShadowBlur>
      <font family="Bradley+Hand+ITC" displayName="Bradley+Hand+ITC_%26_Bold" postScript="" weightStyle="Bold" weight="700" isBold="True" isItalic="False" useDefaultFontFamily="False"/>
      <text>Unesite+punu+putanju+do+fajla+(uklju%C4%8Duju%C4%87i+i+pun+naziv+fajla)%3A</text>
      <textSize>30</textSize>
      <textVAlign>VaMiddle</textVAlign>
      <textStyles>[fsBold]</textStyles>
      <useDefaultTextSize>False</useDefaultTextSize>
      <selectedIndex>-1</selectedIndex>
    </control>
    <control controlID="2F000B56-860A-4E36-9BC1-EB3AE1E77404" controlTypeID="TextInput" x="535" y="125" w="774" h="60" zOrder="19">
      <font family="Segoe+UI" displayName="Segoe+UI" postScript="" weightStyle="Regular" weight="400" isBold="False" isItalic="False"/>
      <textSize>30</textSize>
      <lineSpacing>0</lineSpacing>
      <useDefaultTextSize>False</useDefaultTextSize>
      <selectedIndex>-1</selectedIndex>
      <placeHolder>D%3A%5CETF%5CPSI%5CProjekat%5Cdrazend.jpg</placeHolder>
    </control>
    <control controlID="88A51303-848D-42C0-9B78-2043CACCCC92" controlTypeID="TextInput" x="246" y="214" w="774" h="60" zOrder="20">
      <font family="Segoe+UI" displayName="Segoe+UI" postScript="" weightStyle="Regular" weight="400" isBold="False" isItalic="False"/>
      <textSize>30</textSize>
      <lineSpacing>0</lineSpacing>
      <useDefaultTextSize>False</useDefaultTextSize>
      <selectedIndex>-1</selectedIndex>
    </control>
  </controls>
  <param>
    <backgroundColor>4284900966</backgroundColor>
    <fontSize>14</fontSize>
    <fontFamily>Segoe+UI</fontFamily>
    <guideLines/>
  </param>
</mockup>