﻿<mockup version="5.3" minAllowVersion="5.3" ID="430971B8-EAFA-4713-9C73-4179B7F0E608" platform="MtWeb" defaultW="1536" defaultH="864" measureW="1536" measureH="864" mobileScreenScale="0">
  <controls controlCount="9">
    <control controlID="55004533-BDF5-466F-B4A8-F53E2F3B14BF" controlTypeID="ColorPicker" x="1452" y="10" w="64" h="64" zOrder="0">
      <color>4281545523</color>
      <ShadowBlur>0</ShadowBlur>
    </control>
    <control controlID="92429876-FA50-446A-AB4A-B67E88F9999A" controlTypeID="Image" x="0" y="0" w="1536" h="864" zOrder="1">
      <ShadowBlur>0</ShadowBlur>
      <URL>9353A407A077278C67C7F23C935D216B.png</URL>
    </control>
    <control controlID="AF1B5507-84AB-4350-89B0-976F07954274" controlTypeID="Image" x="1452" y="12" w="54" h="55" zOrder="2">
      <ShadowBlur>0</ShadowBlur>
      <URL>82F81C14AEE290F8A65EB9D1267CFB47.jpg</URL>
    </control>
    <control controlID="EBA6A59D-0311-4DFD-9ACD-F5D0FCF9A43B" controlTypeID="HRule" x="0" y="84" w="1536" h="12" zOrder="3">
      <color>4281545523</color>
      <ShadowBlur>0</ShadowBlur>
    </control>
    <control controlID="DC721622-98B8-4395-A4BF-8F00301AB8F7" controlTypeID="Icon" x="1352" y="10" w="64" h="64" zOrder="4">
      <color>4281545523</color>
      <ShadowBlur>0</ShadowBlur>
      <links eventType="AtClick" animate="AmNone" animateAutoDelay="0" animateDuration="500">
        <link targetPageID="A8D85D53-56A9-41E5-AF5C-15DAF5E050EC" linkType="ltPageLink" isApplyIncludePage="False" title="Korpa">
          <area shape="0" alt="" ID="{31340C6D-B8D4-4560-BD9A-E0A4102A7EF5}" coords="(0,0,64,64)"/>
        </link>
      </links>
      <icon>
        <ID/>
        <iconFontName>jdIcoFont</iconFontName>
        <iconCode>59230</iconCode>
      </icon>
      <URL>1D76A1953ACB7053D75125F70C5D5E2C.svg</URL>
    </control>
    <control controlID="F4306103-13E5-4602-ADE6-FA5FA10AB148" controlTypeID="Image" x="1381" y="760" w="135" h="84" zOrder="5">
      <ShadowBlur>0</ShadowBlur>
      <URL>553C79B8BB334A24B76BC57838CE7B5A.png</URL>
    </control>
    <control controlID="1840D5EF-148F-4C02-A56E-5032CA9BB44E" controlTypeID="TextArea" x="1216" y="106" w="300" h="162" zOrder="6">
      <font family="Bradley+Hand+ITC" displayName="Bradley+Hand+ITC_%26_Bold" postScript="" weightStyle="Bold" weight="700" isBold="True" isItalic="False" useDefaultFontFamily="False"/>
      <text>Berta+Morizo%0D%0A%0D%0Astatus%3A+administrator</text>
      <textSize>28</textSize>
      <textStyles>[fsBold]</textStyles>
      <useDefaultTextSize>False</useDefaultTextSize>
      <selectedIndex>-1</selectedIndex>
    </control>
    <control controlID="57E80604-9414-43A4-B72E-9EB77607B916" controlTypeID="Label" x="77" y="122" w="146" h="63" zOrder="7">
      <color>52275</color>
      <font family="Bradley+Hand+ITC" displayName="Bradley+Hand+ITC_%26_Bold" postScript="" weightStyle="Bold" weight="700" isBold="True" isItalic="False" useDefaultFontFamily="False"/>
      <text>Prijave</text>
      <textSize>50</textSize>
      <lineSpacing>0</lineSpacing>
      <textStyles>[fsBold]</textStyles>
      <useDefaultTextSize>False</useDefaultTextSize>
      <selectedIndex>-1</selectedIndex>
    </control>
    <control controlID="DF1326DB-B615-460A-B901-1F1B595F5354" controlTypeID="Button" x="99" y="327" w="340" h="82" zOrder="8">
      <color>4291611852</color>
      <font family="Bradley+Hand+ITC" displayName="Bradley+Hand+ITC_%26_Bold" postScript="" weightStyle="Bold" weight="700" isBold="True" isItalic="False" useDefaultFontFamily="False"/>
      <text>Pogledaj+prijave</text>
      <textSize>32</textSize>
      <lineSpacing>0</lineSpacing>
      <textStyles>[fsBold]</textStyles>
      <useDefaultTextSize>False</useDefaultTextSize>
      <selectedIndex>-1</selectedIndex>
      <radius>4</radius>
    </control>
  </controls>
  <param>
    <backgroundColor>4284900966</backgroundColor>
    <fontSize>14</fontSize>
    <fontFamily>Segoe+UI</fontFamily>
    <guideLines/>
  </param>
</mockup>