﻿<mockup version="5.3" minAllowVersion="5.3" ID="9324D3C7-EEA1-4C91-86FD-E72B7186E621" platform="MtWeb" defaultW="1536" defaultH="864" measureW="1536" measureH="864" mobileScreenScale="0">
  <controls controlCount="22">
    <control controlID="EFEE3EF7-CF8B-4987-9294-3BEC2B67C278" controlTypeID="Image" x="0" y="0" w="1536" h="220" zOrder="0">
      <ShadowBlur>0</ShadowBlur>
      <URL>9353A407A077278C67C7F23C935D216B.png</URL>
    </control>
    <control controlID="67F90EC2-F59D-4842-8C07-A40F6C4B89F2" controlTypeID="Tab" x="1" y="90" w="1535" h="774" zOrder="1">
      <color>4288256409</color>
      <borderColor>4286578432</borderColor>
      <borderVisible>False</borderVisible>
      <ShadowBlur>0</ShadowBlur>
      <links eventType="AtClick" animate="AmNone" animateAutoDelay="0" animateDuration="500">
        <link targetPageID="" linkType="ltPageLink" isApplyIncludePage="False" title="Popularno">
          <area shape="0" alt="" ID="{ADFDA6B0-D0D9-49ED-B0A3-A4A79B3FDCCD}" coords="(618,0,768,50)"/>
        </link>
        <link targetPageID="15301655-9FCB-43D5-8B2A-80BFC96E7301" linkType="ltPageLink" isApplyIncludePage="False" title="+Pra%C4%87enja">
          <area shape="0" alt="" ID="{0DA29B21-C461-4E7F-BC42-00019CE0A41B}" coords="(767,0,917,50)"/>
        </link>
      </links>
      <font family="Bradley+Hand+ITC" displayName="Bradley+Hand+ITC_%26_Bold" postScript="" weightStyle="Bold" weight="700" isBold="True" isItalic="False" useDefaultFontFamily="False"/>
      <text>Popularno%2C+Pra%C4%87enja</text>
      <textSize>24</textSize>
      <lineSpacing>0</lineSpacing>
      <textStyles>[fsBold]</textStyles>
      <useDefaultTextSize>False</useDefaultTextSize>
      <selectedIndex>1</selectedIndex>
      <selectedColor>4288256409</selectedColor>
      <tabPosition>HaCenter</tabPosition>
      <tabColor>4286578432</tabColor>
      <tabEdge>32</tabEdge>
      <tabHeight>50</tabHeight>
      <tabWidth>150</tabWidth>
    </control>
    <control controlID="5FAF4D0F-7105-46FA-97AE-953B6161810C" controlTypeID="HRule" x="0" y="84" w="1536" h="12" zOrder="2">
      <color>4281545523</color>
      <ShadowBlur>0</ShadowBlur>
    </control>
    <control controlID="1215B700-493F-4AF0-853C-9EA055619401" controlTypeID="CompositeComboBox" x="717" y="24" w="200" h="32" zOrder="3">
      <borderColor>4286578432</borderColor>
      <ShadowBlur>0</ShadowBlur>
      <groupChildrenDescriptors>
        <control controlID="BCABEBA8-BA90-45C8-B4C3-F62A582D6BAE" controlTypeID="TextInput" x="0" y="0" w="177" h="32" zOrder="0">
          <locked>True</locked>
          <borderColor>4286578432</borderColor>
          <canMove>False</canMove>
          <alias>input</alias>
          <ShadowBlur>0</ShadowBlur>
          <font family="Segoe+UI" displayName="Segoe+UI" postScript="" weightStyle="Regular" weight="400" isBold="False" isItalic="False" useDefaultFontFamily="False"/>
          <text>Stil</text>
          <lineSpacing>0</lineSpacing>
          <selectedIndex>-1</selectedIndex>
        </control>
        <control controlID="3CDF422C-F8D7-4F47-9208-F92589964B5C" controlTypeID="Button" x="176" y="0" w="24" h="32" zOrder="1">
          <locked>True</locked>
          <borderColor>4286578432</borderColor>
          <canMove>False</canMove>
          <alias>button</alias>
          <ShadowBlur>0</ShadowBlur>
          <font family="Segoe+UI" displayName="Segoe+UI" postScript="" weightStyle="Regular" weight="400" isBold="False" isItalic="False"/>
          <lineSpacing>0</lineSpacing>
          <selectedIndex>-1</selectedIndex>
          <radius>0</radius>
        </control>
        <control controlID="1BFCA58A-F693-4090-82DF-C1DCBE5F4BA6" controlTypeID="List" x="0" y="32" w="200" h="138" zOrder="2">
          <isShow>False</isShow>
          <borderColor>4286578432</borderColor>
          <canMove>False</canMove>
          <alias>dropDown</alias>
          <ShadowBlur>0</ShadowBlur>
          <font family="Segoe+UI" displayName="Segoe+UI" postScript="" weightStyle="Regular" weight="400" isBold="False" isItalic="False" useDefaultFontFamily="False"/>
          <text>Stil%0D%0AKlasicizam%0D%0AKubizam%0D%0ABarok</text>
          <textSize>14</textSize>
          <lineSpacing>0</lineSpacing>
          <itemHeight>32</itemHeight>
          <interlaceColor>4294967295</interlaceColor>
        </control>
      </groupChildrenDescriptors>
      <canInput>True</canInput>
      <baseHeight>32</baseHeight>
      <font family="Segoe+UI"/>
      <textSize>14</textSize>
    </control>
    <control controlID="4BA004DC-1C7B-489F-9FEB-70A7026F7BC6" controlTypeID="Button" x="985" y="24" w="100" h="32" zOrder="4">
      <color>4281545523</color>
      <ShadowBlur>0</ShadowBlur>
      <font family="Bradley+Hand+ITC" displayName="Bradley+Hand+ITC_%26_Bold" postScript="" weightStyle="Bold" weight="700" isBold="True" isItalic="False" useDefaultFontFamily="False"/>
      <text>Pretra%C5%BEi</text>
      <textColor>4286578432</textColor>
      <textSize>24</textSize>
      <lineSpacing>0</lineSpacing>
      <textStyles>[fsBold]</textStyles>
      <useDefaultTextSize>False</useDefaultTextSize>
      <selectedIndex>-1</selectedIndex>
      <radius>100</radius>
      <radiusIsPercent>True</radiusIsPercent>
    </control>
    <control controlID="1C91EB8F-E6B1-434F-8FC7-A7E81B86437B" controlTypeID="TextInput" x="70" y="24" w="250" h="32" zOrder="5">
      <ShadowBlur>0</ShadowBlur>
      <font family="Bradley+Hand+ITC" displayName="Bradley+Hand+ITC" postScript="" weightStyle="Regular" weight="400" isBold="False" isItalic="False" useDefaultFontFamily="False"/>
      <textSize>20</textSize>
      <lineSpacing>0</lineSpacing>
      <useDefaultTextSize>False</useDefaultTextSize>
      <selectedIndex>-1</selectedIndex>
      <placeHolder>Slikar</placeHolder>
      <radius>16</radius>
    </control>
    <control controlID="59D1B00E-2641-4579-8619-E472F477BDA5" controlTypeID="TextInput" x="393" y="24" w="250" h="32" zOrder="6">
      <ShadowBlur>0</ShadowBlur>
      <font family="Bradley+Hand+ITC" displayName="Bradley+Hand+ITC" postScript="" weightStyle="Regular" weight="400" isBold="False" isItalic="False" useDefaultFontFamily="False"/>
      <textSize>20</textSize>
      <lineSpacing>0</lineSpacing>
      <useDefaultTextSize>False</useDefaultTextSize>
      <selectedIndex>-1</selectedIndex>
      <placeHolder>Tematika</placeHolder>
      <radius>16</radius>
    </control>
    <control controlID="0A03108A-6C11-444D-ACD4-50BE5A24C955" controlTypeID="Icon" x="1352" y="10" w="64" h="64" zOrder="7">
      <color>4281545523</color>
      <ShadowBlur>0</ShadowBlur>
      <links eventType="AtClick" animate="AmNone" animateAutoDelay="0" animateDuration="500">
        <link targetPageID="A8D85D53-56A9-41E5-AF5C-15DAF5E050EC" linkType="ltPageLink" isApplyIncludePage="False" title="Korpa">
          <area shape="0" alt="" ID="{E5B8A047-741A-4067-89C5-236D71B18E48}" coords="(0,0,64,64)"/>
        </link>
      </links>
      <icon>
        <ID/>
        <iconFontName>jdIcoFont</iconFontName>
        <iconCode>59230</iconCode>
      </icon>
      <URL>1D76A1953ACB7053D75125F70C5D5E2C.svg</URL>
    </control>
    <control controlID="53DD6429-DD5A-4E9F-89BD-8C088846BF85" controlTypeID="Image" x="1381" y="760" w="135" h="84" zOrder="8">
      <ShadowBlur>0</ShadowBlur>
      <URL>553C79B8BB334A24B76BC57838CE7B5A.png</URL>
    </control>
    <control controlID="CBF16F25-608F-4241-89D2-DB3B3CD66954" controlTypeID="ColorPicker" x="1452" y="10" w="64" h="64" zOrder="9">
      <color>4281545523</color>
      <ShadowBlur>0</ShadowBlur>
    </control>
    <control controlID="1A563EC3-E02C-439F-AA1D-8B8104D86299" controlTypeID="Image" x="1460" y="14" w="48" h="55" zOrder="10">
      <ShadowBlur>0</ShadowBlur>
      <links eventType="AtClick" animate="AmNone" animateAutoDelay="0" animateDuration="500">
        <link targetPageID="94C2C370-F2BB-4CD2-8734-AEC9E0486530" linkType="ltPageLink" isApplyIncludePage="False" title="Informacije+o+nalogu">
          <area shape="0" alt="" ID="{F6332E4E-7AB4-4625-BDE1-52A3DE34BC26}" coords="(0,0,48,55)"/>
        </link>
      </links>
      <URL>82F81C14AEE290F8A65EB9D1267CFB47.jpg</URL>
    </control>
    <control controlID="AE4490A6-B92C-48E5-8CB2-490BEB353CCA" controlTypeID="Image" x="0" y="142" w="1536" h="722" zOrder="11">
      <ShadowBlur>0</ShadowBlur>
      <URL>9353A407A077278C67C7F23C935D216B.png</URL>
    </control>
    <control controlID="FA4333AE-3C11-4482-9179-A2E21CCD0B83" controlTypeID="Label" x="35" y="169" w="664" h="125" zOrder="12">
      <color>16777215</color>
      <ShadowBlur>0</ShadowBlur>
      <font family="Bradley+Hand+ITC" displayName="Bradley+Hand+ITC_%26_Bold" postScript="" weightStyle="Bold" weight="700" isBold="True" isItalic="False" useDefaultFontFamily="False"/>
      <text>Popularne+slike</text>
      <textSize>100</textSize>
      <lineSpacing>0</lineSpacing>
      <textStyles>[fsBold]</textStyles>
      <useDefaultTextSize>False</useDefaultTextSize>
      <selectedIndex>-1</selectedIndex>
    </control>
    <control controlID="326F2DEF-8526-4D92-A78D-708305EFE4B1" controlTypeID="Master" x="477" y="272" w="555" h="474" zOrder="13" masterID="B53E9835-860C-4CCF-9D98-AEBED0F9C96D">
      <links eventType="AtClick" animate="AmNone" animateAutoDelay="0" animateDuration="500">
        <link targetPageID="7374C221-D31D-4E70-A88F-4EB2D9B74ECA" linkType="ltPageLink" isApplyIncludePage="False" title="Registracija">
          <area shape="0" alt="" ID="{5F0CC029-69C2-4D44-89CC-C711EC13CF6A}" coords="(0,0,555,474)"/>
        </link>
      </links>
      <groupChildrenDescriptors>
        <control controlID="97E0AA9A-E146-4DD5-A5A4-C649F55D05B9" controlTypeID="ImageCarousel" x="0" y="0" w="555" h="474" zOrder="0">
          <color>4286578432</color>
          <links eventType="AtClick" animate="AmNone" animateAutoDelay="0" animateDuration="500">
            <link targetPageID="7374C221-D31D-4E70-A88F-4EB2D9B74ECA" linkType="ltPageLink" isApplyIncludePage="False" title="Registracija">
              <area shape="0" alt="" ID="{32D66CAF-5645-4B67-B974-80B87ABCC364}" coords="(0,0,555,474)"/>
            </link>
          </links>
          <groupChildrenDescriptors>
            <control controlID="45187102-C265-43AE-9702-65FD6389B196" controlTypeID="ImageBackground" x="0" y="0" w="555" h="474" zOrder="0">
              <caption>The+Arab+Tent</caption>
              <groupChildrenDescriptors/>
              <URL>0D9D39D1FD335FDF2A2F70F4EDCBBE60.png</URL>
            </control>
            <control controlID="19322CE1-43B8-44C4-AD1A-DB3074A66388" controlTypeID="ImageBackground" x="0" y="0" w="555" h="474" zOrder="1">
              <caption>6EC4CC9C-B27A-4704-808D-B972524B9C41</caption>
              <groupChildrenDescriptors/>
              <URL>40D2FCDA2CF03E8CCA8FB50D17C35B93.png</URL>
            </control>
            <control controlID="FF0E901A-4EAC-4C27-8AE0-311B65C0542F" controlTypeID="ImageBackground" x="0" y="0" w="555" h="474" zOrder="2">
              <caption>2483BAA8-BD08-4ED0-B5F4-8C447874B1FA</caption>
              <color>4278190080</color>
              <groupChildrenDescriptors/>
              <URL>838F59539FF7A8648C1AD3D45024B70A.png</URL>
            </control>
            <control controlID="17A72B73-8372-444E-B4F8-12304F2777EB" controlTypeID="ImageBackground" x="0" y="0" w="555" h="474" zOrder="3">
              <caption>1FE0AF4E-8B33-4E18-B38F-924C376771DF</caption>
              <color>4286578432</color>
              <links eventType="AtClick" animate="AmNone" animateAutoDelay="0" animateDuration="500">
                <link targetPageID="7374C221-D31D-4E70-A88F-4EB2D9B74ECA" linkType="ltPageLink" isApplyIncludePage="False" title="Link">
                  <area shape="0" alt="" ID="{0696F796-335D-43D9-A461-F58712351326}" coords="(0,0,555,474)"/>
                </link>
              </links>
              <groupChildrenDescriptors/>
              <URL>3E5E761AFD2BBD032F60C781EC2271B3.png</URL>
            </control>
          </groupChildrenDescriptors>
          <selectedIndex>3</selectedIndex>
          <aniType>spaSlide</aniType>
          <playInterval>2000</playInterval>
          <indicatorColor>4286578432</indicatorColor>
        </control>
      </groupChildrenDescriptors>
    </control>
  </controls>
  <param>
    <backgroundColor>4284900966</backgroundColor>
    <fontSize>14</fontSize>
    <fontFamily>Segoe+UI</fontFamily>
    <guideLines/>
  </param>
</mockup>