﻿<mockup version="5.3" minAllowVersion="5.3" ID="94C2C370-F2BB-4CD2-8734-AEC9E0486530" platform="MtWeb" defaultW="1536" defaultH="864" measureW="1536" measureH="864" mobileScreenScale="0">
  <controls controlCount="26">
    <control controlID="7A77C262-0592-4595-91A4-80AD6309D6DB" controlTypeID="Image" x="0" y="0" w="1536" h="864" zOrder="0">
      <ShadowBlur>0</ShadowBlur>
      <URL>9353A407A077278C67C7F23C935D216B.png</URL>
    </control>
    <control controlID="10481CD2-AF64-455E-88F6-3A351126C368" controlTypeID="HRule" x="0" y="84" w="1536" h="12" zOrder="1">
      <color>4281545523</color>
      <ShadowBlur>0</ShadowBlur>
    </control>
    <control controlID="C19AB99F-617A-4C6E-A58A-3B9732D781DA" controlTypeID="Icon" x="1352" y="10" w="64" h="64" zOrder="2">
      <color>4281545523</color>
      <ShadowBlur>0</ShadowBlur>
      <links eventType="AtClick" animate="AmNone" animateAutoDelay="0" animateDuration="500">
        <link targetPageID="A8D85D53-56A9-41E5-AF5C-15DAF5E050EC" linkType="ltPageLink" isApplyIncludePage="False" title="Korpa">
          <area shape="0" alt="" ID="{31340C6D-B8D4-4560-BD9A-E0A4102A7EF5}" coords="(0,0,64,64)"/>
        </link>
      </links>
      <icon>
        <ID/>
        <iconFontName>jdIcoFont</iconFontName>
        <iconCode>59230</iconCode>
      </icon>
      <URL>1D76A1953ACB7053D75125F70C5D5E2C.svg</URL>
    </control>
    <control controlID="00D814BE-BF13-42D1-B682-0D87C7295E76" controlTypeID="Image" x="1381" y="760" w="135" h="84" zOrder="3">
      <ShadowBlur>0</ShadowBlur>
      <URL>553C79B8BB334A24B76BC57838CE7B5A.png</URL>
    </control>
    <control controlID="28677BA4-F7B1-4B23-B4A9-D7856B8731B8" controlTypeID="ColorPicker" x="1452" y="8" w="64" h="64" zOrder="4">
      <color>4281545523</color>
      <ShadowBlur>0</ShadowBlur>
    </control>
    <control controlID="EAB755CE-94DC-4F8F-AB14-5A21EB1BDF9E" controlTypeID="Image" x="1460" y="12" w="48" h="55" zOrder="5">
      <ShadowBlur>0</ShadowBlur>
      <URL>82F81C14AEE290F8A65EB9D1267CFB47.jpg</URL>
    </control>
    <control controlID="32BBC790-CAF7-485E-9549-49DD3D730ACA" controlTypeID="Button" x="888" y="706" w="236" h="55" zOrder="6">
      <color>4286578432</color>
      <ShadowBlur>0</ShadowBlur>
      <links eventType="AtClick" animate="AmNone" animateAutoDelay="0" animateDuration="500">
        <link targetPageID="9324D3C7-EEA1-4C91-86FD-E72B7186E621" linkType="ltPageLink" isApplyIncludePage="False" title="Home+registrovani+kupac">
          <area shape="0" alt="" ID="{FE5F1E69-A67F-47F1-9D41-FE1801B6D6C5}" coords="(0,0,236,55)"/>
        </link>
      </links>
      <font family="Bradley+Hand+ITC" displayName="Bradley+Hand+ITC_%26_Bold" postScript="" weightStyle="Bold" weight="700" isBold="True" isItalic="False" useDefaultFontFamily="False"/>
      <text>Sa%C4%8Duvaj+izmene%0D%0A</text>
      <textSize>30</textSize>
      <textVAlign>VaTop</textVAlign>
      <lineSpacing>0</lineSpacing>
      <textStyles>[fsBold]</textStyles>
      <useDefaultTextSize>False</useDefaultTextSize>
      <selectedIndex>-1</selectedIndex>
      <radius>24</radius>
    </control>
    <control controlID="5AA1A5DF-D34C-4F70-95F6-D65F2FD37CBC" controlTypeID="Label" x="127" y="346" w="89" h="38" zOrder="7">
      <ShadowBlur>0</ShadowBlur>
      <font family="Bradley+Hand+ITC" displayName="Bradley+Hand+ITC_%26_Bold" postScript="" weightStyle="Bold" weight="700" isBold="True" isItalic="False" useDefaultFontFamily="False"/>
      <text>e-mail%3A</text>
      <textColor>4281545523</textColor>
      <textSize>30</textSize>
      <lineSpacing>0</lineSpacing>
      <textStyles>[fsBold]</textStyles>
      <useDefaultTextSize>False</useDefaultTextSize>
      <selectedIndex>-1</selectedIndex>
    </control>
    <control controlID="89E7550C-0877-4E90-897D-89E495578112" controlTypeID="Label" x="70" y="614" w="146" h="38" zOrder="8">
      <ShadowBlur>0</ShadowBlur>
      <font family="Bradley+Hand+ITC" displayName="Bradley+Hand+ITC_%26_Bold" postScript="" weightStyle="Bold" weight="700" isBold="True" isItalic="False" useDefaultFontFamily="False"/>
      <text>Tip+naloga%3A</text>
      <textColor>4281545523</textColor>
      <textSize>30</textSize>
      <lineSpacing>0</lineSpacing>
      <textStyles>[fsBold]</textStyles>
      <useDefaultTextSize>False</useDefaultTextSize>
      <selectedIndex>-1</selectedIndex>
    </control>
    <control controlID="C3BB4D13-ED54-4F60-864D-BF07066E8D75" controlTypeID="Label" x="99" y="512" w="117" h="38" zOrder="9">
      <ShadowBlur>0</ShadowBlur>
      <font family="Bradley+Hand+ITC" displayName="Bradley+Hand+ITC_%26_Bold" postScript="" weightStyle="Bold" weight="700" isBold="True" isItalic="False" useDefaultFontFamily="False"/>
      <text>Lozinka%3A</text>
      <textColor>4281545523</textColor>
      <textSize>30</textSize>
      <lineSpacing>0</lineSpacing>
      <textStyles>[fsBold]</textStyles>
      <useDefaultTextSize>False</useDefaultTextSize>
      <selectedIndex>-1</selectedIndex>
    </control>
    <control controlID="10BC72D6-A743-4C48-892E-F5D04C3804C7" controlTypeID="Label" x="10" y="425" w="206" h="45" zOrder="10">
      <ShadowBlur>0</ShadowBlur>
      <font family="Bradley+Hand+ITC" displayName="Bradley+Hand+ITC_%26_Bold" postScript="" weightStyle="Bold" weight="700" isBold="True" isItalic="False" useDefaultFontFamily="False"/>
      <text>Korisni%C4%8Dko+ime%3A</text>
      <textColor>4281545523</textColor>
      <textSize>30</textSize>
      <lineSpacing>0</lineSpacing>
      <textStyles>[fsBold]</textStyles>
      <useDefaultTextSize>False</useDefaultTextSize>
      <selectedIndex>-1</selectedIndex>
    </control>
    <control controlID="6938C96E-60EE-454D-AB73-0AA0840B4455" controlTypeID="Label" x="247" y="346" w="237" h="38" zOrder="11">
      <ShadowBlur>0</ShadowBlur>
      <font family="Bradley+Hand+ITC" displayName="Bradley+Hand+ITC_%26_Bold" postScript="" weightStyle="Bold" weight="700" isBold="True" isItalic="False" useDefaultFontFamily="False"/>
      <text>tasha@etf.bg.ac.rs</text>
      <textColor>4281545523</textColor>
      <textSize>30</textSize>
      <lineSpacing>0</lineSpacing>
      <textStyles>[fsBold]</textStyles>
      <useDefaultTextSize>False</useDefaultTextSize>
      <selectedIndex>-1</selectedIndex>
    </control>
    <control controlID="007112E8-E0C8-4765-A01F-752E56E2D36E" controlTypeID="Button" x="255" y="503" w="236" h="55" zOrder="12">
      <color>4286578432</color>
      <ShadowBlur>0</ShadowBlur>
      <links eventType="AtClick" animate="AmNone" animateAutoDelay="0" animateDuration="500">
        <link targetPageID="902BD651-6353-4494-A3C9-DF8EBA44DD16" linkType="ltPageLink" isApplyIncludePage="False" title="Promenjena+lozinka">
          <area shape="0" alt="" ID="{44756E3A-65F3-46F5-BC56-204726949087}" coords="(0,0,236,55)"/>
        </link>
      </links>
      <font family="Bradley+Hand+ITC" displayName="Bradley+Hand+ITC_%26_Bold" postScript="" weightStyle="Bold" weight="700" isBold="True" isItalic="False" useDefaultFontFamily="False"/>
      <text>Promeni+lozinku</text>
      <textSize>30</textSize>
      <lineSpacing>0</lineSpacing>
      <textStyles>[fsBold]</textStyles>
      <useDefaultTextSize>False</useDefaultTextSize>
      <selectedIndex>-1</selectedIndex>
      <radius>24</radius>
    </control>
    <control controlID="A184066D-F18C-4D21-9D49-C553A35DA070" controlTypeID="Label" x="255" y="614" w="82" h="38" zOrder="13">
      <ShadowBlur>0</ShadowBlur>
      <font family="Bradley+Hand+ITC" displayName="Bradley+Hand+ITC_%26_Bold" postScript="" weightStyle="Bold" weight="700" isBold="True" isItalic="False" useDefaultFontFamily="False"/>
      <text>Kupac</text>
      <textColor>4281545523</textColor>
      <textSize>30</textSize>
      <lineSpacing>0</lineSpacing>
      <textStyles>[fsBold]</textStyles>
      <useDefaultTextSize>False</useDefaultTextSize>
      <selectedIndex>-1</selectedIndex>
    </control>
    <control controlID="091306A1-6568-42D4-8808-BE52E2ACD218" controlTypeID="Button" x="1175" y="706" w="236" h="55" zOrder="14">
      <color>4286578432</color>
      <ShadowBlur>0</ShadowBlur>
      <links eventType="AtClick" animate="AmNone" animateAutoDelay="0" animateDuration="500">
        <link targetPageID="0F18B6CE-10F8-478F-9479-FE0C6A014CCD" linkType="ltPageLink" isApplyIncludePage="False" title="Home+Log+In">
          <area shape="0" alt="" ID="{97874AEF-B5CA-4C72-85CB-1BE6C6195308}" coords="(0,0,236,55)"/>
        </link>
      </links>
      <font family="Bradley+Hand+ITC" displayName="Bradley+Hand+ITC_%26_Bold" postScript="" weightStyle="Bold" weight="700" isBold="True" isItalic="False" useDefaultFontFamily="False"/>
      <text>Odjavi+se</text>
      <textSize>30</textSize>
      <lineSpacing>0</lineSpacing>
      <textStyles>[fsBold]</textStyles>
      <useDefaultTextSize>False</useDefaultTextSize>
      <selectedIndex>-1</selectedIndex>
      <radius>24</radius>
    </control>
    <control controlID="E1BDB741-A6E2-43A0-996B-4811D2FB0D8B" controlTypeID="Label" x="27" y="116" w="189" h="38" zOrder="15">
      <ShadowBlur>0</ShadowBlur>
      <font family="Bradley+Hand+ITC" displayName="Bradley+Hand+ITC_%26_Bold" postScript="" weightStyle="Bold" weight="700" isBold="True" isItalic="False" useDefaultFontFamily="False"/>
      <text>Profilna+slika%3A</text>
      <textColor>4281545523</textColor>
      <textSize>30</textSize>
      <lineSpacing>0</lineSpacing>
      <textStyles>[fsBold]</textStyles>
      <useDefaultTextSize>False</useDefaultTextSize>
      <selectedIndex>-1</selectedIndex>
    </control>
    <control controlID="42C5AB37-4E40-416D-A1BB-AB935AB2C6C8" controlTypeID="Image" x="255" y="116" w="172" h="208" zOrder="16">
      <ShadowBlur>0</ShadowBlur>
      <URL>82F81C14AEE290F8A65EB9D1267CFB47.jpg</URL>
    </control>
    <control controlID="22F2E4D4-2768-4EAA-9507-986E7514FACC" controlTypeID="Button" x="560" y="218" w="396" h="55" zOrder="17">
      <color>4286578432</color>
      <ShadowBlur>0</ShadowBlur>
      <interactiveData>
        <entry title="">
          <area shape="0" alt="" ID="{151117E8-685F-48E5-A11E-C848CFED7FB3}" coords="(0,0,396,55)"/>
          <events title="">
            <event eventType="atClick" isChecked="True">
              <behaviour title="" isChecked="True" isWait="False" isLoop="False" execMode="emParallel">
                <target targetID="B92E1FDD-4B8D-4291-9F59-24934F964E4C" isChecked="True" isAutoRecovery="False" isLoop="False" execMode="emSequence">
                  <command name="Popup State Change" isChecked="True" descrition="">
                    <param name="AniInterpolation" value="0" varType="3" description=""/>
                    <param name="AniDuration" value="200" varType="3" description=""/>
                    <param name="AniAutoReverse" value="False" varType="11" description=""/>
                    <param name="AniLoop" value="False" varType="11" description=""/>
                    <param name="AniInterpolationTypeOut" value="False" varType="11" description=""/>
                    <param name="Delay" value="0" varType="3" description=""/>
                    <param name="Value" value="2" varType="3" description=""/>
                    <param name="AniType" value="0" varType="3" description=""/>
                  </command>
                </target>
              </behaviour>
            </event>
          </events>
        </entry>
      </interactiveData>
      <font family="Bradley+Hand+ITC" displayName="Bradley+Hand+ITC_%26_Bold" postScript="" weightStyle="Bold" weight="700" isBold="True" isItalic="False" useDefaultFontFamily="False"/>
      <text>Promeni+profilnu+sliku</text>
      <textSize>30</textSize>
      <lineSpacing>0</lineSpacing>
      <textStyles>[fsBold]</textStyles>
      <useDefaultTextSize>False</useDefaultTextSize>
      <selectedIndex>-1</selectedIndex>
      <radius>24</radius>
    </control>
    <control controlID="98336B87-E61D-4EE4-A325-91FEDD357E58" controlTypeID="Button" x="1175" y="352" w="284" h="64" zOrder="18">
      <color>4286578432</color>
      <ShadowBlur>0</ShadowBlur>
      <links eventType="AtClick" animate="AmNone" animateAutoDelay="0" animateDuration="500">
        <link targetPageID="9324D3C7-EEA1-4C91-86FD-E72B7186E621" linkType="ltPageLink" isApplyIncludePage="False" title="Home+registrovani+kupac">
          <area shape="0" alt="" ID="{486BE317-C765-40D9-8A0C-9C69AE274832}" coords="(0,0,284,64)"/>
        </link>
      </links>
      <font family="Bradley+Hand+ITC" displayName="Bradley+Hand+ITC_%26_Bold" postScript="" weightStyle="Bold" weight="700" isBold="True" isItalic="False" useDefaultFontFamily="False"/>
      <text>Povratak+na+po%C4%8Detnu</text>
      <textSize>30</textSize>
      <lineSpacing>0</lineSpacing>
      <textStyles>[fsBold]</textStyles>
      <useDefaultTextSize>False</useDefaultTextSize>
      <selectedIndex>-1</selectedIndex>
      <radius>24</radius>
    </control>
    <control controlID="1E2C6748-9557-4C7F-BF6F-E5804C6D3D71" controlTypeID="Button" x="1175" y="636" w="236" h="55" zOrder="19">
      <color>4286578432</color>
      <ShadowBlur>0</ShadowBlur>
      <links eventType="AtClick" animate="AmNone" animateAutoDelay="0" animateDuration="500">
        <link targetPageID="0F18B6CE-10F8-478F-9479-FE0C6A014CCD" linkType="ltPageLink" isApplyIncludePage="False" title="Home+Log+In">
          <area shape="0" alt="" ID="{97874AEF-B5CA-4C72-85CB-1BE6C6195308}" coords="(0,0,236,55)"/>
        </link>
      </links>
      <font family="Bradley+Hand+ITC" displayName="Bradley+Hand+ITC_%26_Bold" postScript="" weightStyle="Bold" weight="700" isBold="True" isItalic="False" useDefaultFontFamily="False"/>
      <text>Ugasi+nalog</text>
      <textSize>30</textSize>
      <lineSpacing>0</lineSpacing>
      <textStyles>[fsBold]</textStyles>
      <useDefaultTextSize>False</useDefaultTextSize>
      <selectedIndex>-1</selectedIndex>
      <radius>24</radius>
    </control>
    <control controlID="D012D6E5-1DB1-4EC9-AFE4-B9F0504EA7A4" controlTypeID="Label" x="255" y="429" w="210" h="38" zOrder="20">
      <ShadowBlur>0</ShadowBlur>
      <font family="Bradley+Hand+ITC" displayName="Bradley+Hand+ITC_%26_Bold" postScript="" weightStyle="Bold" weight="700" isBold="True" isItalic="False" useDefaultFontFamily="False"/>
      <text>tasha_sekularac</text>
      <textColor>4281545523</textColor>
      <textSize>30</textSize>
      <lineSpacing>0</lineSpacing>
      <textStyles>[fsBold]</textStyles>
      <useDefaultTextSize>False</useDefaultTextSize>
      <selectedIndex>-1</selectedIndex>
    </control>
    <control controlID="B92E1FDD-4B8D-4291-9F59-24934F964E4C" controlTypeID="PopupPanel" x="790" y="298" w="46" h="46" zOrder="21">
      <ShadowBlur>0</ShadowBlur>
      <groupChildrenDescriptors>
        <control controlID="46E1A189-1E7B-417B-97E2-41E96048192B" controlTypeID="Panel" x="0" y="0" w="1536" h="864" zOrder="0">
          <locked>True</locked>
          <color>1879048192</color>
          <borderVisible>False</borderVisible>
          <canMove>False</canMove>
          <alias>background</alias>
          <ShadowBlur>0</ShadowBlur>
          <groupChildrenDescriptors>
            <control controlID="FECFB297-5A62-4CB0-98DA-076FA63CDDE3" controlTypeID="Border" x="0" y="0" w="1536" h="864" zOrder="0">
              <borderVisible>False</borderVisible>
              <alias>borderLayer</alias>
              <ShadowBlur>0</ShadowBlur>
            </control>
          </groupChildrenDescriptors>
          <thinkness>1</thinkness>
        </control>
        <control controlID="87003BEC-2436-4C62-BD65-3D80A7305A52" controlTypeID="PopupPanelContent" x="448" y="366" w="640" h="194" zOrder="1">
          <color>16777215</color>
          <alias>content</alias>
          <ShadowBlur>0</ShadowBlur>
          <groupChildrenDescriptors>
            <control controlID="BC885F71-5E89-42CB-A14D-7D214D74D0D3" controlTypeID="TextArea" x="0" y="0" w="640" h="194" zOrder="0">
              <color>4284900966</color>
              <borderColor>4286578432</borderColor>
              <borderVisible>True</borderVisible>
              <ShadowBlur>0</ShadowBlur>
              <font family="Bradley+Hand+ITC" displayName="Bradley+Hand+ITC_%26_Bold" postScript="" weightStyle="Bold" weight="700" isBold="True" isItalic="False" useDefaultFontFamily="False"/>
              <text>Profilna+slika+uspe%C5%A1no+promenjena</text>
              <textColor>4286578432</textColor>
              <textSize>55</textSize>
              <textAlign>HaCenter</textAlign>
              <textVAlign>VaMiddle</textVAlign>
              <textStyles>[fsBold]</textStyles>
              <useDefaultTextSize>False</useDefaultTextSize>
              <selectedIndex>-1</selectedIndex>
            </control>
          </groupChildrenDescriptors>
        </control>
      </groupChildrenDescriptors>
      <closeByClickMode>cmClickAllArea</closeByClickMode>
      <isShowBackground>True</isShowBackground>
      <positionPolicy>ppScreenFix</positionPolicy>
    </control>
  </controls>
  <param>
    <backgroundColor>4284900966</backgroundColor>
    <fontSize>14</fontSize>
    <fontFamily>Segoe+UI</fontFamily>
    <guideLines/>
  </param>
</mockup>