﻿<mockup version="5.3" minAllowVersion="5.3" ID="A2626799-E7EC-4E3F-9B8D-4134C8777A6E" platform="MtWeb" defaultW="1536" defaultH="864" measureW="1536" measureH="864" mobileScreenScale="0">
  <controls controlCount="44">
    <control controlID="DF1ED263-E732-4494-A3B4-D48D6E465F89" controlTypeID="Image" x="0" y="0" w="1536" h="864" zOrder="0">
      <URL>9353A407A077278C67C7F23C935D216B.png</URL>
    </control>
    <control controlID="705C0125-AF12-414A-801E-1817170525B4" controlTypeID="ScrollView" x="-28" y="0" w="1564" h="864" zOrder="1">
      <color>4284900966</color>
      <borderVisible>False</borderVisible>
      <groupChildrenDescriptors>
        <control controlID="195FF1ED-F4FA-44B5-8A21-B5E909E8EF6C" controlTypeID="ScrollViewContentPanel" x="0" y="0" w="1564" h="2406" zOrder="0">
          <alias>contentPanel</alias>
          <groupChildrenDescriptors>
            <control controlID="CEED07F4-156E-4A56-9312-2F7C03CF03CC" controlTypeID="Image" x="0" y="0" w="1546" h="854" zOrder="0">
              <URL>9353A407A077278C67C7F23C935D216B.png</URL>
            </control>
            <control controlID="0B71A0BB-FDFA-4F3F-9E63-CCE59C557B4D" controlTypeID="Image" x="71" y="204" w="492" h="497" zOrder="1">
              <radiusIsPercent>True</radiusIsPercent>
              <URL>E46C34B11B1E4937836188E91D3FC6E5.jpg</URL>
              <fitMode>fmFit</fitMode>
            </control>
            <control controlID="2BB69FE6-F228-4DD3-975F-08AA19940388" controlTypeID="Label" x="114" y="720" w="93" h="38" zOrder="2">
              <font family="Bradley+Hand+ITC" displayName="Bradley+Hand+ITC_%26_Bold" postScript="" weightStyle="Bold" weight="700" isBold="True" isItalic="False" useDefaultFontFamily="False"/>
              <text>Slikar%3A</text>
              <textColor>4286578432</textColor>
              <textSize>30</textSize>
              <lineSpacing>0</lineSpacing>
              <textStyles>[fsBold]</textStyles>
              <useDefaultTextSize>False</useDefaultTextSize>
              <selectedIndex>-1</selectedIndex>
            </control>
            <control controlID="C305856A-0339-44BD-8F93-46A8E69ED045" controlTypeID="Label" x="259" y="720" w="235" h="38" zOrder="3">
              <font family="Bradley+Hand+ITC" displayName="Bradley+Hand+ITC_%26_Bold" postScript="" weightStyle="Bold" weight="700" isBold="True" isItalic="False" useDefaultFontFamily="False"/>
              <text>Samantha+French</text>
              <textColor>4286578432</textColor>
              <textSize>30</textSize>
              <lineSpacing>0</lineSpacing>
              <textStyles>[fsBold]</textStyles>
              <useDefaultTextSize>False</useDefaultTextSize>
              <selectedIndex>-1</selectedIndex>
            </control>
            <control controlID="44FCAAB3-FDDA-496C-A6F0-EBC27F1619A5" controlTypeID="Label" x="114" y="758" w="58" h="38" zOrder="4">
              <font family="Bradley+Hand+ITC" displayName="Bradley+Hand+ITC_%26_Bold" postScript="" weightStyle="Bold" weight="700" isBold="True" isItalic="False" useDefaultFontFamily="False"/>
              <text>Stil%3A</text>
              <textColor>4286578432</textColor>
              <textSize>30</textSize>
              <lineSpacing>0</lineSpacing>
              <textStyles>[fsBold]</textStyles>
              <useDefaultTextSize>False</useDefaultTextSize>
              <selectedIndex>-1</selectedIndex>
            </control>
            <control controlID="C90D2166-F4C1-41A6-8DB4-681A8416916B" controlTypeID="Label" x="259" y="758" w="111" h="38" zOrder="5">
              <font family="Bradley+Hand+ITC" displayName="Bradley+Hand+ITC_%26_Bold" postScript="" weightStyle="Bold" weight="700" isBold="True" isItalic="False" useDefaultFontFamily="False"/>
              <text>Moderna</text>
              <textColor>4286578432</textColor>
              <textSize>30</textSize>
              <lineSpacing>0</lineSpacing>
              <textStyles>[fsBold]</textStyles>
              <useDefaultTextSize>False</useDefaultTextSize>
              <selectedIndex>-1</selectedIndex>
            </control>
            <control controlID="62DDB499-F7C8-4D47-8E03-1A92B26DFC21" controlTypeID="Label" x="114" y="796" w="77" h="38" zOrder="6">
              <font family="Bradley+Hand+ITC" displayName="Bradley+Hand+ITC_%26_Bold" postScript="" weightStyle="Bold" weight="700" isBold="True" isItalic="False" useDefaultFontFamily="False"/>
              <text>Tema%3A</text>
              <textColor>4286578432</textColor>
              <textSize>30</textSize>
              <lineSpacing>0</lineSpacing>
              <textStyles>[fsBold]</textStyles>
              <useDefaultTextSize>False</useDefaultTextSize>
              <selectedIndex>-1</selectedIndex>
            </control>
            <control controlID="4FB20651-FDF6-4271-B8EC-3C8AA375CBD6" controlTypeID="Label" x="259" y="796" w="152" h="38" zOrder="7">
              <font family="Bradley+Hand+ITC" displayName="Bradley+Hand+ITC_%26_Bold" postScript="" weightStyle="Bold" weight="700" isBold="True" isItalic="False" useDefaultFontFamily="False"/>
              <text>Underwater</text>
              <textColor>4286578432</textColor>
              <textSize>30</textSize>
              <lineSpacing>0</lineSpacing>
              <textStyles>[fsBold]</textStyles>
              <useDefaultTextSize>False</useDefaultTextSize>
              <selectedIndex>-1</selectedIndex>
            </control>
            <control controlID="410384F0-8054-4154-BCFB-2F52369629CB" controlTypeID="Button" x="118" y="112" w="400" h="72" zOrder="8">
              <color>4281545523</color>
              <borderVisible>False</borderVisible>
              <font family="Bradley+Hand+ITC" displayName="Bradley+Hand+ITC_%26_Bold" postScript="" weightStyle="Bold" weight="700" isBold="True" isItalic="False" useDefaultFontFamily="False"/>
              <text>Underwater+tranquility</text>
              <textColor>4286578432</textColor>
              <textSize>32</textSize>
              <lineSpacing>0</lineSpacing>
              <textStyles>[fsBold]</textStyles>
              <useDefaultTextSize>False</useDefaultTextSize>
              <selectedIndex>-1</selectedIndex>
              <radius>100</radius>
              <radiusIsPercent>True</radiusIsPercent>
              <thickness>7</thickness>
            </control>
          </groupChildrenDescriptors>
        </control>
        <control controlID="DC68D4BA-6F4C-4F76-BBC9-38DD7AC4ED77" controlTypeID="Border" x="0" y="0" w="1564" h="864" zOrder="1">
          <color>4284900966</color>
          <borderColor>4278190080</borderColor>
          <borderVisible>False</borderVisible>
          <alias>borderLayer</alias>
        </control>
      </groupChildrenDescriptors>
      <canHoriScroll>True</canHoriScroll>
    </control>
    <control controlID="5B252D59-5782-43C8-87D9-D8FD142C38CD" controlTypeID="HRule" x="0" y="84" w="1536" h="12" zOrder="2">
      <color>4281545523</color>
    </control>
    <control controlID="0B5F252A-8486-410F-AD08-A3066B4B7B52" controlTypeID="CompositeComboBox" x="689" y="24" w="200" h="32" zOrder="3">
      <borderColor>4286578432</borderColor>
      <groupChildrenDescriptors>
        <control controlID="4B4F4E51-6041-4B0E-8E3F-35636E883165" controlTypeID="TextInput" x="0" y="0" w="177" h="32" zOrder="0">
          <locked>True</locked>
          <borderColor>4286578432</borderColor>
          <canMove>False</canMove>
          <alias>input</alias>
          <font family="Segoe+UI" displayName="Segoe+UI" postScript="" weightStyle="Regular" weight="400" isBold="False" isItalic="False" useDefaultFontFamily="False"/>
          <text>Stil</text>
          <lineSpacing>0</lineSpacing>
          <selectedIndex>-1</selectedIndex>
        </control>
        <control controlID="15B5BA8D-EAB5-4464-8142-E02F2CECAF1A" controlTypeID="Button" x="176" y="0" w="24" h="32" zOrder="1">
          <locked>True</locked>
          <borderColor>4286578432</borderColor>
          <canMove>False</canMove>
          <alias>button</alias>
          <font family="Segoe+UI" displayName="Segoe+UI" postScript="" weightStyle="Regular" weight="400" isBold="False" isItalic="False"/>
          <lineSpacing>0</lineSpacing>
          <selectedIndex>-1</selectedIndex>
          <radius>0</radius>
        </control>
        <control controlID="EF358AEB-4E05-4D04-8E6D-744EED9EB4AE" controlTypeID="List" x="0" y="32" w="200" h="138" zOrder="2">
          <isShow>False</isShow>
          <borderColor>4286578432</borderColor>
          <canMove>False</canMove>
          <alias>dropDown</alias>
          <font family="Segoe+UI" displayName="Segoe+UI" postScript="" weightStyle="Regular" weight="400" isBold="False" isItalic="False" useDefaultFontFamily="False"/>
          <text>Stil%0D%0AKlasicizam%0D%0AKubizam%0D%0ABarok</text>
          <textSize>14</textSize>
          <lineSpacing>0</lineSpacing>
          <itemHeight>32</itemHeight>
          <interlaceColor>4294967295</interlaceColor>
        </control>
      </groupChildrenDescriptors>
      <canInput>True</canInput>
      <baseHeight>32</baseHeight>
      <font family="Segoe+UI"/>
      <textSize>14</textSize>
    </control>
    <control controlID="9CC09279-F16B-4148-B3D3-C34F8940E887" controlTypeID="Button" x="957" y="24" w="100" h="32" zOrder="4">
      <color>4281545523</color>
      <font family="Bradley+Hand+ITC" displayName="Bradley+Hand+ITC_%26_Bold" postScript="" weightStyle="Bold" weight="700" isBold="True" isItalic="False" useDefaultFontFamily="False"/>
      <text>Pretra%C5%BEi</text>
      <textColor>4286578432</textColor>
      <textSize>24</textSize>
      <lineSpacing>0</lineSpacing>
      <textStyles>[fsBold]</textStyles>
      <useDefaultTextSize>False</useDefaultTextSize>
      <selectedIndex>-1</selectedIndex>
      <radius>100</radius>
      <radiusIsPercent>True</radiusIsPercent>
    </control>
    <control controlID="B1807DFB-DCD1-4139-B66D-9189D08C56B4" controlTypeID="TextInput" x="42" y="24" w="250" h="32" zOrder="5">
      <font family="Bradley+Hand+ITC" displayName="Bradley+Hand+ITC" postScript="" weightStyle="Regular" weight="400" isBold="False" isItalic="False" useDefaultFontFamily="False"/>
      <textSize>20</textSize>
      <lineSpacing>0</lineSpacing>
      <useDefaultTextSize>False</useDefaultTextSize>
      <selectedIndex>-1</selectedIndex>
      <placeHolder>Slikar</placeHolder>
      <radius>16</radius>
    </control>
    <control controlID="38925786-FC3D-4451-B4F7-4636E1EB4683" controlTypeID="TextInput" x="365" y="24" w="250" h="32" zOrder="6">
      <font family="Bradley+Hand+ITC" displayName="Bradley+Hand+ITC" postScript="" weightStyle="Regular" weight="400" isBold="False" isItalic="False" useDefaultFontFamily="False"/>
      <textSize>20</textSize>
      <lineSpacing>0</lineSpacing>
      <useDefaultTextSize>False</useDefaultTextSize>
      <selectedIndex>-1</selectedIndex>
      <placeHolder>Tematika</placeHolder>
      <radius>16</radius>
    </control>
    <control controlID="AF71D852-BC21-481E-964C-70A0960AA8E9" controlTypeID="Icon" x="1324" y="10" w="64" h="64" zOrder="7">
      <color>4281545523</color>
      <links eventType="AtClick" animate="AmNone" animateAutoDelay="0" animateDuration="500">
        <link targetPageID="7374C221-D31D-4E70-A88F-4EB2D9B74ECA" linkType="ltPageLink" isApplyIncludePage="False" title="Registracija">
          <area shape="0" alt="" ID="{080A8D63-3F8D-4E02-BCCC-EB5A62E62C24}" coords="(0,0,64,64)"/>
        </link>
      </links>
      <icon>
        <ID/>
        <iconFontName>jdIcoFont</iconFontName>
        <iconCode>59230</iconCode>
      </icon>
      <URL>1D76A1953ACB7053D75125F70C5D5E2C.svg</URL>
    </control>
    <control controlID="47F41D0D-DAA7-4DFA-8DBC-DCBB6C0444DC" controlTypeID="Icon" x="1424" y="10" w="64" h="64" zOrder="8">
      <color>4281545523</color>
      <icon>
        <ID/>
        <iconFontName>jdIonicons</iconFontName>
        <iconCode>62590</iconCode>
      </icon>
      <URL>5C55E17C830A8188121F30E4B3398557.svg</URL>
    </control>
    <control controlID="59BCD37C-B250-4148-991D-0ABADAFBC0B8" controlTypeID="Image" x="1359" y="766" w="135" h="84" zOrder="9">
      <URL>553C79B8BB334A24B76BC57838CE7B5A.png</URL>
    </control>
    <control controlID="F4E256F9-B397-461F-BD20-5378E799FA61" controlTypeID="Panel" x="638" y="250" w="870" h="464" zOrder="10">
      <color>4287006342</color>
      <groupChildrenDescriptors>
        <control controlID="7B189739-FEA6-4E2C-9656-FF409CE7BAD7" controlTypeID="Border" x="0" y="0" w="870" h="464" zOrder="0">
          <alias>borderLayer</alias>
        </control>
      </groupChildrenDescriptors>
      <thinkness>1</thinkness>
    </control>
    <control controlID="191FFAC5-C278-4E77-A17D-1D6D254EAB68" controlTypeID="Label" x="2" y="24" w="32" h="19" zOrder="11">
      <font family="Segoe+UI" displayName="Segoe+UI" postScript="" weightStyle="Regular" weight="400" isBold="False" isItalic="False"/>
      <text>Label</text>
      <lineSpacing>0</lineSpacing>
      <selectedIndex>-1</selectedIndex>
    </control>
    <control controlID="9DF1B917-19AC-45A2-BB65-70D28098B4CB" controlTypeID="Label" x="2" y="24" w="32" h="19" zOrder="12">
      <font family="Segoe+UI" displayName="Segoe+UI" postScript="" weightStyle="Regular" weight="400" isBold="False" isItalic="False"/>
      <text>Label</text>
      <lineSpacing>0</lineSpacing>
      <selectedIndex>-1</selectedIndex>
    </control>
    <control controlID="664E7636-4CB2-4CDF-B2D7-1F47157615E4" controlTypeID="Label" x="2" y="24" w="32" h="19" zOrder="13">
      <font family="Segoe+UI" displayName="Segoe+UI" postScript="" weightStyle="Regular" weight="400" isBold="False" isItalic="False"/>
      <text>Label</text>
      <lineSpacing>0</lineSpacing>
      <selectedIndex>-1</selectedIndex>
    </control>
    <control controlID="B3996996-D05E-4EA4-A9B1-A9B56B84C749" controlTypeID="TextArea" x="694" y="278" w="240" h="74" zOrder="14">
      <font family="Bradley+Hand+ITC" displayName="Bradley+Hand+ITC_%26_Bold+Italic" postScript="" weightStyle="Bold+Italic" weight="700" isBold="True" isItalic="True" useDefaultFontFamily="False"/>
      <text>KOMENTARI</text>
      <textSize>28</textSize>
      <textStyles>[fsBold,fsItalic]</textStyles>
      <useDefaultTextSize>False</useDefaultTextSize>
      <selectedIndex>-1</selectedIndex>
    </control>
    <control controlID="C6E41195-F1C6-4FB6-A2E3-9FBCD2E3AB5E" controlTypeID="Panel" x="672" y="368" w="602" h="72" zOrder="15">
      <groupChildrenDescriptors>
        <control controlID="8984F8CE-8977-4461-B82C-E2AF3086B9FE" controlTypeID="Border" x="0" y="0" w="602" h="72" zOrder="0">
          <alias>borderLayer</alias>
        </control>
      </groupChildrenDescriptors>
      <thinkness>1</thinkness>
    </control>
    <control controlID="10F72E22-28EC-4F65-ADC6-2142D10AC979" controlTypeID="TextArea" x="684" y="340" w="240" h="74" zOrder="16">
      <font family="Bradley+Hand+ITC" displayName="Bradley+Hand+ITC_%26_Bold" postScript="" weightStyle="Bold" weight="700" isBold="True" isItalic="False" useDefaultFontFamily="False"/>
      <text>Bradley+Cooper</text>
      <textSize>24</textSize>
      <textStyles>[fsBold]</textStyles>
      <useDefaultTextSize>False</useDefaultTextSize>
      <selectedIndex>-1</selectedIndex>
    </control>
    <control controlID="91BAA535-96F0-4411-A29C-A4F32BC80904" controlTypeID="TextArea" x="684" y="368" w="240" h="74" zOrder="17">
      <font family="Segoe+UI" displayName="Segoe+UI" postScript="" weightStyle="Regular" weight="400" isBold="False" isItalic="False" useDefaultFontFamily="False"/>
      <text>Nice+work.+Beautiful+painting!</text>
      <textSize>20</textSize>
      <useDefaultTextSize>False</useDefaultTextSize>
      <selectedIndex>-1</selectedIndex>
    </control>
    <control controlID="CDF9931F-6267-462C-A8D6-09E9AB41154B" controlTypeID="Panel" x="672" y="494" w="594" h="80" zOrder="18">
      <groupChildrenDescriptors>
        <control controlID="DAEA2E83-6527-4D98-BBF5-C887E08323E6" controlTypeID="Border" x="0" y="0" w="594" h="80" zOrder="0">
          <alias>borderLayer</alias>
        </control>
      </groupChildrenDescriptors>
      <thinkness>1</thinkness>
    </control>
    <control controlID="6075478F-5A72-44A7-8015-96EA0DD5C20C" controlTypeID="TextArea" x="684" y="452" w="240" h="74" zOrder="19">
      <font family="Bradley+Hand+ITC" displayName="Bradley+Hand+ITC_%26_Bold" postScript="" weightStyle="Bold" weight="700" isBold="True" isItalic="False" useDefaultFontFamily="False"/>
      <text>@tasha</text>
      <textSize>24</textSize>
      <textStyles>[fsBold]</textStyles>
      <useDefaultTextSize>False</useDefaultTextSize>
      <selectedIndex>-1</selectedIndex>
    </control>
    <control controlID="28B6927E-AB7B-41E8-9E09-861B8EC331B9" controlTypeID="TextArea" x="680" y="496" w="240" h="74" zOrder="20">
      <font family="Segoe+UI" displayName="Segoe+UI" postScript="" weightStyle="Regular" weight="400" isBold="False" isItalic="False"/>
      <text>Slika+je+sjajna.+Samanta+je+jako+talentovana!</text>
      <textSize>20</textSize>
      <useDefaultTextSize>False</useDefaultTextSize>
      <selectedIndex>-1</selectedIndex>
    </control>
    <control controlID="392CAE4A-71C3-4480-B8A7-DF2D004C7E20" controlTypeID="Button" x="1284" y="377" w="118" h="54" zOrder="21">
      <color>4291611852</color>
      <borderColor>4278255360</borderColor>
      <font family="Segoe+UI" displayName="Segoe+UI" postScript="" weightStyle="Regular" weight="400" isBold="False" isItalic="False" useDefaultFontFamily="False"/>
      <text>Prijavi+komentar</text>
      <textSize>18</textSize>
      <lineSpacing>0</lineSpacing>
      <useDefaultTextSize>False</useDefaultTextSize>
      <selectedIndex>-1</selectedIndex>
      <radius>4</radius>
    </control>
    <control controlID="524A5BA8-C20B-4CAA-9197-1D39B115F943" controlTypeID="Button" x="654" y="742" w="172" h="44" zOrder="22">
      <color>4291611852</color>
      <borderColor>4286578432</borderColor>
      <font family="Segoe+UI" displayName="Segoe+UI" postScript="" weightStyle="Regular" weight="400" isBold="False" isItalic="False"/>
      <text>Dodaj+komentar</text>
      <textSize>20</textSize>
      <lineSpacing>0</lineSpacing>
      <useDefaultTextSize>False</useDefaultTextSize>
      <selectedIndex>-1</selectedIndex>
      <radius>4</radius>
    </control>
    <control controlID="01A2D77D-ACA9-4C5B-990D-6CC64AD17E85" controlTypeID="TextArea" x="1208" y="116" w="300" h="162" zOrder="23">
      <font family="Bradley+Hand+ITC" displayName="Bradley+Hand+ITC_%26_Bold" postScript="" weightStyle="Bold" weight="700" isBold="True" isItalic="False" useDefaultFontFamily="False"/>
      <text>Berta+Morizo%0D%0A%0D%0Astatus%3A+administrator</text>
      <textSize>28</textSize>
      <textStyles>[fsBold]</textStyles>
      <useDefaultTextSize>False</useDefaultTextSize>
      <selectedIndex>-1</selectedIndex>
    </control>
    <control controlID="3B598D58-5855-4149-923F-B8B4D0DADAB1" controlTypeID="Button" x="1412" y="496" w="86" h="56" zOrder="24">
      <color>4291611852</color>
      <borderColor>4278255360</borderColor>
      <font family="Segoe+UI" displayName="Segoe+UI" postScript="" weightStyle="Regular" weight="400" isBold="False" isItalic="False"/>
      <text>Ukloni</text>
      <textSize>20</textSize>
      <lineSpacing>0</lineSpacing>
      <useDefaultTextSize>False</useDefaultTextSize>
      <selectedIndex>-1</selectedIndex>
      <radius>4</radius>
    </control>
    <control controlID="09B9B0BE-AE64-4A62-8C6A-86DA05BCB4C6" controlTypeID="Button" x="1412" y="377" w="92" h="54" zOrder="25">
      <color>4291611852</color>
      <borderColor>4278255360</borderColor>
      <font family="Segoe+UI" displayName="Segoe+UI" postScript="" weightStyle="Regular" weight="400" isBold="False" isItalic="False"/>
      <text>Ukloni</text>
      <textSize>20</textSize>
      <lineSpacing>0</lineSpacing>
      <useDefaultTextSize>False</useDefaultTextSize>
      <selectedIndex>-1</selectedIndex>
      <radius>4</radius>
    </control>
    <control controlID="965EF20A-39F2-4A4B-971D-D6D691DBF01A" controlTypeID="Button" x="1284" y="498" w="118" h="54" zOrder="26">
      <color>4291611852</color>
      <borderColor>4278255360</borderColor>
      <font family="Segoe+UI" displayName="Segoe+UI" postScript="" weightStyle="Regular" weight="400" isBold="False" isItalic="False" useDefaultFontFamily="False"/>
      <text>Prijavi+komentar</text>
      <textSize>18</textSize>
      <lineSpacing>0</lineSpacing>
      <useDefaultTextSize>False</useDefaultTextSize>
      <selectedIndex>-1</selectedIndex>
      <radius>4</radius>
    </control>
  </controls>
  <param>
    <backgroundColor>4284900966</backgroundColor>
    <fontSize>14</fontSize>
    <fontFamily>Segoe+UI</fontFamily>
    <guideLines/>
  </param>
</mockup>