﻿<mockup version="5.3" minAllowVersion="5.3" ID="C1077394-AC33-458D-B249-8B6A8931E289" platform="MtWeb" defaultW="1536" defaultH="864" measureW="1536" measureH="864" mobileScreenScale="0">
  <controls controlCount="29">
    <control controlID="197AB717-5BF7-43B6-991F-274362DC0457" controlTypeID="Image" x="0" y="0" w="1536" h="864" zOrder="0">
      <ShadowBlur>0</ShadowBlur>
      <URL>9353A407A077278C67C7F23C935D216B.png</URL>
    </control>
    <control controlID="AA3B079C-5559-4661-BF2A-89C582B10A6F" controlTypeID="Image" x="20" y="159" w="712" h="456" zOrder="1">
      <ShadowBlur>0</ShadowBlur>
      <URL>960E95306282A755402D4EAF7810718F.jfif</URL>
    </control>
    <control controlID="F55E6C82-9DE9-4736-BD08-6CEDD67E65B3" controlTypeID="HRule" x="0" y="84" w="1536" h="12" zOrder="2">
      <color>4281545523</color>
      <ShadowBlur>0</ShadowBlur>
    </control>
    <control controlID="B3A95004-9991-4503-9B17-B1EEDBD878E0" controlTypeID="Image" x="1381" y="770" w="135" h="84" zOrder="3">
      <ShadowBlur>0</ShadowBlur>
      <URL>553C79B8BB334A24B76BC57838CE7B5A.png</URL>
    </control>
    <control controlID="8395E5FE-DC72-415B-AE81-18F5BA683F66" controlTypeID="TextArea" x="852" y="121" w="674" h="219" zOrder="4">
      <color>4294967295</color>
      <ShadowBlur>0</ShadowBlur>
      <font family="Segoe+UI" displayName="Segoe+UI" postScript="" weightStyle="Regular" weight="400" isBold="False" isItalic="False"/>
      <text>Morbi+pretium+nulla+vel+risus+pretium+porttitor.+Ut+dictum+nulla+quis+mauris+gravida%2C+ac+lobortis+enim+lacinia.+Suspendisse+non+lacinia+justo.+Donec+dapibus+neque+vitae+nunc+feugiat%2C+id+mollis+ante+feugiat.%0D%0A%0D%0A</text>
      <textSize>30</textSize>
      <useDefaultTextSize>False</useDefaultTextSize>
      <selectedIndex>-1</selectedIndex>
    </control>
    <control controlID="6AEB9BA4-5E1E-4B7D-B9E8-7BFE1F819FA2" controlTypeID="Label" x="765" y="121" w="65" h="38" zOrder="5">
      <ShadowBlur>0</ShadowBlur>
      <font family="Bradley+Hand+ITC" displayName="Bradley+Hand+ITC_%26_Bold" postScript="" weightStyle="Bold" weight="700" isBold="True" isItalic="False" useDefaultFontFamily="False"/>
      <text>Opis%3A</text>
      <textSize>30</textSize>
      <lineSpacing>0</lineSpacing>
      <textStyles>[fsBold]</textStyles>
      <useDefaultTextSize>False</useDefaultTextSize>
      <selectedIndex>-1</selectedIndex>
    </control>
    <control controlID="B8F32681-660A-43DF-9210-0E07D8223B79" controlTypeID="Label" x="735" y="385" w="95" h="38" zOrder="6">
      <ShadowBlur>0</ShadowBlur>
      <font family="Bradley+Hand+ITC" displayName="Bradley+Hand+ITC_%26_Bold" postScript="" weightStyle="Bold" weight="700" isBold="True" isItalic="False" useDefaultFontFamily="False"/>
      <text>Tagovi%3A</text>
      <textSize>30</textSize>
      <lineSpacing>0</lineSpacing>
      <textStyles>[fsBold]</textStyles>
      <useDefaultTextSize>False</useDefaultTextSize>
      <selectedIndex>-1</selectedIndex>
    </control>
    <control controlID="BDB92117-8147-43C4-A89E-3D1CBAA02662" controlTypeID="TextArea" x="852" y="377" w="674" h="87" zOrder="7">
      <color>4294967295</color>
      <ShadowBlur>0</ShadowBlur>
      <font family="Segoe+UI" displayName="Segoe+UI" postScript="" weightStyle="Regular" weight="400" isBold="False" isItalic="False"/>
      <text>%23ljudi+%23pejza%C5%BE+%23bar%C5%BEa+%23brod+%23obala+%23priroda+</text>
      <textSize>30</textSize>
      <useDefaultTextSize>False</useDefaultTextSize>
      <selectedIndex>-1</selectedIndex>
    </control>
    <control controlID="D2968C44-8B73-4004-B3DC-0E50F6DD86ED" controlTypeID="Label" x="26" y="639" w="58" h="38" zOrder="8">
      <ShadowBlur>0</ShadowBlur>
      <font family="Bradley+Hand+ITC" displayName="Bradley+Hand+ITC_%26_Bold" postScript="" weightStyle="Bold" weight="700" isBold="True" isItalic="False" useDefaultFontFamily="False"/>
      <text>Stil%3A</text>
      <textSize>30</textSize>
      <lineSpacing>0</lineSpacing>
      <textStyles>[fsBold]</textStyles>
      <useDefaultTextSize>False</useDefaultTextSize>
      <selectedIndex>-1</selectedIndex>
    </control>
    <control controlID="FA79AB86-77B8-42AD-9FE5-CB5A623B281B" controlTypeID="CompositeComboBox" x="144" y="630" w="200" h="47" zOrder="9">
      <borderColor>4286578432</borderColor>
      <ShadowBlur>0</ShadowBlur>
      <groupChildrenDescriptors>
        <control controlID="1D294EF0-FC7E-488A-A871-D5519737CF71" controlTypeID="TextInput" x="0" y="0" w="177" h="47" zOrder="0">
          <locked>True</locked>
          <borderColor>4286578432</borderColor>
          <canMove>False</canMove>
          <alias>input</alias>
          <ShadowBlur>0</ShadowBlur>
          <font family="Segoe+UI" displayName="Segoe+UI" postScript="" weightStyle="Regular" weight="400" isBold="False" isItalic="False" useDefaultFontFamily="False"/>
          <text>Realizam</text>
          <textSize>28</textSize>
          <lineSpacing>0</lineSpacing>
          <selectedIndex>-1</selectedIndex>
        </control>
        <control controlID="A0D6495F-74F0-4E40-8B01-4988C031DAD9" controlTypeID="Button" x="176" y="0" w="24" h="47" zOrder="1">
          <locked>True</locked>
          <borderColor>4286578432</borderColor>
          <canMove>False</canMove>
          <alias>button</alias>
          <ShadowBlur>0</ShadowBlur>
          <font family="Segoe+UI" displayName="Segoe+UI" postScript="" weightStyle="Regular" weight="400" isBold="False" isItalic="False"/>
          <lineSpacing>0</lineSpacing>
          <selectedIndex>-1</selectedIndex>
          <radius>0</radius>
        </control>
        <control controlID="31A5F856-ED19-44B7-986F-B6FD1A903389" controlTypeID="List" x="0" y="47" w="200" h="154" zOrder="2">
          <isShow>False</isShow>
          <borderColor>4286578432</borderColor>
          <canMove>False</canMove>
          <alias>dropDown</alias>
          <ShadowBlur>0</ShadowBlur>
          <font family="Segoe+UI" displayName="Segoe+UI" postScript="" weightStyle="Regular" weight="400" isBold="False" isItalic="False" useDefaultFontFamily="False"/>
          <text>Klasicizam%0D%0AKubizam%0D%0ABarok%0D%0ARealizam%0D%0A</text>
          <textSize>28</textSize>
          <lineSpacing>0</lineSpacing>
          <selectedIndex>3</selectedIndex>
          <itemHeight>47</itemHeight>
          <interlaceColor>4294967295</interlaceColor>
        </control>
      </groupChildrenDescriptors>
      <canInput>True</canInput>
      <baseHeight>47</baseHeight>
      <font family="Segoe+UI"/>
      <textSize>28</textSize>
    </control>
    <control controlID="6477210C-CB73-427B-AB60-D93669050970" controlTypeID="Label" x="26" y="703" w="186" h="45" zOrder="10">
      <ShadowBlur>0</ShadowBlur>
      <font family="Bradley+Hand+ITC" displayName="Bradley+Hand+ITC_%26_Bold" postScript="" weightStyle="Bold" weight="700" isBold="True" isItalic="False" useDefaultFontFamily="False"/>
      <text>Na%C4%8Din+prodaje%3A</text>
      <textSize>30</textSize>
      <lineSpacing>0</lineSpacing>
      <textStyles>[fsBold]</textStyles>
      <useDefaultTextSize>False</useDefaultTextSize>
      <selectedIndex>-1</selectedIndex>
    </control>
    <control controlID="C9445E7D-20F6-4289-B06F-00251E7E08BD" controlTypeID="Button" x="1210" y="704" w="262" h="61" zOrder="11">
      <color>4286578432</color>
      <borderVisible>False</borderVisible>
      <ShadowBlur>0</ShadowBlur>
      <font family="Bradley+Hand+ITC" displayName="Bradley+Hand+ITC_%26_Bold" postScript="" weightStyle="Bold" weight="700" isBold="True" isItalic="False" useDefaultFontFamily="False"/>
      <text>Sa%C4%8Duvaj+izmene</text>
      <textSize>28</textSize>
      <lineSpacing>0</lineSpacing>
      <textStyles>[fsBold]</textStyles>
      <useDefaultTextSize>False</useDefaultTextSize>
      <selectedIndex>-1</selectedIndex>
      <radius>100</radius>
      <radiusIsPercent>True</radiusIsPercent>
    </control>
    <control controlID="063B0701-4CC6-442E-90AE-68DAC3050F93" controlTypeID="ColorPicker" x="1452" y="10" w="64" h="64" zOrder="12">
      <color>4281545523</color>
      <ShadowBlur>0</ShadowBlur>
    </control>
    <control controlID="3953A62D-08B6-43C2-B50B-0657E75DC6BB" controlTypeID="Image" x="1460" y="14" w="48" h="55" zOrder="13">
      <ShadowBlur>0</ShadowBlur>
      <URL>848195E271EF5E5ABCE0B97ACCFF830F.jpg</URL>
    </control>
    <control controlID="F065C17E-FEFA-454B-9E4A-647577F8FDCF" controlTypeID="Button" x="1109" y="18" w="251" h="56" zOrder="14">
      <color>4286578432</color>
      <ShadowBlur>0</ShadowBlur>
      <links eventType="AtClick" animate="AmNone" animateAutoDelay="0" animateDuration="500">
        <link targetPageID="91FEBFE9-0A0D-4B07-BC0E-F90F8F7F2E06" linkType="ltPageLink" isApplyIncludePage="False" title="Profil+slikara">
          <area shape="0" alt="" ID="{CC02D095-6588-470C-BE8C-4D7980C7EDBC}" coords="(0,0,251,56)"/>
        </link>
      </links>
      <font family="Bradley+Hand+ITC" displayName="Bradley+Hand+ITC_%26_Bold" postScript="" weightStyle="Bold" weight="700" isBold="True" isItalic="False" useDefaultFontFamily="False"/>
      <text>Povratak+na+profil</text>
      <textSize>30</textSize>
      <lineSpacing>0</lineSpacing>
      <textStyles>[fsBold]</textStyles>
      <useDefaultTextSize>False</useDefaultTextSize>
      <selectedIndex>-1</selectedIndex>
      <radius>24</radius>
    </control>
    <control controlID="1ED5AE62-E0DC-4672-811D-328E2F3C88B4" controlTypeID="Label" x="26" y="121" w="81" h="38" zOrder="15">
      <ShadowBlur>0</ShadowBlur>
      <font family="Bradley+Hand+ITC" displayName="Bradley+Hand+ITC_%26_Bold" postScript="" weightStyle="Bold" weight="700" isBold="True" isItalic="False" useDefaultFontFamily="False"/>
      <text>Slika%3A</text>
      <textSize>30</textSize>
      <lineSpacing>0</lineSpacing>
      <textStyles>[fsBold]</textStyles>
      <useDefaultTextSize>False</useDefaultTextSize>
      <selectedIndex>-1</selectedIndex>
    </control>
    <control controlID="D5EFBCC7-3090-4E0C-B00E-3C6986BC7BD9" controlTypeID="Label" x="742" y="511" w="156" h="38" zOrder="16">
      <ShadowBlur>0</ShadowBlur>
      <font family="Bradley+Hand+ITC" displayName="Bradley+Hand+ITC_%26_Bold" postScript="" weightStyle="Bold" weight="700" isBold="True" isItalic="False" useDefaultFontFamily="False"/>
      <text>Naziv+slike%3A</text>
      <textSize>30</textSize>
      <lineSpacing>0</lineSpacing>
      <textStyles>[fsBold]</textStyles>
      <useDefaultTextSize>False</useDefaultTextSize>
      <selectedIndex>-1</selectedIndex>
    </control>
    <control controlID="C627979C-21C8-44A7-8EFF-A9A95775BFAF" controlTypeID="TextInput" x="967" y="508" w="407" h="45" zOrder="17">
      <ShadowBlur>0</ShadowBlur>
      <font family="Bradley+Hand+ITC" displayName="Bradley+Hand+ITC_%26_Bold" postScript="" weightStyle="Bold" weight="700" isBold="True" isItalic="False" useDefaultFontFamily="False"/>
      <text>Barge+Haulers+on+the+Volga</text>
      <textSize>30</textSize>
      <lineSpacing>0</lineSpacing>
      <textStyles>[fsBold]</textStyles>
      <useDefaultTextSize>False</useDefaultTextSize>
      <selectedIndex>-1</selectedIndex>
      <radius>16</radius>
    </control>
    <control controlID="92A1583A-C2B4-4162-9B01-12F7845B4CDC" controlTypeID="Label" x="26" y="793" w="179" h="38" zOrder="18">
      <ShadowBlur>0</ShadowBlur>
      <font family="Bradley+Hand+ITC" displayName="Bradley+Hand+ITC_%26_Bold" postScript="" weightStyle="Bold" weight="700" isBold="True" isItalic="False" useDefaultFontFamily="False"/>
      <text>Vrsta+aukcije%3A</text>
      <textSize>30</textSize>
      <lineSpacing>0</lineSpacing>
      <textStyles>[fsBold]</textStyles>
      <useDefaultTextSize>False</useDefaultTextSize>
      <selectedIndex>-1</selectedIndex>
    </control>
    <control controlID="34D51D84-A195-460F-B5B1-3215492226FA" controlTypeID="Label" x="550" y="697" w="276" h="45" zOrder="19">
      <ShadowBlur>0</ShadowBlur>
      <font family="Bradley+Hand+ITC" displayName="Bradley+Hand+ITC_%26_Bold" postScript="" weightStyle="Bold" weight="700" isBold="True" isItalic="False" useDefaultFontFamily="False"/>
      <text>Po%C4%8Detna+cena+aukcije%3A</text>
      <textSize>30</textSize>
      <lineSpacing>0</lineSpacing>
      <textStyles>[fsBold]</textStyles>
      <useDefaultTextSize>False</useDefaultTextSize>
      <selectedIndex>-1</selectedIndex>
    </control>
    <control controlID="E4F9DC1A-55DB-4E91-8470-12C696707037" controlTypeID="Label" x="550" y="773" w="318" h="38" zOrder="20">
      <ShadowBlur>0</ShadowBlur>
      <font family="Bradley+Hand+ITC" displayName="Bradley+Hand+ITC_%26_Bold" postScript="" weightStyle="Bold" weight="700" isBold="True" isItalic="False" useDefaultFontFamily="False"/>
      <text>Du%C5%BEina+trajanja+aukcije%3A</text>
      <textSize>30</textSize>
      <lineSpacing>0</lineSpacing>
      <textStyles>[fsBold]</textStyles>
      <useDefaultTextSize>False</useDefaultTextSize>
      <selectedIndex>-1</selectedIndex>
    </control>
    <control controlID="F17BB30F-48BC-45D6-8EA8-01DA1E6141AD" controlTypeID="TextInput" x="881" y="704" w="250" h="38" zOrder="21">
      <ShadowBlur>0</ShadowBlur>
      <font family="Bradley+Hand+ITC" displayName="Bradley+Hand+ITC_%26_Bold" postScript="" weightStyle="Bold" weight="700" isBold="True" isItalic="False" useDefaultFontFamily="False"/>
      <text>3.500%2C00$</text>
      <textSize>30</textSize>
      <lineSpacing>0</lineSpacing>
      <textStyles>[fsBold]</textStyles>
      <useDefaultTextSize>False</useDefaultTextSize>
      <selectedIndex>-1</selectedIndex>
      <radius>16</radius>
    </control>
    <control controlID="BE29F573-AE77-410D-873D-C547F0FF2902" controlTypeID="TextInput" x="881" y="773" w="250" h="38" zOrder="22">
      <ShadowBlur>0</ShadowBlur>
      <font family="Bradley+Hand+ITC" displayName="Bradley+Hand+ITC_%26_Bold" postScript="" weightStyle="Bold" weight="700" isBold="True" isItalic="False" useDefaultFontFamily="False"/>
      <text>2d+12%C4%8D</text>
      <textSize>30</textSize>
      <lineSpacing>0</lineSpacing>
      <textStyles>[fsBold]</textStyles>
      <useDefaultTextSize>False</useDefaultTextSize>
      <selectedIndex>-1</selectedIndex>
      <radius>16</radius>
    </control>
    <control controlID="39DF3C2F-BAB9-4BEC-ABAB-C6042AE72993" controlTypeID="Button" x="1210" y="613" w="262" h="61" zOrder="23">
      <color>4286578432</color>
      <borderVisible>False</borderVisible>
      <ShadowBlur>0</ShadowBlur>
      <links eventType="AtClick" animate="AmNone" animateAutoDelay="0" animateDuration="500">
        <link targetPageID="C3365B09-D353-4AD0-9BA9-F6F9681CADBC" linkType="ltPageLink" isApplyIncludePage="False" title="Izlo%C5%BEba">
          <area shape="0" alt="" ID="{89E2D678-B65B-4B57-99D3-9FBB1534F1A8}" coords="(0,0,262,61)"/>
        </link>
      </links>
      <font family="Bradley+Hand+ITC" displayName="Bradley+Hand+ITC_%26_Bold" postScript="" weightStyle="Bold" weight="700" isBold="True" isItalic="False" useDefaultFontFamily="False"/>
      <text>Izbri%C5%A1i+sliku</text>
      <textSize>28</textSize>
      <lineSpacing>0</lineSpacing>
      <textStyles>[fsBold]</textStyles>
      <useDefaultTextSize>False</useDefaultTextSize>
      <selectedIndex>-1</selectedIndex>
      <radius>100</radius>
      <radiusIsPercent>True</radiusIsPercent>
    </control>
    <control controlID="E715DAED-2009-4A1F-A3A6-962F043B7FAE" controlTypeID="Label" x="240" y="715" w="92" h="38" zOrder="24">
      <ShadowBlur>0</ShadowBlur>
      <font family="Bradley+Hand+ITC" displayName="Bradley+Hand+ITC_%26_Bold" postScript="" weightStyle="Bold" weight="700" isBold="True" isItalic="False" useDefaultFontFamily="False"/>
      <text>Aukcja</text>
      <textSize>30</textSize>
      <lineSpacing>0</lineSpacing>
      <textStyles>[fsBold]</textStyles>
      <useDefaultTextSize>False</useDefaultTextSize>
      <selectedIndex>-1</selectedIndex>
    </control>
    <control controlID="AFB0BBFC-4A45-4B73-851B-86218DABD545" controlTypeID="Label" x="246" y="793" w="74" h="38" zOrder="25">
      <ShadowBlur>0</ShadowBlur>
      <font family="Bradley+Hand+ITC" displayName="Bradley+Hand+ITC_%26_Bold" postScript="" weightStyle="Bold" weight="700" isBold="True" isItalic="False" useDefaultFontFamily="False"/>
      <text>Tajna</text>
      <textSize>30</textSize>
      <lineSpacing>0</lineSpacing>
      <textStyles>[fsBold]</textStyles>
      <useDefaultTextSize>False</useDefaultTextSize>
      <selectedIndex>-1</selectedIndex>
    </control>
  </controls>
  <param>
    <backgroundColor>4284900966</backgroundColor>
    <fontSize>14</fontSize>
    <fontFamily>Segoe+UI</fontFamily>
    <guideLines/>
  </param>
</mockup>