﻿<mockup version="5.3" minAllowVersion="5.3" ID="E6127ED2-618A-4B4D-A621-A79C7D7D0020" platform="MtWeb" defaultW="1536" defaultH="864" measureW="1536" measureH="864" mobileScreenScale="0">
  <controls controlCount="16">
    <control controlID="8AAF1E19-85C6-498A-A883-BFF966B1D1DA" controlTypeID="ColorPicker" x="1452" y="10" w="64" h="64" zOrder="0">
      <color>4281545523</color>
      <ShadowBlur>0</ShadowBlur>
    </control>
    <control controlID="70035441-F690-4D7A-AA42-CC2CE3660153" controlTypeID="Image" x="0" y="0" w="1536" h="864" zOrder="1">
      <ShadowBlur>0</ShadowBlur>
      <URL>9353A407A077278C67C7F23C935D216B.png</URL>
    </control>
    <control controlID="0F46636A-FAF8-4719-9F7B-1BD31A3A1B45" controlTypeID="Image" x="1452" y="12" w="54" h="55" zOrder="2">
      <ShadowBlur>0</ShadowBlur>
      <URL>82F81C14AEE290F8A65EB9D1267CFB47.jpg</URL>
    </control>
    <control controlID="16C6ECE7-1E98-4AF6-B8C7-4DD013374395" controlTypeID="HRule" x="0" y="84" w="1536" h="12" zOrder="3">
      <color>4281545523</color>
      <ShadowBlur>0</ShadowBlur>
    </control>
    <control controlID="E258C658-B49D-444C-A4E9-815116137312" controlTypeID="Icon" x="1352" y="10" w="64" h="64" zOrder="4">
      <color>4281545523</color>
      <ShadowBlur>0</ShadowBlur>
      <links eventType="AtClick" animate="AmNone" animateAutoDelay="0" animateDuration="500">
        <link targetPageID="A8D85D53-56A9-41E5-AF5C-15DAF5E050EC" linkType="ltPageLink" isApplyIncludePage="False" title="Korpa">
          <area shape="0" alt="" ID="{31340C6D-B8D4-4560-BD9A-E0A4102A7EF5}" coords="(0,0,64,64)"/>
        </link>
      </links>
      <icon>
        <ID/>
        <iconFontName>jdIcoFont</iconFontName>
        <iconCode>59230</iconCode>
      </icon>
      <URL>1D76A1953ACB7053D75125F70C5D5E2C.svg</URL>
    </control>
    <control controlID="D5C26050-31E1-400C-AE71-7EDAE94187FA" controlTypeID="Image" x="1381" y="760" w="135" h="84" zOrder="5">
      <ShadowBlur>0</ShadowBlur>
      <URL>553C79B8BB334A24B76BC57838CE7B5A.png</URL>
    </control>
    <control controlID="6435B981-43B3-4711-96ED-339E454A9D09" controlTypeID="Image" x="57" y="216" w="172" h="208" zOrder="6">
      <ShadowBlur>0</ShadowBlur>
      <URL>82F81C14AEE290F8A65EB9D1267CFB47.jpg</URL>
    </control>
    <control controlID="0924E9C3-BED2-41B5-9A5F-CD42C6AAF42A" controlTypeID="Label" x="267" y="234" w="327" h="50" zOrder="7">
      <ShadowBlur>0</ShadowBlur>
      <font family="Bradley+Hand+ITC" displayName="Bradley+Hand+ITC_%26_Bold" postScript="" weightStyle="Bold" weight="700" isBold="True" isItalic="False" useDefaultFontFamily="False"/>
      <text>Tamara+%C5%A0ekularac</text>
      <textColor>4281545523</textColor>
      <textSize>40</textSize>
      <lineSpacing>0</lineSpacing>
      <textStyles>[fsBold]</textStyles>
      <useDefaultTextSize>False</useDefaultTextSize>
      <selectedIndex>-1</selectedIndex>
    </control>
    <control controlID="9FEC818B-BBE1-44EA-A98D-4883FD2E055A" controlTypeID="TextArea" x="1216" y="106" w="300" h="162" zOrder="8">
      <font family="Bradley+Hand+ITC" displayName="Bradley+Hand+ITC_%26_Bold" postScript="" weightStyle="Bold" weight="700" isBold="True" isItalic="False" useDefaultFontFamily="False"/>
      <text>Berta+Morizo%0D%0A%0D%0Astatus%3A+administrator</text>
      <textSize>28</textSize>
      <textStyles>[fsBold]</textStyles>
      <useDefaultTextSize>False</useDefaultTextSize>
      <selectedIndex>-1</selectedIndex>
    </control>
    <control controlID="6E8E753D-230A-43CA-B1AA-7F2E69AB443F" controlTypeID="Button" x="251" y="310" w="225" h="72" zOrder="9">
      <color>4291611852</color>
      <borderColor>4278242304</borderColor>
      <links eventType="AtClick" animate="AmNone" animateAutoDelay="0" animateDuration="500">
        <link targetPageID="94C2C370-F2BB-4CD2-8734-AEC9E0486530" linkType="ltPageLink" isApplyIncludePage="False" title="Informacije+o+nalogu_kupac+tasha">
          <area shape="0" alt="" ID="{28FF5164-74D7-435E-87AC-3ACF349F455B}" coords="(0,0,225,72)"/>
        </link>
      </links>
      <font family="Bradley+Hand+ITC" displayName="Bradley+Hand+ITC_%26_Bold" postScript="" weightStyle="Bold" weight="700" isBold="True" isItalic="False" useDefaultFontFamily="False"/>
      <text>Pogledaj+profil</text>
      <textSize>32</textSize>
      <lineSpacing>0</lineSpacing>
      <textStyles>[fsBold]</textStyles>
      <useDefaultTextSize>False</useDefaultTextSize>
      <selectedIndex>-1</selectedIndex>
      <radius>4</radius>
      <thickness>7</thickness>
    </control>
    <control controlID="599575A9-08D6-498C-B38B-E9EEC2110655" controlTypeID="Button" x="516" y="310" w="225" h="72" zOrder="10">
      <color>4291611852</color>
      <borderColor>4278242304</borderColor>
      <font family="Bradley+Hand+ITC" displayName="Bradley+Hand+ITC_%26_Bold" postScript="" weightStyle="Bold" weight="700" isBold="True" isItalic="False" useDefaultFontFamily="False"/>
      <text>Blokiraj+nalog</text>
      <textSize>32</textSize>
      <lineSpacing>0</lineSpacing>
      <textStyles>[fsBold]</textStyles>
      <useDefaultTextSize>False</useDefaultTextSize>
      <selectedIndex>-1</selectedIndex>
      <radius>4</radius>
      <thickness>7</thickness>
    </control>
    <control controlID="80DE4451-F672-48B9-A6AF-3784AEDD08DD" controlTypeID="Label" x="77" y="116" w="389" h="74" zOrder="11">
      <color>52275</color>
      <font family="Bradley+Hand+ITC" displayName="Bradley+Hand+ITC_%26_Bold" postScript="" weightStyle="Bold" weight="700" isBold="True" isItalic="False" useDefaultFontFamily="False"/>
      <text>Korisni%C4%8Dki+nalozi</text>
      <textSize>50</textSize>
      <lineSpacing>0</lineSpacing>
      <textStyles>[fsBold]</textStyles>
      <useDefaultTextSize>False</useDefaultTextSize>
      <selectedIndex>-1</selectedIndex>
    </control>
    <control controlID="FBF85A11-006D-41AA-B87F-CE1AB6B3BCEA" controlTypeID="Image" x="50" y="496" w="179" h="216" zOrder="12">
      <URL>9A268A44CBFBC5FAA016F74EC16E04B4.jpg</URL>
    </control>
    <control controlID="C30D3379-0CDD-4062-B683-204A3EB7FED5" controlTypeID="Label" x="290" y="518" w="261" h="50" zOrder="13">
      <ShadowBlur>0</ShadowBlur>
      <font family="Bradley+Hand+ITC" displayName="Bradley+Hand+ITC_%26_Bold" postScript="" weightStyle="Bold" weight="700" isBold="True" isItalic="False" useDefaultFontFamily="False"/>
      <text>Bradley+Cooper</text>
      <textColor>4281545523</textColor>
      <textSize>40</textSize>
      <lineSpacing>0</lineSpacing>
      <textStyles>[fsBold]</textStyles>
      <useDefaultTextSize>False</useDefaultTextSize>
      <selectedIndex>-1</selectedIndex>
    </control>
    <control controlID="2E90D62C-A1A8-4A49-B8EC-98934D6E5A01" controlTypeID="Button" x="274" y="594" w="225" h="72" zOrder="14">
      <color>4291611852</color>
      <borderColor>4278242304</borderColor>
      <font family="Bradley+Hand+ITC" displayName="Bradley+Hand+ITC_%26_Bold" postScript="" weightStyle="Bold" weight="700" isBold="True" isItalic="False" useDefaultFontFamily="False"/>
      <text>Pogledaj+profil</text>
      <textSize>32</textSize>
      <lineSpacing>0</lineSpacing>
      <textStyles>[fsBold]</textStyles>
      <useDefaultTextSize>False</useDefaultTextSize>
      <selectedIndex>-1</selectedIndex>
      <radius>4</radius>
      <thickness>7</thickness>
    </control>
    <control controlID="E2774817-D6DB-4CC0-AD5D-6E8814F9AA9F" controlTypeID="Button" x="539" y="594" w="225" h="72" zOrder="15">
      <color>4291611852</color>
      <borderColor>4278242304</borderColor>
      <font family="Bradley+Hand+ITC" displayName="Bradley+Hand+ITC_%26_Bold" postScript="" weightStyle="Bold" weight="700" isBold="True" isItalic="False" useDefaultFontFamily="False"/>
      <text>Blokiraj+nalog</text>
      <textSize>32</textSize>
      <lineSpacing>0</lineSpacing>
      <textStyles>[fsBold]</textStyles>
      <useDefaultTextSize>False</useDefaultTextSize>
      <selectedIndex>-1</selectedIndex>
      <radius>4</radius>
      <thickness>7</thickness>
    </control>
  </controls>
  <param>
    <backgroundColor>4284900966</backgroundColor>
    <fontSize>14</fontSize>
    <fontFamily>Segoe+UI</fontFamily>
    <guideLines/>
  </param>
</mockup>