﻿<mockup version="5.3" minAllowVersion="5.3" ID="E75ABCFE-A99A-4A62-B2B0-BB3CFDC54DCD" platform="MtWeb" defaultW="1536" defaultH="864" measureW="1536" measureH="864" mobileScreenScale="0">
  <controls controlCount="95">
    <control controlID="DCA5D990-63CD-4B8F-A169-0382523615BA" controlTypeID="Image" x="0" y="0" w="1536" h="864" zOrder="0">
      <ShadowBlur>0</ShadowBlur>
      <URL>9353A407A077278C67C7F23C935D216B.png</URL>
    </control>
    <control controlID="2CBF2A27-343D-4437-8E50-FFA7E1D3DACE" controlTypeID="HRule" x="0" y="84" w="1536" h="12" zOrder="1">
      <color>4281545523</color>
      <ShadowBlur>0</ShadowBlur>
    </control>
    <control controlID="2C6C878C-F453-4CC2-A724-427AFF192F9D" controlTypeID="CompositeComboBox" x="717" y="24" w="200" h="32" zOrder="2">
      <borderColor>4286578432</borderColor>
      <ShadowBlur>0</ShadowBlur>
      <groupChildrenDescriptors>
        <control controlID="4151BBFB-7BA9-43BB-A867-D5F3E6972A1A" controlTypeID="TextInput" x="0" y="0" w="177" h="32" zOrder="0">
          <locked>True</locked>
          <borderColor>4286578432</borderColor>
          <canMove>False</canMove>
          <alias>input</alias>
          <ShadowBlur>0</ShadowBlur>
          <font family="Segoe+UI" displayName="Segoe+UI" postScript="" weightStyle="Regular" weight="400" isBold="False" isItalic="False" useDefaultFontFamily="False"/>
          <text>Stil</text>
          <lineSpacing>0</lineSpacing>
          <selectedIndex>-1</selectedIndex>
        </control>
        <control controlID="686AEED0-5F11-41B2-A87C-228027ED5D8F" controlTypeID="Button" x="176" y="0" w="24" h="32" zOrder="1">
          <locked>True</locked>
          <borderColor>4286578432</borderColor>
          <canMove>False</canMove>
          <alias>button</alias>
          <ShadowBlur>0</ShadowBlur>
          <font family="Segoe+UI" displayName="Segoe+UI" postScript="" weightStyle="Regular" weight="400" isBold="False" isItalic="False"/>
          <lineSpacing>0</lineSpacing>
          <selectedIndex>-1</selectedIndex>
          <radius>0</radius>
        </control>
        <control controlID="76039B6A-F6DF-4D73-A30C-7AEAA4609FA4" controlTypeID="List" x="0" y="32" w="200" h="138" zOrder="2">
          <isShow>False</isShow>
          <borderColor>4286578432</borderColor>
          <canMove>False</canMove>
          <alias>dropDown</alias>
          <ShadowBlur>0</ShadowBlur>
          <font family="Segoe+UI" displayName="Segoe+UI" postScript="" weightStyle="Regular" weight="400" isBold="False" isItalic="False" useDefaultFontFamily="False"/>
          <text>Stil%0D%0AKlasicizam%0D%0AKubizam%0D%0ABarok</text>
          <textSize>14</textSize>
          <lineSpacing>0</lineSpacing>
          <itemHeight>32</itemHeight>
          <interlaceColor>4294967295</interlaceColor>
        </control>
      </groupChildrenDescriptors>
      <canInput>True</canInput>
      <baseHeight>32</baseHeight>
      <font family="Segoe+UI"/>
      <textSize>14</textSize>
    </control>
    <control controlID="CB86FA3E-533F-4F03-A20E-B6FABDAE2DD6" controlTypeID="Button" x="985" y="24" w="100" h="32" zOrder="3">
      <color>4281545523</color>
      <ShadowBlur>0</ShadowBlur>
      <font family="Bradley+Hand+ITC" displayName="Bradley+Hand+ITC_%26_Bold" postScript="" weightStyle="Bold" weight="700" isBold="True" isItalic="False" useDefaultFontFamily="False"/>
      <text>Pretra%C5%BEi</text>
      <textColor>4286578432</textColor>
      <textSize>24</textSize>
      <lineSpacing>0</lineSpacing>
      <textStyles>[fsBold]</textStyles>
      <useDefaultTextSize>False</useDefaultTextSize>
      <selectedIndex>-1</selectedIndex>
      <radius>100</radius>
      <radiusIsPercent>True</radiusIsPercent>
    </control>
    <control controlID="A958AA42-6F42-4BD1-8ED5-7DC00673D1C1" controlTypeID="TextInput" x="70" y="24" w="250" h="32" zOrder="4">
      <ShadowBlur>0</ShadowBlur>
      <font family="Bradley+Hand+ITC" displayName="Bradley+Hand+ITC" postScript="" weightStyle="Regular" weight="400" isBold="False" isItalic="False" useDefaultFontFamily="False"/>
      <textSize>20</textSize>
      <lineSpacing>0</lineSpacing>
      <useDefaultTextSize>False</useDefaultTextSize>
      <selectedIndex>-1</selectedIndex>
      <placeHolder>Slikar</placeHolder>
      <radius>16</radius>
    </control>
    <control controlID="9919A835-4267-49DF-B719-C8D3976E7C97" controlTypeID="TextInput" x="393" y="24" w="250" h="32" zOrder="5">
      <ShadowBlur>0</ShadowBlur>
      <font family="Bradley+Hand+ITC" displayName="Bradley+Hand+ITC" postScript="" weightStyle="Regular" weight="400" isBold="False" isItalic="False" useDefaultFontFamily="False"/>
      <textSize>20</textSize>
      <lineSpacing>0</lineSpacing>
      <useDefaultTextSize>False</useDefaultTextSize>
      <selectedIndex>-1</selectedIndex>
      <placeHolder>Tematika</placeHolder>
      <radius>16</radius>
    </control>
    <control controlID="62C46CD6-20A6-4449-9A69-071C7CC49134" controlTypeID="ColorPicker" x="60" y="118" w="286" h="307" zOrder="6">
      <color>4286578432</color>
      <ShadowBlur>0</ShadowBlur>
    </control>
    <control controlID="5E69B5E0-EAB3-4306-B3D6-72589BEF8438" controlTypeID="Image" x="78" y="136" w="250" h="272" zOrder="7">
      <ShadowBlur>0</ShadowBlur>
      <interactiveData>
        <entry title="">
          <area shape="0" alt="" ID="{ED2FCD66-47BD-4C60-BD3F-C2C6553C9E51}" coords="(0,0,250,272)"/>
          <events title="">
            <event eventType="atClick" isChecked="True">
              <behaviour title="" isChecked="True" isWait="False" isLoop="False" execMode="emParallel">
                <target targetID="A26842C8-3E7D-40ED-9368-881277941E2C" isChecked="True" isAutoRecovery="False" isLoop="False" execMode="emSequence">
                  <command name="Popup State Change" isChecked="True" descrition="">
                    <param name="AniInterpolation" value="0" varType="3" description=""/>
                    <param name="AniDuration" value="200" varType="3" description=""/>
                    <param name="AniAutoReverse" value="False" varType="11" description=""/>
                    <param name="AniLoop" value="False" varType="11" description=""/>
                    <param name="AniInterpolationTypeOut" value="False" varType="11" description=""/>
                    <param name="Delay" value="0" varType="3" description=""/>
                    <param name="Value" value="2" varType="3" description=""/>
                    <param name="AniType" value="0" varType="3" description=""/>
                  </command>
                </target>
              </behaviour>
            </event>
          </events>
        </entry>
      </interactiveData>
      <radiusIsPercent>True</radiusIsPercent>
      <URL>E46C34B11B1E4937836188E91D3FC6E5.jpg</URL>
      <fitMode>fmFill</fitMode>
    </control>
    <control controlID="60FF7B73-280D-498A-BB3F-7DD6D5B999A1" controlTypeID="Icon" x="1352" y="10" w="64" h="64" zOrder="8">
      <color>4281545523</color>
      <ShadowBlur>0</ShadowBlur>
      <icon>
        <ID/>
        <iconFontName>jdIcoFont</iconFontName>
        <iconCode>59230</iconCode>
      </icon>
      <URL>1D76A1953ACB7053D75125F70C5D5E2C.svg</URL>
    </control>
    <control controlID="C4F034CA-0C97-43E2-8D68-26B14BAF94A3" controlTypeID="Image" x="1381" y="760" w="135" h="84" zOrder="9">
      <ShadowBlur>0</ShadowBlur>
      <URL>553C79B8BB334A24B76BC57838CE7B5A.png</URL>
    </control>
    <control controlID="3EEE5222-0E5C-4EAF-8A1B-1539A73C1243" controlTypeID="ColorPicker" x="60" y="500" w="286" h="307" zOrder="10">
      <color>4286578432</color>
      <ShadowBlur>0</ShadowBlur>
    </control>
    <control controlID="7CB20E68-A822-4B7F-809B-CB8A69B497E5" controlTypeID="Image" x="78" y="518" w="250" h="272" zOrder="11">
      <ShadowBlur>0</ShadowBlur>
      <interactiveData>
        <entry title="">
          <area shape="0" alt="" ID="{BEB55DF3-EA5B-4B5A-89C1-1B9ACC653430}" coords="(0,0,250,272)"/>
          <events title="">
            <event eventType="atClick" isChecked="True">
              <behaviour title="" isChecked="True" isWait="False" isLoop="False" execMode="emParallel">
                <target targetID="A507E022-327D-4B53-A422-4916FE7D3B38" isChecked="True" isAutoRecovery="False" isLoop="False" execMode="emSequence">
                  <command name="Popup State Change" isChecked="True" descrition="">
                    <param name="AniInterpolation" value="0" varType="3" description=""/>
                    <param name="AniDuration" value="200" varType="3" description=""/>
                    <param name="AniAutoReverse" value="False" varType="11" description=""/>
                    <param name="AniLoop" value="False" varType="11" description=""/>
                    <param name="AniInterpolationTypeOut" value="False" varType="11" description=""/>
                    <param name="Delay" value="0" varType="3" description=""/>
                    <param name="Value" value="2" varType="3" description=""/>
                    <param name="AniType" value="0" varType="3" description=""/>
                  </command>
                </target>
              </behaviour>
            </event>
          </events>
        </entry>
      </interactiveData>
      <URL>BD69E9C1CECF8DF8A2348D45E5135B16.jpeg</URL>
    </control>
    <control controlID="AB6C06CD-F7E3-4836-8CFD-CC33076D0F8E" controlTypeID="ColorPicker" x="757" y="118" w="286" h="307" zOrder="12">
      <color>4286578432</color>
      <ShadowBlur>0</ShadowBlur>
    </control>
    <control controlID="B47551DC-F4D1-4DDA-AA46-49A267EA9D46" controlTypeID="Image" x="778" y="136" w="250" h="272" zOrder="13">
      <ShadowBlur>0</ShadowBlur>
      <interactiveData>
        <entry title="">
          <area shape="0" alt="" ID="{608E1848-C74B-4598-8E1F-098C15AC04A4}" coords="(0,0,250,272)"/>
          <events title="">
            <event eventType="atClick" isChecked="True">
              <behaviour title="" isChecked="True" isWait="False" isLoop="False" execMode="emParallel">
                <target targetID="855BA430-2A45-4016-A186-0C2E349B6007" isChecked="True" isAutoRecovery="False" isLoop="False" execMode="emSequence">
                  <command name="Popup State Change" isChecked="True" descrition="">
                    <param name="AniInterpolation" value="0" varType="3" description=""/>
                    <param name="AniDuration" value="200" varType="3" description=""/>
                    <param name="AniAutoReverse" value="False" varType="11" description=""/>
                    <param name="AniLoop" value="False" varType="11" description=""/>
                    <param name="AniInterpolationTypeOut" value="False" varType="11" description=""/>
                    <param name="Delay" value="0" varType="3" description=""/>
                    <param name="Value" value="2" varType="3" description=""/>
                    <param name="AniType" value="0" varType="3" description=""/>
                  </command>
                </target>
              </behaviour>
            </event>
          </events>
        </entry>
      </interactiveData>
      <URL>D94F7D0CEEA16DC7AC508C7CD6E330BA.jpeg</URL>
    </control>
    <control controlID="DCDD8421-8AC3-48C0-89BA-E41876DE3ADC" controlTypeID="TextInput" x="358" y="377" w="124" h="48" zOrder="14">
      <ShadowBlur>0</ShadowBlur>
      <font family="Bradley+Hand+ITC" displayName="Bradley+Hand+ITC" postScript="" weightStyle="Regular" weight="400" isBold="False" isItalic="False" useDefaultFontFamily="False"/>
      <text>3500.00$</text>
      <textSize>20</textSize>
      <lineSpacing>0</lineSpacing>
      <useDefaultTextSize>False</useDefaultTextSize>
      <selectedIndex>-1</selectedIndex>
      <canInput>False</canInput>
      <radius>16</radius>
    </control>
    <control controlID="90AC6292-C76E-4516-B3BD-8B651B580CC3" controlTypeID="Panel" x="362" y="120" w="353" h="247" zOrder="15">
      <color>4284900966</color>
      <ShadowBlur>0</ShadowBlur>
      <groupChildrenDescriptors>
        <control controlID="2D820BE8-D8B3-4546-8529-A47F5980AE45" controlTypeID="Label" x="10" y="92" w="93" h="38" zOrder="0">
          <ShadowBlur>0</ShadowBlur>
          <font family="Bradley+Hand+ITC" displayName="Bradley+Hand+ITC_%26_Bold" postScript="" weightStyle="Bold" weight="700" isBold="True" isItalic="False" useDefaultFontFamily="False"/>
          <text>Slikar%3A</text>
          <textColor>4286578432</textColor>
          <textSize>30</textSize>
          <lineSpacing>0</lineSpacing>
          <textStyles>[fsBold]</textStyles>
          <useDefaultTextSize>False</useDefaultTextSize>
          <selectedIndex>-1</selectedIndex>
        </control>
        <control controlID="AD5EB50E-03A8-4C92-A798-209306EF3F21" controlTypeID="Label" x="34" y="130" w="235" h="38" zOrder="1">
          <ShadowBlur>0</ShadowBlur>
          <font family="Bradley+Hand+ITC" displayName="Bradley+Hand+ITC_%26_Bold" postScript="" weightStyle="Bold" weight="700" isBold="True" isItalic="False" useDefaultFontFamily="False"/>
          <text>Samantha+French</text>
          <textColor>4286578432</textColor>
          <textSize>30</textSize>
          <lineSpacing>0</lineSpacing>
          <textStyles>[fsBold]</textStyles>
          <useDefaultTextSize>False</useDefaultTextSize>
          <selectedIndex>-1</selectedIndex>
        </control>
        <control controlID="EDBC9DE1-AE86-43D4-90FC-652D1C82E91B" controlTypeID="Label" x="10" y="16" w="81" h="38" zOrder="2">
          <ShadowBlur>0</ShadowBlur>
          <font family="Bradley+Hand+ITC" displayName="Bradley+Hand+ITC_%26_Bold" postScript="" weightStyle="Bold" weight="700" isBold="True" isItalic="False" useDefaultFontFamily="False"/>
          <text>Slika%3A</text>
          <textColor>4286578432</textColor>
          <textSize>30</textSize>
          <lineSpacing>0</lineSpacing>
          <textStyles>[fsBold]</textStyles>
          <useDefaultTextSize>False</useDefaultTextSize>
          <selectedIndex>-1</selectedIndex>
        </control>
        <control controlID="7FE2008F-12F1-4793-A963-D32DB6133E56" controlTypeID="Label" x="34" y="54" w="309" h="38" zOrder="3">
          <ShadowBlur>0</ShadowBlur>
          <font family="Bradley+Hand+ITC" displayName="Bradley+Hand+ITC_%26_Bold" postScript="" weightStyle="Bold" weight="700" isBold="True" isItalic="False" useDefaultFontFamily="False"/>
          <text>Underwater+tranquility</text>
          <textColor>4286578432</textColor>
          <textSize>30</textSize>
          <lineSpacing>0</lineSpacing>
          <textStyles>[fsBold]</textStyles>
          <useDefaultTextSize>False</useDefaultTextSize>
          <selectedIndex>-1</selectedIndex>
        </control>
        <control controlID="3C259806-66DE-471A-A96C-5BEFDF2AB598" controlTypeID="Border" x="0" y="0" w="353" h="247" zOrder="4">
          <alias>borderLayer</alias>
          <ShadowBlur>0</ShadowBlur>
        </control>
      </groupChildrenDescriptors>
      <thinkness>1</thinkness>
    </control>
    <control controlID="3120AD12-AC98-43DE-A8E2-518114EF5640" controlTypeID="Panel" x="1063" y="120" w="353" h="247" zOrder="16">
      <color>4284900966</color>
      <ShadowBlur>0</ShadowBlur>
      <groupChildrenDescriptors>
        <control controlID="1FDD7592-5DDE-4D55-A87F-702FFD291868" controlTypeID="Label" x="10" y="92" w="93" h="38" zOrder="0">
          <ShadowBlur>0</ShadowBlur>
          <font family="Bradley+Hand+ITC" displayName="Bradley+Hand+ITC_%26_Bold" postScript="" weightStyle="Bold" weight="700" isBold="True" isItalic="False" useDefaultFontFamily="False"/>
          <text>Slikar%3A</text>
          <textColor>4286578432</textColor>
          <textSize>30</textSize>
          <lineSpacing>0</lineSpacing>
          <textStyles>[fsBold]</textStyles>
          <useDefaultTextSize>False</useDefaultTextSize>
          <selectedIndex>-1</selectedIndex>
        </control>
        <control controlID="97DAE846-80D5-453C-913E-E0B47B55F8B4" controlTypeID="Label" x="34" y="130" w="304" h="38" zOrder="1">
          <ShadowBlur>0</ShadowBlur>
          <font family="Bradley+Hand+ITC" displayName="Bradley+Hand+ITC_%26_Bold" postScript="" weightStyle="Bold" weight="700" isBold="True" isItalic="False" useDefaultFontFamily="False"/>
          <text>Edwin+Henry+Landseer</text>
          <textColor>4286578432</textColor>
          <textSize>30</textSize>
          <lineSpacing>0</lineSpacing>
          <textStyles>[fsBold]</textStyles>
          <useDefaultTextSize>False</useDefaultTextSize>
          <selectedIndex>-1</selectedIndex>
        </control>
        <control controlID="A266951A-68E2-48AE-BF35-F4D9C295BF1C" controlTypeID="Label" x="10" y="16" w="81" h="38" zOrder="2">
          <ShadowBlur>0</ShadowBlur>
          <font family="Bradley+Hand+ITC" displayName="Bradley+Hand+ITC_%26_Bold" postScript="" weightStyle="Bold" weight="700" isBold="True" isItalic="False" useDefaultFontFamily="False"/>
          <text>Slika%3A</text>
          <textColor>4286578432</textColor>
          <textSize>30</textSize>
          <lineSpacing>0</lineSpacing>
          <textStyles>[fsBold]</textStyles>
          <useDefaultTextSize>False</useDefaultTextSize>
          <selectedIndex>-1</selectedIndex>
        </control>
        <control controlID="E15F5D8D-12E5-438B-8C61-F05A5BFAC1A8" controlTypeID="Label" x="34" y="54" w="219" h="38" zOrder="3">
          <ShadowBlur>0</ShadowBlur>
          <font family="Bradley+Hand+ITC" displayName="Bradley+Hand+ITC_%26_Bold" postScript="" weightStyle="Bold" weight="700" isBold="True" isItalic="False" useDefaultFontFamily="False"/>
          <text>Doubtful+crumbs</text>
          <textColor>4286578432</textColor>
          <textSize>30</textSize>
          <lineSpacing>0</lineSpacing>
          <textStyles>[fsBold]</textStyles>
          <useDefaultTextSize>False</useDefaultTextSize>
          <selectedIndex>-1</selectedIndex>
        </control>
        <control controlID="1088D219-7A10-424F-BB98-0D0689CED377" controlTypeID="Border" x="0" y="0" w="353" h="247" zOrder="4">
          <alias>borderLayer</alias>
          <ShadowBlur>0</ShadowBlur>
        </control>
      </groupChildrenDescriptors>
      <thinkness>1</thinkness>
    </control>
    <control controlID="B4836D0B-948B-402A-8247-D5E703A5B4F2" controlTypeID="Panel" x="362" y="500" w="353" h="247" zOrder="17">
      <color>4284900966</color>
      <ShadowBlur>0</ShadowBlur>
      <groupChildrenDescriptors>
        <control controlID="674815D7-BCB6-4DDB-9F52-A6AE32455F94" controlTypeID="Label" x="10" y="92" w="93" h="38" zOrder="0">
          <ShadowBlur>0</ShadowBlur>
          <font family="Bradley+Hand+ITC" displayName="Bradley+Hand+ITC_%26_Bold" postScript="" weightStyle="Bold" weight="700" isBold="True" isItalic="False" useDefaultFontFamily="False"/>
          <text>Slikar%3A</text>
          <textColor>4286578432</textColor>
          <textSize>30</textSize>
          <lineSpacing>0</lineSpacing>
          <textStyles>[fsBold]</textStyles>
          <useDefaultTextSize>False</useDefaultTextSize>
          <selectedIndex>-1</selectedIndex>
        </control>
        <control controlID="C1404EE2-0010-465A-94B4-11CDBD5C2909" controlTypeID="Label" x="34" y="130" w="304" h="38" zOrder="1">
          <ShadowBlur>0</ShadowBlur>
          <font family="Bradley+Hand+ITC" displayName="Bradley+Hand+ITC_%26_Bold" postScript="" weightStyle="Bold" weight="700" isBold="True" isItalic="False" useDefaultFontFamily="False"/>
          <text>Edwin+Henry+Landseer</text>
          <textColor>4286578432</textColor>
          <textSize>30</textSize>
          <lineSpacing>0</lineSpacing>
          <textStyles>[fsBold]</textStyles>
          <useDefaultTextSize>False</useDefaultTextSize>
          <selectedIndex>-1</selectedIndex>
        </control>
        <control controlID="603B334B-5A7E-43CD-8FF7-7DE9408158D6" controlTypeID="Label" x="10" y="16" w="81" h="38" zOrder="2">
          <ShadowBlur>0</ShadowBlur>
          <font family="Bradley+Hand+ITC" displayName="Bradley+Hand+ITC_%26_Bold" postScript="" weightStyle="Bold" weight="700" isBold="True" isItalic="False" useDefaultFontFamily="False"/>
          <text>Slika%3A</text>
          <textColor>4286578432</textColor>
          <textSize>30</textSize>
          <lineSpacing>0</lineSpacing>
          <textStyles>[fsBold]</textStyles>
          <useDefaultTextSize>False</useDefaultTextSize>
          <selectedIndex>-1</selectedIndex>
        </control>
        <control controlID="D6A54BA5-5862-4243-B640-3B5A69DFFE5A" controlTypeID="Label" x="34" y="54" w="264" h="38" zOrder="3">
          <ShadowBlur>0</ShadowBlur>
          <font family="Bradley+Hand+ITC" displayName="Bradley+Hand+ITC_%26_Bold" postScript="" weightStyle="Bold" weight="700" isBold="True" isItalic="False" useDefaultFontFamily="False"/>
          <text>Monarch+of+the+Glen</text>
          <textColor>4286578432</textColor>
          <textSize>30</textSize>
          <lineSpacing>0</lineSpacing>
          <textStyles>[fsBold]</textStyles>
          <useDefaultTextSize>False</useDefaultTextSize>
          <selectedIndex>-1</selectedIndex>
        </control>
        <control controlID="B6994F53-D020-4D73-82BF-31B415DC0391" controlTypeID="Border" x="0" y="0" w="353" h="247" zOrder="4">
          <alias>borderLayer</alias>
          <ShadowBlur>0</ShadowBlur>
        </control>
      </groupChildrenDescriptors>
      <thinkness>1</thinkness>
    </control>
    <control controlID="18D63AC1-0A25-475D-9185-81315756D6E6" controlTypeID="TextInput" x="1064" y="377" w="124" h="48" zOrder="18">
      <ShadowBlur>0</ShadowBlur>
      <font family="Bradley+Hand+ITC" displayName="Bradley+Hand+ITC" postScript="" weightStyle="Regular" weight="400" isBold="False" isItalic="False" useDefaultFontFamily="False"/>
      <text>3500.00$</text>
      <textSize>20</textSize>
      <lineSpacing>0</lineSpacing>
      <useDefaultTextSize>False</useDefaultTextSize>
      <selectedIndex>-1</selectedIndex>
      <canInput>False</canInput>
      <radius>16</radius>
    </control>
    <control controlID="51B51B11-6E92-4C25-BEA6-8176C9D40C5F" controlTypeID="TextInput" x="358" y="757" w="124" h="48" zOrder="19">
      <ShadowBlur>0</ShadowBlur>
      <font family="Bradley+Hand+ITC" displayName="Bradley+Hand+ITC" postScript="" weightStyle="Regular" weight="400" isBold="False" isItalic="False" useDefaultFontFamily="False"/>
      <text>3500.00$</text>
      <textSize>20</textSize>
      <lineSpacing>0</lineSpacing>
      <useDefaultTextSize>False</useDefaultTextSize>
      <selectedIndex>-1</selectedIndex>
      <canInput>False</canInput>
      <radius>16</radius>
    </control>
    <control controlID="A4ED7357-0C70-4853-AD1D-8BA9434AE907" controlTypeID="Icon" x="652" y="681" w="56" h="56" zOrder="20">
      <color>4286578432</color>
      <ShadowBlur>0</ShadowBlur>
      <icon>
        <ID/>
        <iconFontName>jdIonicons</iconFontName>
        <iconCode>62034</iconCode>
      </icon>
      <URL>1DEEC712A18B774EEA9584D159237A03.svg</URL>
    </control>
    <control controlID="78A3C9E2-DE95-4B97-AAAE-12D94B8AC77C" controlTypeID="Icon" x="652" y="303" w="56" h="56" zOrder="21">
      <color>4286578432</color>
      <ShadowBlur>0</ShadowBlur>
      <icon>
        <ID/>
        <iconFontName>jdIonicons</iconFontName>
        <iconCode>62034</iconCode>
      </icon>
      <URL>1DEEC712A18B774EEA9584D159237A03.svg</URL>
    </control>
    <control controlID="E327B0CB-B22D-437E-9CC3-53A33549050D" controlTypeID="Icon" x="1360" y="303" w="56" h="56" zOrder="22">
      <color>4286578432</color>
      <ShadowBlur>0</ShadowBlur>
      <icon>
        <ID/>
        <iconFontName>jdIonicons</iconFontName>
        <iconCode>62034</iconCode>
      </icon>
      <URL>1DEEC712A18B774EEA9584D159237A03.svg</URL>
    </control>
    <control controlID="3B5AE5C1-39A4-42E5-BD32-60853FA371EA" controlTypeID="ColorPicker" x="1452" y="10" w="64" h="64" zOrder="23">
      <color>4281545523</color>
      <ShadowBlur>0</ShadowBlur>
    </control>
    <control controlID="9CE36676-AF24-4674-83E0-FEB3B4184DC4" controlTypeID="Image" x="1460" y="14" w="48" h="55" zOrder="24">
      <ShadowBlur>0</ShadowBlur>
      <links eventType="AtClick" animate="AmNone" animateAutoDelay="0" animateDuration="500">
        <link targetPageID="94C2C370-F2BB-4CD2-8734-AEC9E0486530" linkType="ltPageLink" isApplyIncludePage="False" title="Informacije+o+nalogu">
          <area shape="0" alt="" ID="{82C874AF-7B04-4317-80D9-9437D5D1D397}" coords="(0,0,48,55)"/>
        </link>
      </links>
      <URL>82F81C14AEE290F8A65EB9D1267CFB47.jpg</URL>
    </control>
    <control controlID="CA4992BB-C51A-4B57-8CFA-5C25FDBBED67" controlTypeID="Button" x="1169" y="26" w="100" h="32" zOrder="25">
      <color>4281545523</color>
      <ShadowBlur>0</ShadowBlur>
      <links eventType="AtClick" animate="AmNone" animateAutoDelay="0" animateDuration="500">
        <link targetPageID="EBB659F3-F0CE-4C29-A989-AAAB6EE56A3A" linkType="ltPageLink" isApplyIncludePage="False" title="Forma+za+kupovinu">
          <area shape="0" alt="" ID="{1813181F-2B2C-4C34-A91E-060153D030D0}" coords="(0,0,100,32)"/>
        </link>
      </links>
      <font family="Bradley+Hand+ITC" displayName="Bradley+Hand+ITC_%26_Bold" postScript="" weightStyle="Bold" weight="700" isBold="True" isItalic="False" useDefaultFontFamily="False"/>
      <text>Kupi+sve</text>
      <textColor>4286578432</textColor>
      <textSize>24</textSize>
      <lineSpacing>0</lineSpacing>
      <textStyles>[fsBold]</textStyles>
      <useDefaultTextSize>False</useDefaultTextSize>
      <selectedIndex>-1</selectedIndex>
      <radius>100</radius>
      <radiusIsPercent>True</radiusIsPercent>
    </control>
    <control controlID="A26842C8-3E7D-40ED-9368-881277941E2C" controlTypeID="PopupPanel" x="492" y="798" w="46" h="46" zOrder="26">
      <ShadowBlur>0</ShadowBlur>
      <groupChildrenDescriptors>
        <control controlID="8CE28CD9-6F1B-452F-879E-DBC88F709275" controlTypeID="Panel" x="0" y="0" w="1536" h="864" zOrder="0">
          <locked>True</locked>
          <color>1879048192</color>
          <borderVisible>False</borderVisible>
          <canMove>False</canMove>
          <alias>background</alias>
          <ShadowBlur>0</ShadowBlur>
          <groupChildrenDescriptors>
            <control controlID="EE4360E5-09BF-4363-B4E5-77431C410A25" controlTypeID="Border" x="0" y="0" w="1536" h="864" zOrder="0">
              <borderVisible>False</borderVisible>
              <alias>borderLayer</alias>
              <ShadowBlur>0</ShadowBlur>
            </control>
          </groupChildrenDescriptors>
          <thinkness>1</thinkness>
        </control>
        <control controlID="1F750526-831F-46DE-B37E-54ACE39DEC04" controlTypeID="PopupPanelContent" x="171" y="89" w="1215" h="719" zOrder="1">
          <color>16777215</color>
          <alias>content</alias>
          <ShadowBlur>0</ShadowBlur>
          <groupChildrenDescriptors>
            <control controlID="4FEED7DA-5FF2-4A23-99C4-9686FBEE1DE4" controlTypeID="Panel" x="0" y="0" w="1215" h="719" zOrder="0">
              <color>4290314099</color>
              <ShadowBlur>0</ShadowBlur>
              <groupChildrenDescriptors>
                <control controlID="72103D69-F061-4F2A-8F49-03DAA72443FB" controlTypeID="Image" x="0" y="38" w="571" h="645" zOrder="0">
                  <ShadowBlur>0</ShadowBlur>
                  <radiusIsPercent>True</radiusIsPercent>
                  <URL>E46C34B11B1E4937836188E91D3FC6E5.jpg</URL>
                  <fitMode>fmFit</fitMode>
                </control>
                <control controlID="37155FA1-76B8-42E0-AC5D-CE3A1BFED031" controlTypeID="Label" x="588" y="38" w="93" h="38" zOrder="1">
                  <ShadowBlur>0</ShadowBlur>
                  <font family="Bradley+Hand+ITC" displayName="Bradley+Hand+ITC_%26_Bold" postScript="" weightStyle="Bold" weight="700" isBold="True" isItalic="False" useDefaultFontFamily="False"/>
                  <text>Slikar%3A</text>
                  <textColor>4284900966</textColor>
                  <textSize>30</textSize>
                  <textAlign>HaCenter</textAlign>
                  <lineSpacing>0</lineSpacing>
                  <textStyles>[fsBold]</textStyles>
                  <useDefaultTextSize>False</useDefaultTextSize>
                  <selectedIndex>-1</selectedIndex>
                </control>
                <control controlID="F906CFB5-9B91-446F-9DB2-FDE823C28736" controlTypeID="Label" x="781" y="38" w="235" h="38" zOrder="2">
                  <ShadowBlur>0</ShadowBlur>
                  <font family="Bradley+Hand+ITC" displayName="Bradley+Hand+ITC_%26_Bold" postScript="" weightStyle="Bold" weight="700" isBold="True" isItalic="False" useDefaultFontFamily="False"/>
                  <text>Samantha+French</text>
                  <textColor>4284900966</textColor>
                  <textSize>30</textSize>
                  <textAlign>HaCenter</textAlign>
                  <lineSpacing>0</lineSpacing>
                  <textStyles>[fsBold]</textStyles>
                  <useDefaultTextSize>False</useDefaultTextSize>
                  <selectedIndex>-1</selectedIndex>
                </control>
                <control controlID="22AFD1D0-E9C7-4BBC-9786-28A83596555C" controlTypeID="Label" x="588" y="106" w="58" h="38" zOrder="3">
                  <ShadowBlur>0</ShadowBlur>
                  <font family="Bradley+Hand+ITC" displayName="Bradley+Hand+ITC_%26_Bold" postScript="" weightStyle="Bold" weight="700" isBold="True" isItalic="False" useDefaultFontFamily="False"/>
                  <text>Stil%3A</text>
                  <textColor>4284900966</textColor>
                  <textSize>30</textSize>
                  <textAlign>HaCenter</textAlign>
                  <lineSpacing>0</lineSpacing>
                  <textStyles>[fsBold]</textStyles>
                  <useDefaultTextSize>False</useDefaultTextSize>
                  <selectedIndex>-1</selectedIndex>
                </control>
                <control controlID="8FC00FD2-5586-4A88-8756-0404B5959991" controlTypeID="Label" x="773" y="106" w="111" h="38" zOrder="4">
                  <ShadowBlur>0</ShadowBlur>
                  <font family="Bradley+Hand+ITC" displayName="Bradley+Hand+ITC_%26_Bold" postScript="" weightStyle="Bold" weight="700" isBold="True" isItalic="False" useDefaultFontFamily="False"/>
                  <text>Moderna</text>
                  <textColor>4284900966</textColor>
                  <textSize>30</textSize>
                  <textAlign>HaCenter</textAlign>
                  <lineSpacing>0</lineSpacing>
                  <textStyles>[fsBold]</textStyles>
                  <useDefaultTextSize>False</useDefaultTextSize>
                  <selectedIndex>-1</selectedIndex>
                </control>
                <control controlID="DF6021AB-C116-4CE3-8241-1A4D7942910F" controlTypeID="Label" x="588" y="176" w="77" h="38" zOrder="5">
                  <ShadowBlur>0</ShadowBlur>
                  <font family="Bradley+Hand+ITC" displayName="Bradley+Hand+ITC_%26_Bold" postScript="" weightStyle="Bold" weight="700" isBold="True" isItalic="False" useDefaultFontFamily="False"/>
                  <text>Tema%3A</text>
                  <textColor>4284900966</textColor>
                  <textSize>30</textSize>
                  <textAlign>HaCenter</textAlign>
                  <lineSpacing>0</lineSpacing>
                  <textStyles>[fsBold]</textStyles>
                  <useDefaultTextSize>False</useDefaultTextSize>
                  <selectedIndex>-1</selectedIndex>
                </control>
                <control controlID="7BDB9F12-C6CC-4903-8C35-A8A5F3B1BF71" controlTypeID="Label" x="773" y="176" w="152" h="38" zOrder="6">
                  <ShadowBlur>0</ShadowBlur>
                  <font family="Bradley+Hand+ITC" displayName="Bradley+Hand+ITC_%26_Bold" postScript="" weightStyle="Bold" weight="700" isBold="True" isItalic="False" useDefaultFontFamily="False"/>
                  <text>Underwater</text>
                  <textColor>4284900966</textColor>
                  <textSize>30</textSize>
                  <textAlign>HaCenter</textAlign>
                  <lineSpacing>0</lineSpacing>
                  <textStyles>[fsBold]</textStyles>
                  <useDefaultTextSize>False</useDefaultTextSize>
                  <selectedIndex>-1</selectedIndex>
                </control>
                <control controlID="B497D18F-148E-43B0-B1F2-F5F008476717" controlTypeID="Border" x="0" y="0" w="1215" h="719" zOrder="7">
                  <alias>borderLayer</alias>
                  <ShadowBlur>0</ShadowBlur>
                </control>
              </groupChildrenDescriptors>
              <thinkness>1</thinkness>
            </control>
            <control controlID="51A244CF-DC68-4F6E-8164-1102365EF8B5" controlTypeID="ScrollView" x="575" y="281" w="606" h="400" zOrder="1">
              <color>4290314099</color>
              <borderColor>4290314099</borderColor>
              <ShadowBlur>0</ShadowBlur>
              <groupChildrenDescriptors>
                <control controlID="21B78878-FF1F-4BD4-BB1C-532AA0AF4CE0" controlTypeID="ScrollViewContentPanel" x="0" y="0" w="606" h="494" zOrder="0">
                  <alias>contentPanel</alias>
                  <ShadowBlur>0</ShadowBlur>
                  <groupChildrenDescriptors>
                    <control controlID="A1B44235-AF42-4580-AD3A-CE4F7394DB50" controlTypeID="TextArea" x="20" y="10" w="552" h="484" zOrder="0">
                      <borderColor>4286578432</borderColor>
                      <ShadowBlur>0</ShadowBlur>
                      <font family="Bradley+Hand+ITC" displayName="Bradley+Hand+ITC_%26_Bold" postScript="" weightStyle="Bold" weight="700" isBold="True" isItalic="False" useDefaultFontFamily="False"/>
                      <text>Lorem+ipsum+dolor+sit+amet%2C+consectetur+adipiscing+elit%2C+sed+do+eiusmod+tempor+incididunt+ut+labore+et+dolore+magna+aliqua.+Ut+enim+ad+minim+veniam%2C+quis+nostrud+exercitation+ullamco+laboris+nisi+ut+aliquip+ex+ea+commodo+consequat.+Duis+aute+irure+dolor+in+reprehenderit+in+voluptate+velit+esse+cillum+dolore+eu+fugiat+nulla+pariatur.+</text>
                      <textColor>4281545523</textColor>
                      <textSize>34</textSize>
                      <textStyles>[fsBold]</textStyles>
                      <useDefaultTextSize>False</useDefaultTextSize>
                      <selectedIndex>-1</selectedIndex>
                    </control>
                  </groupChildrenDescriptors>
                </control>
                <control controlID="9C430651-973D-42DD-8A4D-2D51DF4315A7" controlTypeID="Border" x="0" y="0" w="606" h="400" zOrder="1">
                  <color>4284900966</color>
                  <borderColor>4290314099</borderColor>
                  <alias>borderLayer</alias>
                  <ShadowBlur>0</ShadowBlur>
                </control>
              </groupChildrenDescriptors>
              <canHoriScroll>True</canHoriScroll>
            </control>
          </groupChildrenDescriptors>
        </control>
      </groupChildrenDescriptors>
    </control>
    <control controlID="A507E022-327D-4B53-A422-4916FE7D3B38" controlTypeID="PopupPanel" x="564" y="783" w="46" h="46" zOrder="27">
      <ShadowBlur>0</ShadowBlur>
      <groupChildrenDescriptors>
        <control controlID="F39CA0A0-402D-4E58-80A3-C2914F724A79" controlTypeID="Panel" x="0" y="0" w="1536" h="864" zOrder="0">
          <locked>True</locked>
          <color>1879048192</color>
          <borderVisible>False</borderVisible>
          <canMove>False</canMove>
          <alias>background</alias>
          <ShadowBlur>0</ShadowBlur>
          <groupChildrenDescriptors>
            <control controlID="9545864B-112D-4BB9-8189-6522102F8A5C" controlTypeID="Border" x="0" y="0" w="1536" h="864" zOrder="0">
              <borderVisible>False</borderVisible>
              <alias>borderLayer</alias>
              <ShadowBlur>0</ShadowBlur>
            </control>
          </groupChildrenDescriptors>
          <thinkness>1</thinkness>
        </control>
        <control controlID="A6BC56B6-E112-4EC0-8EF2-421EF926B0A6" controlTypeID="PopupPanelContent" x="169" y="87" w="1215" h="719" zOrder="1">
          <color>16777215</color>
          <alias>content</alias>
          <ShadowBlur>0</ShadowBlur>
          <groupChildrenDescriptors>
            <control controlID="87B82311-2DE2-4FD5-9C52-E68973499A08" controlTypeID="Panel" x="0" y="0" w="1215" h="719" zOrder="0">
              <color>4290314099</color>
              <ShadowBlur>0</ShadowBlur>
              <groupChildrenDescriptors>
                <control controlID="60AE2C3C-67EC-4153-BB6A-57E24A872F54" controlTypeID="Image" x="20" y="43" w="528" h="645" zOrder="0">
                  <ShadowBlur>0</ShadowBlur>
                  <radiusIsPercent>True</radiusIsPercent>
                  <URL>F713F7F9372171F0466AF50A4574BEFC.PNG</URL>
                  <fitMode>fmFit</fitMode>
                </control>
                <control controlID="98DAA3EB-B61C-4A74-B2C6-2A1962D443FA" controlTypeID="Label" x="588" y="38" w="93" h="38" zOrder="1">
                  <ShadowBlur>0</ShadowBlur>
                  <font family="Bradley+Hand+ITC" displayName="Bradley+Hand+ITC_%26_Bold" postScript="" weightStyle="Bold" weight="700" isBold="True" isItalic="False" useDefaultFontFamily="False"/>
                  <text>Slikar%3A</text>
                  <textColor>4284900966</textColor>
                  <textSize>30</textSize>
                  <textAlign>HaCenter</textAlign>
                  <lineSpacing>0</lineSpacing>
                  <textStyles>[fsBold]</textStyles>
                  <useDefaultTextSize>False</useDefaultTextSize>
                  <selectedIndex>-1</selectedIndex>
                </control>
                <control controlID="C78C0A8B-741F-4A01-87DE-FBB050EA6E65" controlTypeID="Label" x="747" y="38" w="304" h="38" zOrder="2">
                  <ShadowBlur>0</ShadowBlur>
                  <font family="Bradley+Hand+ITC" displayName="Bradley+Hand+ITC_%26_Bold" postScript="" weightStyle="Bold" weight="700" isBold="True" isItalic="False" useDefaultFontFamily="False"/>
                  <text>Edwin+Henry+Landseer</text>
                  <textColor>4284900966</textColor>
                  <textSize>30</textSize>
                  <textAlign>HaCenter</textAlign>
                  <lineSpacing>0</lineSpacing>
                  <textStyles>[fsBold]</textStyles>
                  <useDefaultTextSize>False</useDefaultTextSize>
                  <selectedIndex>-1</selectedIndex>
                </control>
                <control controlID="3046A1BD-5C19-4E7D-B326-421A113FDF11" controlTypeID="Label" x="588" y="106" w="58" h="38" zOrder="3">
                  <ShadowBlur>0</ShadowBlur>
                  <font family="Bradley+Hand+ITC" displayName="Bradley+Hand+ITC_%26_Bold" postScript="" weightStyle="Bold" weight="700" isBold="True" isItalic="False" useDefaultFontFamily="False"/>
                  <text>Stil%3A</text>
                  <textColor>4284900966</textColor>
                  <textSize>30</textSize>
                  <textAlign>HaCenter</textAlign>
                  <lineSpacing>0</lineSpacing>
                  <textStyles>[fsBold]</textStyles>
                  <useDefaultTextSize>False</useDefaultTextSize>
                  <selectedIndex>-1</selectedIndex>
                </control>
                <control controlID="4383B6FD-01F3-4EF2-8C28-CCF73E415AB3" controlTypeID="Label" x="747" y="106" w="111" h="38" zOrder="4">
                  <ShadowBlur>0</ShadowBlur>
                  <font family="Bradley+Hand+ITC" displayName="Bradley+Hand+ITC_%26_Bold" postScript="" weightStyle="Bold" weight="700" isBold="True" isItalic="False" useDefaultFontFamily="False"/>
                  <text>Moderna</text>
                  <textColor>4284900966</textColor>
                  <textSize>30</textSize>
                  <textAlign>HaCenter</textAlign>
                  <lineSpacing>0</lineSpacing>
                  <textStyles>[fsBold]</textStyles>
                  <useDefaultTextSize>False</useDefaultTextSize>
                  <selectedIndex>-1</selectedIndex>
                </control>
                <control controlID="00F3AD00-84B5-4474-BA7B-B8C175A92F28" controlTypeID="Label" x="588" y="176" w="77" h="38" zOrder="5">
                  <ShadowBlur>0</ShadowBlur>
                  <font family="Bradley+Hand+ITC" displayName="Bradley+Hand+ITC_%26_Bold" postScript="" weightStyle="Bold" weight="700" isBold="True" isItalic="False" useDefaultFontFamily="False"/>
                  <text>Tema%3A</text>
                  <textColor>4284900966</textColor>
                  <textSize>30</textSize>
                  <textAlign>HaCenter</textAlign>
                  <lineSpacing>0</lineSpacing>
                  <textStyles>[fsBold]</textStyles>
                  <useDefaultTextSize>False</useDefaultTextSize>
                  <selectedIndex>-1</selectedIndex>
                </control>
                <control controlID="8D8CF621-F0FC-4952-AA0A-EBFCE4807F3E" controlTypeID="Label" x="747" y="171" w="102" h="38" zOrder="6">
                  <ShadowBlur>0</ShadowBlur>
                  <font family="Bradley+Hand+ITC" displayName="Bradley+Hand+ITC_%26_Bold" postScript="" weightStyle="Bold" weight="700" isBold="True" isItalic="False" useDefaultFontFamily="False"/>
                  <text>Animal</text>
                  <textColor>4284900966</textColor>
                  <textSize>30</textSize>
                  <textAlign>HaCenter</textAlign>
                  <lineSpacing>0</lineSpacing>
                  <textStyles>[fsBold]</textStyles>
                  <useDefaultTextSize>False</useDefaultTextSize>
                  <selectedIndex>-1</selectedIndex>
                </control>
                <control controlID="B0D05DC7-32BE-4D1E-ADF4-C1BD0EA9585F" controlTypeID="Border" x="0" y="0" w="1215" h="719" zOrder="7">
                  <alias>borderLayer</alias>
                  <ShadowBlur>0</ShadowBlur>
                </control>
              </groupChildrenDescriptors>
              <thinkness>1</thinkness>
            </control>
            <control controlID="B4C32ED6-7ED8-434B-A1F9-F21DEFB422E9" controlTypeID="ScrollView" x="577" y="283" w="606" h="400" zOrder="1">
              <color>4290314099</color>
              <borderColor>4290314099</borderColor>
              <ShadowBlur>0</ShadowBlur>
              <groupChildrenDescriptors>
                <control controlID="8BE2AA67-4D8B-4A48-963B-16B86EA3F8FA" controlTypeID="ScrollViewContentPanel" x="0" y="0" w="606" h="494" zOrder="0">
                  <alias>contentPanel</alias>
                  <ShadowBlur>0</ShadowBlur>
                  <groupChildrenDescriptors>
                    <control controlID="44F22E6A-7B1C-4368-B90C-95CEEF7F5ABF" controlTypeID="TextArea" x="20" y="10" w="552" h="484" zOrder="0">
                      <borderColor>4286578432</borderColor>
                      <ShadowBlur>0</ShadowBlur>
                      <font family="Bradley+Hand+ITC" displayName="Bradley+Hand+ITC_%26_Bold" postScript="" weightStyle="Bold" weight="700" isBold="True" isItalic="False" useDefaultFontFamily="False"/>
                      <text>Lorem+ipsum+dolor+sit+amet%2C+consectetur+adipiscing+elit%2C+sed+do+eiusmod+tempor+incididunt+ut+labore+et+dolore+magna+aliqua.+Ut+enim+ad+minim+veniam%2C+quis+nostrud+exercitation+ullamco+laboris+nisi+ut+aliquip+ex+ea+commodo+consequat.+Duis+aute+irure+dolor+in+reprehenderit+in+voluptate+velit+esse+cillum+dolore+eu+fugiat+nulla+pariatur.+</text>
                      <textColor>4281545523</textColor>
                      <textSize>34</textSize>
                      <textStyles>[fsBold]</textStyles>
                      <useDefaultTextSize>False</useDefaultTextSize>
                      <selectedIndex>-1</selectedIndex>
                    </control>
                  </groupChildrenDescriptors>
                </control>
                <control controlID="15427B3D-244B-4E76-9004-B29FC7F0EAE6" controlTypeID="Border" x="0" y="0" w="606" h="400" zOrder="1">
                  <color>4284900966</color>
                  <borderColor>4290314099</borderColor>
                  <alias>borderLayer</alias>
                  <ShadowBlur>0</ShadowBlur>
                </control>
              </groupChildrenDescriptors>
              <canHoriScroll>True</canHoriScroll>
            </control>
          </groupChildrenDescriptors>
        </control>
      </groupChildrenDescriptors>
    </control>
    <control controlID="855BA430-2A45-4016-A186-0C2E349B6007" controlTypeID="PopupPanel" x="652" y="783" w="46" h="46" zOrder="28">
      <ShadowBlur>0</ShadowBlur>
      <groupChildrenDescriptors>
        <control controlID="298B51D5-94B1-4476-BAFA-77F440C373E4" controlTypeID="Panel" x="0" y="0" w="1536" h="864" zOrder="0">
          <locked>True</locked>
          <color>1879048192</color>
          <borderVisible>False</borderVisible>
          <canMove>False</canMove>
          <alias>background</alias>
          <ShadowBlur>0</ShadowBlur>
          <groupChildrenDescriptors>
            <control controlID="0F8ADE60-4F1D-4EB3-9778-292BFE2833A4" controlTypeID="Border" x="0" y="0" w="1536" h="864" zOrder="0">
              <borderVisible>False</borderVisible>
              <alias>borderLayer</alias>
              <ShadowBlur>0</ShadowBlur>
            </control>
          </groupChildrenDescriptors>
          <thinkness>1</thinkness>
        </control>
        <control controlID="91C2A682-4BBF-4A47-9049-4D573C63D449" controlTypeID="PopupPanelContent" x="171" y="89" w="1215" h="719" zOrder="1">
          <color>16777215</color>
          <alias>content</alias>
          <ShadowBlur>0</ShadowBlur>
          <groupChildrenDescriptors>
            <control controlID="87385167-D9E0-4FE8-A294-85A15A1EE8B1" controlTypeID="Panel" x="0" y="0" w="1215" h="719" zOrder="0">
              <color>4290314099</color>
              <ShadowBlur>0</ShadowBlur>
              <groupChildrenDescriptors>
                <control controlID="1927CB73-9F2C-495D-ADF4-6F6D8DA914F4" controlTypeID="Image" x="31" y="38" w="522" h="645" zOrder="0">
                  <ShadowBlur>0</ShadowBlur>
                  <radiusIsPercent>True</radiusIsPercent>
                  <URL>838F59539FF7A8648C1AD3D45024B70A.PNG</URL>
                  <fitMode>fmFit</fitMode>
                </control>
                <control controlID="A7208B30-30AA-4F11-8180-052FC97ECA5F" controlTypeID="Label" x="588" y="38" w="93" h="38" zOrder="1">
                  <ShadowBlur>0</ShadowBlur>
                  <font family="Bradley+Hand+ITC" displayName="Bradley+Hand+ITC_%26_Bold" postScript="" weightStyle="Bold" weight="700" isBold="True" isItalic="False" useDefaultFontFamily="False"/>
                  <text>Slikar%3A</text>
                  <textColor>4284900966</textColor>
                  <textSize>30</textSize>
                  <textAlign>HaCenter</textAlign>
                  <lineSpacing>0</lineSpacing>
                  <textStyles>[fsBold]</textStyles>
                  <useDefaultTextSize>False</useDefaultTextSize>
                  <selectedIndex>-1</selectedIndex>
                </control>
                <control controlID="148BBD68-4F5C-4456-B2E8-F7F8CEEB513D" controlTypeID="Label" x="747" y="38" w="304" h="38" zOrder="2">
                  <ShadowBlur>0</ShadowBlur>
                  <font family="Bradley+Hand+ITC" displayName="Bradley+Hand+ITC_%26_Bold" postScript="" weightStyle="Bold" weight="700" isBold="True" isItalic="False" useDefaultFontFamily="False"/>
                  <text>Edwin+Henry+Landseer</text>
                  <textColor>4284900966</textColor>
                  <textSize>30</textSize>
                  <textAlign>HaCenter</textAlign>
                  <lineSpacing>0</lineSpacing>
                  <textStyles>[fsBold]</textStyles>
                  <useDefaultTextSize>False</useDefaultTextSize>
                  <selectedIndex>-1</selectedIndex>
                </control>
                <control controlID="8E278DB1-A17C-46CB-AF6D-7D57F60D2167" controlTypeID="Label" x="588" y="106" w="58" h="38" zOrder="3">
                  <ShadowBlur>0</ShadowBlur>
                  <font family="Bradley+Hand+ITC" displayName="Bradley+Hand+ITC_%26_Bold" postScript="" weightStyle="Bold" weight="700" isBold="True" isItalic="False" useDefaultFontFamily="False"/>
                  <text>Stil%3A</text>
                  <textColor>4284900966</textColor>
                  <textSize>30</textSize>
                  <textAlign>HaCenter</textAlign>
                  <lineSpacing>0</lineSpacing>
                  <textStyles>[fsBold]</textStyles>
                  <useDefaultTextSize>False</useDefaultTextSize>
                  <selectedIndex>-1</selectedIndex>
                </control>
                <control controlID="97FBA550-E327-45B6-BEB1-C4525237504F" controlTypeID="Label" x="747" y="106" w="111" h="38" zOrder="4">
                  <ShadowBlur>0</ShadowBlur>
                  <font family="Bradley+Hand+ITC" displayName="Bradley+Hand+ITC_%26_Bold" postScript="" weightStyle="Bold" weight="700" isBold="True" isItalic="False" useDefaultFontFamily="False"/>
                  <text>Moderna</text>
                  <textColor>4284900966</textColor>
                  <textSize>30</textSize>
                  <textAlign>HaCenter</textAlign>
                  <lineSpacing>0</lineSpacing>
                  <textStyles>[fsBold]</textStyles>
                  <useDefaultTextSize>False</useDefaultTextSize>
                  <selectedIndex>-1</selectedIndex>
                </control>
                <control controlID="459F4E6D-8899-46D8-A717-06E07441C9CA" controlTypeID="Label" x="588" y="176" w="77" h="38" zOrder="5">
                  <ShadowBlur>0</ShadowBlur>
                  <font family="Bradley+Hand+ITC" displayName="Bradley+Hand+ITC_%26_Bold" postScript="" weightStyle="Bold" weight="700" isBold="True" isItalic="False" useDefaultFontFamily="False"/>
                  <text>Tema%3A</text>
                  <textColor>4284900966</textColor>
                  <textSize>30</textSize>
                  <textAlign>HaCenter</textAlign>
                  <lineSpacing>0</lineSpacing>
                  <textStyles>[fsBold]</textStyles>
                  <useDefaultTextSize>False</useDefaultTextSize>
                  <selectedIndex>-1</selectedIndex>
                </control>
                <control controlID="CB00AB7A-854B-45F8-91D0-53E8E6AAA385" controlTypeID="Label" x="747" y="176" w="115" h="38" zOrder="6">
                  <ShadowBlur>0</ShadowBlur>
                  <font family="Bradley+Hand+ITC" displayName="Bradley+Hand+ITC_%26_Bold" postScript="" weightStyle="Bold" weight="700" isBold="True" isItalic="False" useDefaultFontFamily="False"/>
                  <text>Animals</text>
                  <textColor>4284900966</textColor>
                  <textSize>30</textSize>
                  <textAlign>HaCenter</textAlign>
                  <lineSpacing>0</lineSpacing>
                  <textStyles>[fsBold]</textStyles>
                  <useDefaultTextSize>False</useDefaultTextSize>
                  <selectedIndex>-1</selectedIndex>
                </control>
                <control controlID="66FC63D3-4055-42E3-ABF6-2EA1E4A9B427" controlTypeID="Border" x="0" y="0" w="1215" h="719" zOrder="7">
                  <alias>borderLayer</alias>
                  <ShadowBlur>0</ShadowBlur>
                </control>
              </groupChildrenDescriptors>
              <thinkness>1</thinkness>
            </control>
            <control controlID="EEDF9D18-5821-4B0E-ADFA-B25034A62B38" controlTypeID="ScrollView" x="575" y="281" w="606" h="400" zOrder="1">
              <color>4290314099</color>
              <borderColor>4290314099</borderColor>
              <ShadowBlur>0</ShadowBlur>
              <groupChildrenDescriptors>
                <control controlID="95A3A826-875B-4F48-BBC3-E94B84EA9482" controlTypeID="ScrollViewContentPanel" x="0" y="0" w="606" h="494" zOrder="0">
                  <alias>contentPanel</alias>
                  <ShadowBlur>0</ShadowBlur>
                  <groupChildrenDescriptors>
                    <control controlID="353EDAF8-9CCB-4B8C-BA33-939263E892C7" controlTypeID="TextArea" x="20" y="10" w="552" h="484" zOrder="0">
                      <borderColor>4286578432</borderColor>
                      <ShadowBlur>0</ShadowBlur>
                      <font family="Bradley+Hand+ITC" displayName="Bradley+Hand+ITC_%26_Bold" postScript="" weightStyle="Bold" weight="700" isBold="True" isItalic="False" useDefaultFontFamily="False"/>
                      <text>Lorem+ipsum+dolor+sit+amet%2C+consectetur+adipiscing+elit%2C+sed+do+eiusmod+tempor+incididunt+ut+labore+et+dolore+magna+aliqua.+Ut+enim+ad+minim+veniam%2C+quis+nostrud+exercitation+ullamco+laboris+nisi+ut+aliquip+ex+ea+commodo+consequat.+Duis+aute+irure+dolor+in+reprehenderit+in+voluptate+velit+esse+cillum+dolore+eu+fugiat+nulla+pariatur.+</text>
                      <textColor>4281545523</textColor>
                      <textSize>34</textSize>
                      <textStyles>[fsBold]</textStyles>
                      <useDefaultTextSize>False</useDefaultTextSize>
                      <selectedIndex>-1</selectedIndex>
                    </control>
                  </groupChildrenDescriptors>
                </control>
                <control controlID="7FE7107D-8213-4740-BCBB-6072CAE2F11E" controlTypeID="Border" x="0" y="0" w="606" h="400" zOrder="1">
                  <color>4284900966</color>
                  <borderColor>4290314099</borderColor>
                  <alias>borderLayer</alias>
                  <ShadowBlur>0</ShadowBlur>
                </control>
              </groupChildrenDescriptors>
              <canHoriScroll>True</canHoriScroll>
            </control>
          </groupChildrenDescriptors>
        </control>
      </groupChildrenDescriptors>
    </control>
  </controls>
  <param>
    <backgroundColor>4284900966</backgroundColor>
    <fontSize>14</fontSize>
    <fontFamily>Segoe+UI</fontFamily>
    <guideLines/>
  </param>
</mockup>