﻿<mockup version="5.3" minAllowVersion="5.3" ID="E7BD8BB4-7597-425F-B02B-90FC145D42C8" platform="MtWeb" defaultW="1536" defaultH="864" measureW="1536" measureH="864" mobileScreenScale="0">
  <controls controlCount="29">
    <control controlID="1A02E2C5-4110-4A40-A620-6AA21793B102" controlTypeID="Image" x="0" y="0" w="1536" h="864" zOrder="0">
      <ShadowBlur>0</ShadowBlur>
      <URL>9353A407A077278C67C7F23C935D216B.png</URL>
    </control>
    <control controlID="5F1EFF97-1D4D-4278-9D2C-95CFC1FEC6E6" controlTypeID="HRule" x="0" y="84" w="1536" h="12" zOrder="1">
      <color>4281545523</color>
      <ShadowBlur>0</ShadowBlur>
    </control>
    <control controlID="5D7051B2-A44A-4695-BAB3-399102C175EE" controlTypeID="CompositeComboBox" x="717" y="24" w="200" h="32" zOrder="2">
      <borderColor>4286578432</borderColor>
      <ShadowBlur>0</ShadowBlur>
      <groupChildrenDescriptors>
        <control controlID="8DCA88B9-6137-4B5A-A7DE-006434CFD726" controlTypeID="TextInput" x="0" y="0" w="177" h="32" zOrder="0">
          <locked>True</locked>
          <borderColor>4286578432</borderColor>
          <canMove>False</canMove>
          <alias>input</alias>
          <ShadowBlur>0</ShadowBlur>
          <font family="Segoe+UI" displayName="Segoe+UI" postScript="" weightStyle="Regular" weight="400" isBold="False" isItalic="False" useDefaultFontFamily="False"/>
          <text>Stil</text>
          <lineSpacing>0</lineSpacing>
          <selectedIndex>-1</selectedIndex>
        </control>
        <control controlID="98C814D3-2E73-4E1A-9906-A6AB24CC1292" controlTypeID="Button" x="176" y="0" w="24" h="32" zOrder="1">
          <locked>True</locked>
          <borderColor>4286578432</borderColor>
          <canMove>False</canMove>
          <alias>button</alias>
          <ShadowBlur>0</ShadowBlur>
          <font family="Segoe+UI" displayName="Segoe+UI" postScript="" weightStyle="Regular" weight="400" isBold="False" isItalic="False"/>
          <lineSpacing>0</lineSpacing>
          <selectedIndex>-1</selectedIndex>
          <radius>0</radius>
        </control>
        <control controlID="F177D5D9-C4E9-4A7D-A2FD-F71BF7D54924" controlTypeID="List" x="0" y="32" w="200" h="138" zOrder="2">
          <isShow>False</isShow>
          <borderColor>4286578432</borderColor>
          <canMove>False</canMove>
          <alias>dropDown</alias>
          <ShadowBlur>0</ShadowBlur>
          <font family="Segoe+UI" displayName="Segoe+UI" postScript="" weightStyle="Regular" weight="400" isBold="False" isItalic="False" useDefaultFontFamily="False"/>
          <text>Stil%0D%0AKlasicizam%0D%0AKubizam%0D%0ABarok</text>
          <textSize>14</textSize>
          <lineSpacing>0</lineSpacing>
          <itemHeight>32</itemHeight>
          <interlaceColor>4294967295</interlaceColor>
        </control>
      </groupChildrenDescriptors>
      <canInput>True</canInput>
      <baseHeight>32</baseHeight>
      <font family="Segoe+UI"/>
      <textSize>14</textSize>
    </control>
    <control controlID="9EED6BB3-A390-4987-903E-AEB1BB324224" controlTypeID="Button" x="985" y="24" w="100" h="32" zOrder="3">
      <color>4281545523</color>
      <ShadowBlur>0</ShadowBlur>
      <font family="Bradley+Hand+ITC" displayName="Bradley+Hand+ITC_%26_Bold" postScript="" weightStyle="Bold" weight="700" isBold="True" isItalic="False" useDefaultFontFamily="False"/>
      <text>Pretra%C5%BEi</text>
      <textColor>4286578432</textColor>
      <textSize>24</textSize>
      <lineSpacing>0</lineSpacing>
      <textStyles>[fsBold]</textStyles>
      <useDefaultTextSize>False</useDefaultTextSize>
      <selectedIndex>-1</selectedIndex>
      <radius>100</radius>
      <radiusIsPercent>True</radiusIsPercent>
    </control>
    <control controlID="0B8DD29C-BCF4-4892-A491-A783E0734699" controlTypeID="TextInput" x="70" y="24" w="250" h="32" zOrder="4">
      <ShadowBlur>0</ShadowBlur>
      <font family="Bradley+Hand+ITC" displayName="Bradley+Hand+ITC" postScript="" weightStyle="Regular" weight="400" isBold="False" isItalic="False" useDefaultFontFamily="False"/>
      <textSize>20</textSize>
      <lineSpacing>0</lineSpacing>
      <useDefaultTextSize>False</useDefaultTextSize>
      <selectedIndex>-1</selectedIndex>
      <placeHolder>Slikar</placeHolder>
      <radius>16</radius>
    </control>
    <control controlID="9DA6E850-7868-4D0F-81A8-90E33E3A804A" controlTypeID="TextInput" x="393" y="24" w="250" h="32" zOrder="5">
      <ShadowBlur>0</ShadowBlur>
      <font family="Bradley+Hand+ITC" displayName="Bradley+Hand+ITC" postScript="" weightStyle="Regular" weight="400" isBold="False" isItalic="False" useDefaultFontFamily="False"/>
      <textSize>20</textSize>
      <lineSpacing>0</lineSpacing>
      <useDefaultTextSize>False</useDefaultTextSize>
      <selectedIndex>-1</selectedIndex>
      <placeHolder>Tematika</placeHolder>
      <radius>16</radius>
    </control>
    <control controlID="ED3CE5AA-3344-4E7E-9C24-175FC7D1F0FB" controlTypeID="Icon" x="1352" y="10" w="64" h="64" zOrder="6">
      <color>4281545523</color>
      <ShadowBlur>0</ShadowBlur>
      <links eventType="AtClick" animate="AmNone" animateAutoDelay="0" animateDuration="500">
        <link targetPageID="A8D85D53-56A9-41E5-AF5C-15DAF5E050EC" linkType="ltPageLink" isApplyIncludePage="False" title="Korpa">
          <area shape="0" alt="" ID="{080A8D63-3F8D-4E02-BCCC-EB5A62E62C24}" coords="(0,0,64,64)"/>
        </link>
      </links>
      <icon>
        <ID/>
        <iconFontName>jdIcoFont</iconFontName>
        <iconCode>59230</iconCode>
      </icon>
      <URL>1D76A1953ACB7053D75125F70C5D5E2C.svg</URL>
    </control>
    <control controlID="64F94647-CDBD-473F-8B7F-C77DC99304E7" controlTypeID="ColorPicker" x="1452" y="10" w="64" h="64" zOrder="7">
      <color>4281545523</color>
      <ShadowBlur>0</ShadowBlur>
    </control>
    <control controlID="F46E76F2-2D19-40DD-9E0F-BFAF82E8A6F8" controlTypeID="Image" x="1460" y="14" w="48" h="55" zOrder="8">
      <ShadowBlur>0</ShadowBlur>
      <links eventType="AtClick" animate="AmNone" animateAutoDelay="0" animateDuration="500">
        <link targetPageID="94C2C370-F2BB-4CD2-8734-AEC9E0486530" linkType="ltPageLink" isApplyIncludePage="False" title="Informacije+o+nalogu">
          <area shape="0" alt="" ID="{2D97B28C-BEA6-4CAF-9289-24CC7A774D03}" coords="(0,0,48,55)"/>
        </link>
      </links>
      <URL>82F81C14AEE290F8A65EB9D1267CFB47.jpg</URL>
    </control>
    <control controlID="C37B26A6-D7A6-493B-9186-29F974473939" controlTypeID="ScrollView" x="0" y="96" w="1536" h="768" zOrder="9">
      <color>4284900966</color>
      <borderVisible>False</borderVisible>
      <ShadowBlur>0</ShadowBlur>
      <groupChildrenDescriptors>
        <control controlID="FB40845A-72BD-4154-A8DB-F3FB3FB0DF5E" controlTypeID="ScrollViewContentPanel" x="0" y="0" w="1550" h="1756" zOrder="0">
          <alias>contentPanel</alias>
          <ShadowBlur>0</ShadowBlur>
          <groupChildrenDescriptors>
            <control controlID="1FEBD6A4-3CC8-4CD3-8D25-B4029051ECE7" controlTypeID="Image" x="0" y="0" w="1546" h="912" zOrder="0">
              <ShadowBlur>0</ShadowBlur>
              <URL>9353A407A077278C67C7F23C935D216B.png</URL>
            </control>
            <control controlID="AC3A986C-E89A-4268-8293-83F5E3B9DBD7" controlTypeID="Image" x="70" y="120" w="492" h="497" zOrder="1">
              <ShadowBlur>0</ShadowBlur>
              <radiusIsPercent>True</radiusIsPercent>
              <URL>E46C34B11B1E4937836188E91D3FC6E5.jpg</URL>
              <fitMode>fmFit</fitMode>
            </control>
            <control controlID="94813478-FC67-4F8C-A887-C64A7203EB46" controlTypeID="Label" x="113" y="636" w="93" h="38" zOrder="2">
              <ShadowBlur>0</ShadowBlur>
              <font family="Bradley+Hand+ITC" displayName="Bradley+Hand+ITC_%26_Bold" postScript="" weightStyle="Bold" weight="700" isBold="True" isItalic="False" useDefaultFontFamily="False"/>
              <text>Slikar%3A</text>
              <textColor>4286578432</textColor>
              <textSize>30</textSize>
              <lineSpacing>0</lineSpacing>
              <textStyles>[fsBold]</textStyles>
              <useDefaultTextSize>False</useDefaultTextSize>
              <selectedIndex>-1</selectedIndex>
            </control>
            <control controlID="63546639-4A29-4273-A0F5-EFBDD2801A60" controlTypeID="Label" x="258" y="636" w="235" h="38" zOrder="3">
              <ShadowBlur>0</ShadowBlur>
              <font family="Bradley+Hand+ITC" displayName="Bradley+Hand+ITC_%26_Bold" postScript="" weightStyle="Bold" weight="700" isBold="True" isItalic="False" useDefaultFontFamily="False"/>
              <text>Samantha+French</text>
              <textColor>4286578432</textColor>
              <textSize>30</textSize>
              <lineSpacing>0</lineSpacing>
              <textStyles>[fsBold]</textStyles>
              <useDefaultTextSize>False</useDefaultTextSize>
              <selectedIndex>-1</selectedIndex>
            </control>
            <control controlID="B29AEF79-C0CC-478A-8500-4CFA49168674" controlTypeID="Label" x="113" y="674" w="58" h="38" zOrder="4">
              <ShadowBlur>0</ShadowBlur>
              <font family="Bradley+Hand+ITC" displayName="Bradley+Hand+ITC_%26_Bold" postScript="" weightStyle="Bold" weight="700" isBold="True" isItalic="False" useDefaultFontFamily="False"/>
              <text>Stil%3A</text>
              <textColor>4286578432</textColor>
              <textSize>30</textSize>
              <lineSpacing>0</lineSpacing>
              <textStyles>[fsBold]</textStyles>
              <useDefaultTextSize>False</useDefaultTextSize>
              <selectedIndex>-1</selectedIndex>
            </control>
            <control controlID="0572C167-AA6D-40BA-A34F-3D1BBA1E5DEE" controlTypeID="Label" x="258" y="674" w="111" h="38" zOrder="5">
              <ShadowBlur>0</ShadowBlur>
              <font family="Bradley+Hand+ITC" displayName="Bradley+Hand+ITC_%26_Bold" postScript="" weightStyle="Bold" weight="700" isBold="True" isItalic="False" useDefaultFontFamily="False"/>
              <text>Moderna</text>
              <textColor>4286578432</textColor>
              <textSize>30</textSize>
              <lineSpacing>0</lineSpacing>
              <textStyles>[fsBold]</textStyles>
              <useDefaultTextSize>False</useDefaultTextSize>
              <selectedIndex>-1</selectedIndex>
            </control>
            <control controlID="631CBAE2-97C4-4CC9-BBD7-E41CA07AFADD" controlTypeID="Label" x="113" y="712" w="77" h="38" zOrder="6">
              <ShadowBlur>0</ShadowBlur>
              <font family="Bradley+Hand+ITC" displayName="Bradley+Hand+ITC_%26_Bold" postScript="" weightStyle="Bold" weight="700" isBold="True" isItalic="False" useDefaultFontFamily="False"/>
              <text>Tema%3A</text>
              <textColor>4286578432</textColor>
              <textSize>30</textSize>
              <lineSpacing>0</lineSpacing>
              <textStyles>[fsBold]</textStyles>
              <useDefaultTextSize>False</useDefaultTextSize>
              <selectedIndex>-1</selectedIndex>
            </control>
            <control controlID="45465E1C-3563-49C3-9EBA-85010A7E164B" controlTypeID="Label" x="258" y="712" w="152" h="38" zOrder="7">
              <ShadowBlur>0</ShadowBlur>
              <font family="Bradley+Hand+ITC" displayName="Bradley+Hand+ITC_%26_Bold" postScript="" weightStyle="Bold" weight="700" isBold="True" isItalic="False" useDefaultFontFamily="False"/>
              <text>Underwater</text>
              <textColor>4286578432</textColor>
              <textSize>30</textSize>
              <lineSpacing>0</lineSpacing>
              <textStyles>[fsBold]</textStyles>
              <useDefaultTextSize>False</useDefaultTextSize>
              <selectedIndex>-1</selectedIndex>
            </control>
            <control controlID="7BE24BFA-E4CB-425C-88AA-1E924E54A912" controlTypeID="TextArea" x="592" y="42" w="799" h="349" zOrder="8">
              <borderColor>4286578432</borderColor>
              <ShadowBlur>0</ShadowBlur>
              <font family="Bradley+Hand+ITC" displayName="Bradley+Hand+ITC_%26_Bold" postScript="" weightStyle="Bold" weight="700" isBold="True" isItalic="False" useDefaultFontFamily="False"/>
              <text>Lorem+ipsum+dolor+sit+amet%2C+consectetur+adipiscing+elit%2C+sed+do+eiusmod+tempor+incididunt+ut+labore+et+dolore+magna+aliqua.+Ut+enim+ad+minim+veniam%2C+quis+nostrud+exercitation+ullamco+laboris+nisi+ut+aliquip+ex+ea+commodo+consequat.+Duis+aute+irure+dolor+in+reprehenderit+in+voluptate+velit+esse+cillum+dolore+eu+fugiat+nulla+pariatur.+</text>
              <textColor>4281545523</textColor>
              <textSize>34</textSize>
              <textStyles>[fsBold]</textStyles>
              <useDefaultTextSize>False</useDefaultTextSize>
              <selectedIndex>-1</selectedIndex>
            </control>
            <control controlID="C4B13D8D-748E-45E3-B41C-99D8DFA0773B" controlTypeID="Label" x="592" y="393" w="141" h="75" zOrder="9">
              <ShadowBlur>0</ShadowBlur>
              <font family="Bradley+Hand+ITC" displayName="Bradley+Hand+ITC_%26_Bold" postScript="" weightStyle="Bold" weight="700" isBold="True" isItalic="False" useDefaultFontFamily="False"/>
              <text>Cena%3A</text>
              <textColor>4286578432</textColor>
              <textSize>60</textSize>
              <lineSpacing>0</lineSpacing>
              <textStyles>[fsBold]</textStyles>
              <useDefaultTextSize>False</useDefaultTextSize>
              <selectedIndex>-1</selectedIndex>
            </control>
            <control controlID="C531F2B8-8A35-41CF-B6F2-9B95CB3F99C1" controlTypeID="TextInput" x="826" y="401" w="300" h="60" zOrder="10">
              <ShadowBlur>0</ShadowBlur>
              <font family="Bradley+Hand+ITC" displayName="Bradley+Hand+ITC_%26_Bold" postScript="" weightStyle="Bold" weight="700" isBold="True" isItalic="False" useDefaultFontFamily="False"/>
              <text>3500.00$</text>
              <textSize>30</textSize>
              <lineSpacing>0</lineSpacing>
              <textStyles>[fsBold]</textStyles>
              <useDefaultTextSize>False</useDefaultTextSize>
              <selectedIndex>-1</selectedIndex>
              <canInput>False</canInput>
              <radius>16</radius>
            </control>
            <control controlID="7E29EA6D-28C4-4F92-941F-14219AF30AB1" controlTypeID="Button" x="117" y="28" w="400" h="72" zOrder="11">
              <color>4281545523</color>
              <borderVisible>False</borderVisible>
              <ShadowBlur>0</ShadowBlur>
              <font family="Bradley+Hand+ITC" displayName="Bradley+Hand+ITC_%26_Bold" postScript="" weightStyle="Bold" weight="700" isBold="True" isItalic="False" useDefaultFontFamily="False"/>
              <text>Underwater+tranquility</text>
              <textColor>4286578432</textColor>
              <textSize>32</textSize>
              <lineSpacing>0</lineSpacing>
              <textStyles>[fsBold]</textStyles>
              <useDefaultTextSize>False</useDefaultTextSize>
              <selectedIndex>-1</selectedIndex>
              <radius>100</radius>
              <radiusIsPercent>True</radiusIsPercent>
              <thickness>7</thickness>
            </control>
          </groupChildrenDescriptors>
        </control>
        <control controlID="41E7035B-B8FA-416D-B4FF-D5A61FF5059C" controlTypeID="Border" x="0" y="0" w="1536" h="768" zOrder="1">
          <color>4284900966</color>
          <borderColor>4278190080</borderColor>
          <borderVisible>False</borderVisible>
          <alias>borderLayer</alias>
          <ShadowBlur>0</ShadowBlur>
        </control>
      </groupChildrenDescriptors>
      <canHoriScroll>True</canHoriScroll>
    </control>
    <control controlID="C4AFE305-8E8A-4BB3-AEB3-4829FAFD18DA" controlTypeID="Image" x="1381" y="760" w="135" h="84" zOrder="10">
      <ShadowBlur>0</ShadowBlur>
      <URL>553C79B8BB334A24B76BC57838CE7B5A.png</URL>
    </control>
    <control controlID="65CBF33F-FFD7-44C0-ACEF-1D8E71747608" controlTypeID="Button" x="748" y="630" w="372" h="84" zOrder="11">
      <color>4281545523</color>
      <ShadowBlur>0</ShadowBlur>
      <font family="Bradley+Hand+ITC" displayName="Bradley+Hand+ITC_%26_Bold" postScript="" weightStyle="Bold" weight="700" isBold="True" isItalic="False" useDefaultFontFamily="False"/>
      <text>Ukloni+sliku</text>
      <textColor>4286578432</textColor>
      <textSize>40</textSize>
      <lineSpacing>0</lineSpacing>
      <textStyles>[fsBold]</textStyles>
      <useDefaultTextSize>False</useDefaultTextSize>
      <selectedIndex>-1</selectedIndex>
      <radius>100</radius>
      <radiusIsPercent>True</radiusIsPercent>
    </control>
  </controls>
  <param>
    <backgroundColor>4284900966</backgroundColor>
    <fontSize>14</fontSize>
    <fontFamily>Segoe+UI</fontFamily>
    <guideLines/>
  </param>
</mockup>