﻿<mockup version="5.3" minAllowVersion="5.3" ID="EBB659F3-F0CE-4C29-A989-AAAB6EE56A3A" platform="MtWeb" defaultW="1536" defaultH="864" measureW="1536" measureH="864" mobileScreenScale="0">
  <controls controlCount="45">
    <control controlID="771BB95E-ADF4-4D30-9BE8-A034D25AA964" controlTypeID="Image" x="0" y="0" w="1536" h="864" zOrder="0">
      <ShadowBlur>0</ShadowBlur>
      <URL>9353A407A077278C67C7F23C935D216B.png</URL>
    </control>
    <control controlID="10481CD2-AF64-455E-88F6-3A351126C368" controlTypeID="HRule" x="0" y="84" w="1536" h="12" zOrder="1">
      <color>4281545523</color>
      <ShadowBlur>0</ShadowBlur>
    </control>
    <control controlID="4EECBABB-280E-4FA8-BC2B-1C354A2443B6" controlTypeID="CompositeComboBox" x="717" y="24" w="200" h="32" zOrder="2">
      <borderColor>4286578432</borderColor>
      <ShadowBlur>0</ShadowBlur>
      <groupChildrenDescriptors>
        <control controlID="145DD8C8-DD6D-4E21-BA66-68E99A3A05D3" controlTypeID="TextInput" x="0" y="0" w="177" h="32" zOrder="0">
          <locked>True</locked>
          <borderColor>4286578432</borderColor>
          <canMove>False</canMove>
          <alias>input</alias>
          <ShadowBlur>0</ShadowBlur>
          <font family="Segoe+UI" displayName="Segoe+UI" postScript="" weightStyle="Regular" weight="400" isBold="False" isItalic="False" useDefaultFontFamily="False"/>
          <text>Stil</text>
          <lineSpacing>0</lineSpacing>
          <selectedIndex>-1</selectedIndex>
        </control>
        <control controlID="AA498DB8-D40A-4AC5-AC25-F1D6201A7923" controlTypeID="Button" x="176" y="0" w="24" h="32" zOrder="1">
          <locked>True</locked>
          <borderColor>4286578432</borderColor>
          <canMove>False</canMove>
          <alias>button</alias>
          <ShadowBlur>0</ShadowBlur>
          <font family="Segoe+UI" displayName="Segoe+UI" postScript="" weightStyle="Regular" weight="400" isBold="False" isItalic="False"/>
          <lineSpacing>0</lineSpacing>
          <selectedIndex>-1</selectedIndex>
          <radius>0</radius>
        </control>
        <control controlID="452BCCDC-14DA-43C9-A2A2-FBA4020A859B" controlTypeID="List" x="0" y="32" w="200" h="138" zOrder="2">
          <isShow>False</isShow>
          <borderColor>4286578432</borderColor>
          <canMove>False</canMove>
          <alias>dropDown</alias>
          <ShadowBlur>0</ShadowBlur>
          <font family="Segoe+UI" displayName="Segoe+UI" postScript="" weightStyle="Regular" weight="400" isBold="False" isItalic="False" useDefaultFontFamily="False"/>
          <text>Stil%0D%0AKlasicizam%0D%0AKubizam%0D%0ABarok</text>
          <textSize>14</textSize>
          <lineSpacing>0</lineSpacing>
          <itemHeight>32</itemHeight>
          <interlaceColor>4294967295</interlaceColor>
        </control>
      </groupChildrenDescriptors>
      <canInput>True</canInput>
      <baseHeight>32</baseHeight>
      <font family="Segoe+UI"/>
      <textSize>14</textSize>
    </control>
    <control controlID="A5BBE96F-E030-491E-A38E-3B43D45F2689" controlTypeID="Button" x="985" y="24" w="100" h="32" zOrder="3">
      <color>4281545523</color>
      <ShadowBlur>0</ShadowBlur>
      <font family="Bradley+Hand+ITC" displayName="Bradley+Hand+ITC_%26_Bold" postScript="" weightStyle="Bold" weight="700" isBold="True" isItalic="False" useDefaultFontFamily="False"/>
      <text>Pretra%C5%BEi</text>
      <textColor>4286578432</textColor>
      <textSize>24</textSize>
      <lineSpacing>0</lineSpacing>
      <textStyles>[fsBold]</textStyles>
      <useDefaultTextSize>False</useDefaultTextSize>
      <selectedIndex>-1</selectedIndex>
      <radius>100</radius>
      <radiusIsPercent>True</radiusIsPercent>
    </control>
    <control controlID="07C77E19-CE05-4A02-9E34-2748B5CC88C2" controlTypeID="TextInput" x="70" y="24" w="250" h="32" zOrder="4">
      <ShadowBlur>0</ShadowBlur>
      <font family="Bradley+Hand+ITC" displayName="Bradley+Hand+ITC" postScript="" weightStyle="Regular" weight="400" isBold="False" isItalic="False" useDefaultFontFamily="False"/>
      <textSize>20</textSize>
      <lineSpacing>0</lineSpacing>
      <useDefaultTextSize>False</useDefaultTextSize>
      <selectedIndex>-1</selectedIndex>
      <placeHolder>Slikar</placeHolder>
      <radius>16</radius>
    </control>
    <control controlID="BAB112EF-ED7E-4183-BAE3-3E672F0C7DAE" controlTypeID="TextInput" x="393" y="24" w="250" h="32" zOrder="5">
      <ShadowBlur>0</ShadowBlur>
      <font family="Bradley+Hand+ITC" displayName="Bradley+Hand+ITC" postScript="" weightStyle="Regular" weight="400" isBold="False" isItalic="False" useDefaultFontFamily="False"/>
      <textSize>20</textSize>
      <lineSpacing>0</lineSpacing>
      <useDefaultTextSize>False</useDefaultTextSize>
      <selectedIndex>-1</selectedIndex>
      <placeHolder>Tematika</placeHolder>
      <radius>16</radius>
    </control>
    <control controlID="C19AB99F-617A-4C6E-A58A-3B9732D781DA" controlTypeID="Icon" x="1352" y="10" w="64" h="64" zOrder="6">
      <color>4281545523</color>
      <ShadowBlur>0</ShadowBlur>
      <icon>
        <ID/>
        <iconFontName>jdIcoFont</iconFontName>
        <iconCode>59230</iconCode>
      </icon>
      <URL>1D76A1953ACB7053D75125F70C5D5E2C.svg</URL>
    </control>
    <control controlID="00D814BE-BF13-42D1-B682-0D87C7295E76" controlTypeID="Image" x="1381" y="760" w="135" h="84" zOrder="7">
      <ShadowBlur>0</ShadowBlur>
      <URL>553C79B8BB334A24B76BC57838CE7B5A.png</URL>
    </control>
    <control controlID="174622ED-23FB-4D8C-8BD3-D36E55D8DD48" controlTypeID="Panel" x="84" y="130" w="1356" h="630" zOrder="8">
      <color>4281545523</color>
      <ShadowBlur>0</ShadowBlur>
      <groupChildrenDescriptors>
        <control controlID="3F703347-E21E-44DD-979C-4FEBF547C14E" controlTypeID="ImageCarousel" x="20" y="38" w="558" h="484" zOrder="0">
          <ShadowBlur>0</ShadowBlur>
          <groupChildrenDescriptors>
            <control controlID="BA1D529B-97F1-4366-8BB0-4CAA497FA2F4" controlTypeID="ImageBackground" x="0" y="0" w="558" h="484" zOrder="0">
              <caption>Underwater</caption>
              <ShadowBlur>0</ShadowBlur>
              <groupChildrenDescriptors/>
              <URL>B5A9D21F4D670CFFB60AF876F4EB7BFA.png</URL>
            </control>
            <control controlID="5B962722-9E46-44DA-9AE2-810B46022E84" controlTypeID="ImageBackground" x="0" y="0" w="558" h="484" zOrder="1">
              <caption>kuce+2+-+Copy</caption>
              <ShadowBlur>0</ShadowBlur>
              <groupChildrenDescriptors/>
              <URL>271D1CBC709F1BB828AFF74DA0FA0988.png</URL>
            </control>
            <control controlID="0F78154F-5781-461D-8EB3-049F2188E364" controlTypeID="ImageBackground" x="0" y="0" w="558" h="484" zOrder="2">
              <caption>49E63184CEBAC84F592EA8742A4AA439</caption>
              <ShadowBlur>0</ShadowBlur>
              <groupChildrenDescriptors/>
              <URL>49E63184CEBAC84F592EA8742A4AA439.png</URL>
            </control>
            <control controlID="606DFDFB-7BFF-4BF6-AFF3-B5F777B29FED" controlTypeID="ImageBackground" x="0" y="0" w="558" h="484" zOrder="3">
              <caption>Baloons+-+Copy</caption>
              <ShadowBlur>0</ShadowBlur>
              <groupChildrenDescriptors/>
              <URL>66A845A167BB212677016158B15D3B90.png</URL>
            </control>
          </groupChildrenDescriptors>
          <selectedIndex>3</selectedIndex>
          <aniType>spaSlide</aniType>
          <playInterval>4000</playInterval>
          <indicatorColor>4286578432</indicatorColor>
          <fitMode>fmStretchFit</fitMode>
        </control>
        <control controlID="5F94EC41-0671-42DE-808F-512E5E3FC326" controlTypeID="TextInput" x="334" y="550" w="244" h="60" zOrder="1">
          <borderColor>4281545523</borderColor>
          <ShadowBlur>0</ShadowBlur>
          <font family="Bradley+Hand+ITC" displayName="Bradley+Hand+ITC_%26_Bold" postScript="" weightStyle="Bold" weight="700" isBold="True" isItalic="False" useDefaultFontFamily="False"/>
          <text>14000.00$</text>
          <textSize>40</textSize>
          <lineSpacing>0</lineSpacing>
          <textStyles>[fsBold]</textStyles>
          <useDefaultTextSize>False</useDefaultTextSize>
          <selectedIndex>-1</selectedIndex>
          <canInput>False</canInput>
          <radius>20</radius>
        </control>
        <control controlID="A11AA756-7A7A-4237-A9C3-2D5E527DC4C7" controlTypeID="Label" x="25" y="550" w="299" h="63" zOrder="2">
          <ShadowBlur>0</ShadowBlur>
          <font family="Bradley+Hand+ITC" displayName="Bradley+Hand+ITC_%26_Bold" postScript="" weightStyle="Bold" weight="700" isBold="True" isItalic="False" useDefaultFontFamily="False"/>
          <text>Ukupna+cena%3A</text>
          <textColor>4286578432</textColor>
          <textSize>50</textSize>
          <lineSpacing>0</lineSpacing>
          <textStyles>[fsBold]</textStyles>
          <useDefaultTextSize>False</useDefaultTextSize>
          <selectedIndex>-1</selectedIndex>
        </control>
        <control controlID="3B997276-7B04-4113-998E-268C9D0387A8" controlTypeID="Label" x="631" y="26" w="69" h="50" zOrder="3">
          <ShadowBlur>0</ShadowBlur>
          <font family="Bradley+Hand+ITC" displayName="Bradley+Hand+ITC_%26_Bold" postScript="" weightStyle="Bold" weight="700" isBold="True" isItalic="False" useDefaultFontFamily="False"/>
          <text>Ime%3A</text>
          <textColor>4286578432</textColor>
          <textSize>40</textSize>
          <lineSpacing>0</lineSpacing>
          <textStyles>[fsBold]</textStyles>
          <useDefaultTextSize>False</useDefaultTextSize>
          <selectedIndex>-1</selectedIndex>
        </control>
        <control controlID="62BAAAF2-97B3-40B8-9530-6762274D26CF" controlTypeID="Label" x="630" y="86" w="147" h="50" zOrder="4">
          <ShadowBlur>0</ShadowBlur>
          <font family="Bradley+Hand+ITC" displayName="Bradley+Hand+ITC_%26_Bold" postScript="" weightStyle="Bold" weight="700" isBold="True" isItalic="False" useDefaultFontFamily="False"/>
          <text>Prezime%3A</text>
          <textColor>4286578432</textColor>
          <textSize>40</textSize>
          <lineSpacing>0</lineSpacing>
          <textStyles>[fsBold]</textStyles>
          <useDefaultTextSize>False</useDefaultTextSize>
          <selectedIndex>-1</selectedIndex>
        </control>
        <control controlID="3AFAF4FF-ADD3-4E61-978A-7CF8AE1F661A" controlTypeID="Label" x="630" y="146" w="101" h="50" zOrder="5">
          <ShadowBlur>0</ShadowBlur>
          <font family="Bradley+Hand+ITC" displayName="Bradley+Hand+ITC_%26_Bold" postScript="" weightStyle="Bold" weight="700" isBold="True" isItalic="False" useDefaultFontFamily="False"/>
          <text>Ulica%3A</text>
          <textColor>4286578432</textColor>
          <textSize>40</textSize>
          <lineSpacing>0</lineSpacing>
          <textStyles>[fsBold]</textStyles>
          <useDefaultTextSize>False</useDefaultTextSize>
          <selectedIndex>-1</selectedIndex>
        </control>
        <control controlID="C8E0D8CD-4EDD-469C-8681-A18B5A3BFCB2" controlTypeID="Label" x="630" y="266" w="171" h="50" zOrder="6">
          <ShadowBlur>0</ShadowBlur>
          <font family="Bradley+Hand+ITC" displayName="Bradley+Hand+ITC_%26_Bold" postScript="" weightStyle="Bold" weight="700" isBold="True" isItalic="False" useDefaultFontFamily="False"/>
          <text>Broj+ulice%3A</text>
          <textColor>4286578432</textColor>
          <textSize>40</textSize>
          <lineSpacing>0</lineSpacing>
          <textStyles>[fsBold]</textStyles>
          <useDefaultTextSize>False</useDefaultTextSize>
          <selectedIndex>-1</selectedIndex>
        </control>
        <control controlID="BEC86481-ABF6-474C-9F52-57F50CC76108" controlTypeID="Label" x="630" y="446" w="251" h="50" zOrder="7">
          <ShadowBlur>0</ShadowBlur>
          <font family="Bradley+Hand+ITC" displayName="Bradley+Hand+ITC_%26_Bold" postScript="" weightStyle="Bold" weight="700" isBold="True" isItalic="False" useDefaultFontFamily="False"/>
          <text>Metod+naplate%3A</text>
          <textColor>4286578432</textColor>
          <textSize>40</textSize>
          <lineSpacing>0</lineSpacing>
          <textStyles>[fsBold]</textStyles>
          <useDefaultTextSize>False</useDefaultTextSize>
          <selectedIndex>-1</selectedIndex>
        </control>
        <control controlID="51E7102E-7579-40F3-8087-E37FDFF7F342" controlTypeID="Label" x="630" y="386" w="227" h="50" zOrder="8">
          <ShadowBlur>0</ShadowBlur>
          <font family="Bradley+Hand+ITC" displayName="Bradley+Hand+ITC_%26_Bold" postScript="" weightStyle="Bold" weight="700" isBold="True" isItalic="False" useDefaultFontFamily="False"/>
          <text>Broj+telefona%3A</text>
          <textColor>4286578432</textColor>
          <textSize>40</textSize>
          <lineSpacing>0</lineSpacing>
          <textStyles>[fsBold]</textStyles>
          <useDefaultTextSize>False</useDefaultTextSize>
          <selectedIndex>-1</selectedIndex>
        </control>
        <control controlID="2DD4508E-2C85-494D-ACBD-02695BBCE728" controlTypeID="Label" x="630" y="206" w="96" h="50" zOrder="9">
          <ShadowBlur>0</ShadowBlur>
          <font family="Bradley+Hand+ITC" displayName="Bradley+Hand+ITC_%26_Bold" postScript="" weightStyle="Bold" weight="700" isBold="True" isItalic="False" useDefaultFontFamily="False"/>
          <text>Grad%3A</text>
          <textColor>4286578432</textColor>
          <textSize>40</textSize>
          <lineSpacing>0</lineSpacing>
          <textStyles>[fsBold]</textStyles>
          <useDefaultTextSize>False</useDefaultTextSize>
          <selectedIndex>-1</selectedIndex>
        </control>
        <control controlID="F373A8DD-F957-4C59-9D3F-3603B4A54924" controlTypeID="Label" x="630" y="326" w="150" h="50" zOrder="10">
          <ShadowBlur>0</ShadowBlur>
          <font family="Bradley+Hand+ITC" displayName="Bradley+Hand+ITC_%26_Bold" postScript="" weightStyle="Bold" weight="700" isBold="True" isItalic="False" useDefaultFontFamily="False"/>
          <text>Zip+kod%3A</text>
          <textColor>4286578432</textColor>
          <textSize>40</textSize>
          <lineSpacing>0</lineSpacing>
          <textStyles>[fsBold]</textStyles>
          <useDefaultTextSize>False</useDefaultTextSize>
          <selectedIndex>-1</selectedIndex>
        </control>
        <control controlID="EF2A855A-5652-48AA-98B0-6237867D9699" controlTypeID="TextInput" x="893" y="26" w="429" h="50" zOrder="11">
          <ShadowBlur>0</ShadowBlur>
          <font family="Bradley+Hand+ITC" displayName="Bradley+Hand+ITC" postScript="" weightStyle="Regular" weight="400" isBold="False" isItalic="False" useDefaultFontFamily="False"/>
          <textSize>20</textSize>
          <lineSpacing>0</lineSpacing>
          <useDefaultTextSize>False</useDefaultTextSize>
          <selectedIndex>-1</selectedIndex>
          <radius>16</radius>
        </control>
        <control controlID="3DBDE278-4E35-447D-9229-323E711A1085" controlTypeID="TextInput" x="894" y="86" w="429" h="50" zOrder="12">
          <ShadowBlur>0</ShadowBlur>
          <font family="Bradley+Hand+ITC" displayName="Bradley+Hand+ITC" postScript="" weightStyle="Regular" weight="400" isBold="False" isItalic="False" useDefaultFontFamily="False"/>
          <textSize>20</textSize>
          <lineSpacing>0</lineSpacing>
          <useDefaultTextSize>False</useDefaultTextSize>
          <selectedIndex>-1</selectedIndex>
          <radius>16</radius>
        </control>
        <control controlID="1ABF249F-7261-4081-8CD6-495A053B6C08" controlTypeID="TextInput" x="894" y="146" w="429" h="50" zOrder="13">
          <ShadowBlur>0</ShadowBlur>
          <font family="Bradley+Hand+ITC" displayName="Bradley+Hand+ITC" postScript="" weightStyle="Regular" weight="400" isBold="False" isItalic="False" useDefaultFontFamily="False"/>
          <textSize>20</textSize>
          <lineSpacing>0</lineSpacing>
          <useDefaultTextSize>False</useDefaultTextSize>
          <selectedIndex>-1</selectedIndex>
          <radius>16</radius>
        </control>
        <control controlID="02D42091-4350-4BD0-8A92-B4B32EA8123D" controlTypeID="TextInput" x="895" y="206" w="429" h="50" zOrder="14">
          <ShadowBlur>0</ShadowBlur>
          <font family="Bradley+Hand+ITC" displayName="Bradley+Hand+ITC" postScript="" weightStyle="Regular" weight="400" isBold="False" isItalic="False" useDefaultFontFamily="False"/>
          <textSize>20</textSize>
          <lineSpacing>0</lineSpacing>
          <useDefaultTextSize>False</useDefaultTextSize>
          <selectedIndex>-1</selectedIndex>
          <radius>16</radius>
        </control>
        <control controlID="9D6E8407-F298-49FA-AC65-D258F17433F2" controlTypeID="TextInput" x="894" y="326" w="211" h="50" zOrder="15">
          <ShadowBlur>0</ShadowBlur>
          <font family="Bradley+Hand+ITC" displayName="Bradley+Hand+ITC" postScript="" weightStyle="Regular" weight="400" isBold="False" isItalic="False" useDefaultFontFamily="False"/>
          <textSize>20</textSize>
          <lineSpacing>0</lineSpacing>
          <useDefaultTextSize>False</useDefaultTextSize>
          <selectedIndex>-1</selectedIndex>
          <radius>16</radius>
        </control>
        <control controlID="84941F92-ACC4-48CC-9893-8D13022EA3AF" controlTypeID="TextInput" x="895" y="386" w="429" h="50" zOrder="16">
          <ShadowBlur>0</ShadowBlur>
          <font family="Bradley+Hand+ITC" displayName="Bradley+Hand+ITC" postScript="" weightStyle="Regular" weight="400" isBold="False" isItalic="False" useDefaultFontFamily="False"/>
          <textSize>20</textSize>
          <lineSpacing>0</lineSpacing>
          <useDefaultTextSize>False</useDefaultTextSize>
          <selectedIndex>-1</selectedIndex>
          <radius>16</radius>
        </control>
        <control controlID="18DE2C40-3DA1-4F7C-B823-9EEC875820C4" controlTypeID="CompositeComboBox" x="895" y="452" w="429" h="50" zOrder="17">
          <ShadowBlur>0</ShadowBlur>
          <groupChildrenDescriptors>
            <control controlID="26A38FA1-5B50-4837-AB53-ECC204B04CEA" controlTypeID="TextInput" x="0" y="0" w="406" h="50" zOrder="0">
              <locked>True</locked>
              <canMove>False</canMove>
              <alias>input</alias>
              <ShadowBlur>0</ShadowBlur>
              <font family="Bradley+Hand+ITC" displayName="Bradley+Hand+ITC" postScript="" weightStyle="Regular" weight="400" isBold="False" isItalic="False" useDefaultFontFamily="False"/>
              <text>POU+(Pla%C4%87anje+pouzecem)</text>
              <textSize>20</textSize>
              <lineSpacing>0</lineSpacing>
              <selectedIndex>-1</selectedIndex>
            </control>
            <control controlID="0A7596D8-5704-432A-B8D9-48A8FEC5070E" controlTypeID="Button" x="405" y="0" w="24" h="50" zOrder="1">
              <locked>True</locked>
              <canMove>False</canMove>
              <alias>button</alias>
              <ShadowBlur>0</ShadowBlur>
              <font family="Segoe+UI" displayName="Segoe+UI" postScript="" weightStyle="Regular" weight="400" isBold="False" isItalic="False"/>
              <lineSpacing>0</lineSpacing>
              <selectedIndex>-1</selectedIndex>
              <radius>0</radius>
            </control>
            <control controlID="3DDE68D2-B3F5-4F1E-80D9-F08366A794E4" controlTypeID="List" x="0" y="50" w="429" h="52" zOrder="2">
              <isShow>False</isShow>
              <canMove>False</canMove>
              <alias>dropDown</alias>
              <ShadowBlur>0</ShadowBlur>
              <font family="Bradley+Hand+ITC" displayName="Bradley+Hand+ITC" postScript="" weightStyle="Regular" weight="400" isBold="False" isItalic="False" useDefaultFontFamily="False"/>
              <text>POU+(Pla%C4%87anje+pouzecem)</text>
              <textSize>20</textSize>
              <lineSpacing>0</lineSpacing>
              <itemHeight>50</itemHeight>
              <interlaceColor>4294967295</interlaceColor>
            </control>
          </groupChildrenDescriptors>
          <baseHeight>50</baseHeight>
          <font family="Bradley+Hand+ITC"/>
          <textSize>20</textSize>
        </control>
        <control controlID="601CB86D-5D3D-460F-8436-9B2451C4AA81" controlTypeID="Button" x="631" y="550" w="319" h="60" zOrder="18">
          <color>4286578432</color>
          <ShadowBlur>0</ShadowBlur>
          <interactiveData>
            <entry title="">
              <area shape="0" alt="" ID="{8C6B5945-59BA-4F98-ADEA-D57EEE86A30A}" coords="(0,0,319,60)"/>
              <events title="">
                <event eventType="atClick" isChecked="True">
                  <behaviour title="" isChecked="True" isWait="False" isLoop="False" execMode="emParallel">
                    <target targetID="84562975-6545-4645-97AE-650A97BFAB37" isChecked="True" isAutoRecovery="False" isLoop="False" execMode="emSequence">
                      <command name="Change Visibility" isChecked="True" descrition="">
                        <param name="AniInterpolation" value="1" varType="3" description=""/>
                        <param name="AniDuration" value="200" varType="3" description=""/>
                        <param name="AniAutoReverse" value="False" varType="11" description=""/>
                        <param name="AniLoop" value="False" varType="11" description=""/>
                        <param name="AniInterpolationTypeOut" value="False" varType="11" description=""/>
                        <param name="Delay" value="0" varType="3" description=""/>
                        <param name="ValueFromCurrent" value="True" varType="11" description=""/>
                        <param name="ForceFromInitValue" value="False" varType="11" description=""/>
                        <param name="ForceSetVisible" value="False" varType="11" description=""/>
                        <param name="Value" value="2" varType="3" description=""/>
                        <param name="TerminateLoopByClick" value="True" varType="11" description=""/>
                      </command>
                    </target>
                  </behaviour>
                </event>
              </events>
            </entry>
          </interactiveData>
          <font family="Bradley+Hand+ITC" displayName="Bradley+Hand+ITC_%26_Bold" postScript="" weightStyle="Bold" weight="700" isBold="True" isItalic="False" useDefaultFontFamily="False"/>
          <text>Potvrdi</text>
          <textColor>4281545523</textColor>
          <textSize>40</textSize>
          <lineSpacing>0</lineSpacing>
          <textStyles>[fsBold]</textStyles>
          <useDefaultTextSize>False</useDefaultTextSize>
          <selectedIndex>-1</selectedIndex>
          <radius>100</radius>
          <radiusIsPercent>True</radiusIsPercent>
        </control>
        <control controlID="CECD2DD5-1E3D-4613-80FF-44748A79B3A3" controlTypeID="Button" x="1003" y="550" w="319" h="60" zOrder="19">
          <color>4286578432</color>
          <ShadowBlur>0</ShadowBlur>
          <interactiveData>
            <entry title="">
              <area shape="0" alt="" ID="{A4B3C652-7064-43F9-A67F-C71D12F6C9FF}" coords="(0,0,319,60)"/>
              <events title="">
                <event eventType="atClick" isChecked="True">
                  <behaviour title="" isChecked="True" isWait="False" isLoop="False" execMode="emParallel">
                    <target targetID="8199DF87-3B1E-4B83-9178-A120D2853DD4" isChecked="True" isAutoRecovery="False" isLoop="False" execMode="emSequence">
                      <command name="Change Visibility" isChecked="True" descrition="">
                        <param name="AniInterpolation" value="1" varType="3" description=""/>
                        <param name="AniDuration" value="200" varType="3" description=""/>
                        <param name="AniAutoReverse" value="False" varType="11" description=""/>
                        <param name="AniLoop" value="False" varType="11" description=""/>
                        <param name="AniInterpolationTypeOut" value="False" varType="11" description=""/>
                        <param name="Delay" value="0" varType="3" description=""/>
                        <param name="ValueFromCurrent" value="True" varType="11" description=""/>
                        <param name="ForceFromInitValue" value="False" varType="11" description=""/>
                        <param name="ForceSetVisible" value="False" varType="11" description=""/>
                        <param name="Value" value="2" varType="3" description=""/>
                        <param name="TerminateLoopByClick" value="True" varType="11" description=""/>
                      </command>
                    </target>
                  </behaviour>
                </event>
              </events>
            </entry>
          </interactiveData>
          <font family="Bradley+Hand+ITC" displayName="Bradley+Hand+ITC_%26_Bold" postScript="" weightStyle="Bold" weight="700" isBold="True" isItalic="False" useDefaultFontFamily="False"/>
          <text>Odustani</text>
          <textColor>4281545523</textColor>
          <textSize>40</textSize>
          <lineSpacing>0</lineSpacing>
          <textStyles>[fsBold]</textStyles>
          <useDefaultTextSize>False</useDefaultTextSize>
          <selectedIndex>-1</selectedIndex>
          <radius>100</radius>
          <radiusIsPercent>True</radiusIsPercent>
        </control>
        <control controlID="977504D0-7F68-430C-BDFD-1CFB3BF52BCE" controlTypeID="TextInput" x="895" y="266" w="210" h="50" zOrder="20">
          <ShadowBlur>0</ShadowBlur>
          <font family="Bradley+Hand+ITC" displayName="Bradley+Hand+ITC" postScript="" weightStyle="Regular" weight="400" isBold="False" isItalic="False" useDefaultFontFamily="False"/>
          <textSize>20</textSize>
          <lineSpacing>0</lineSpacing>
          <useDefaultTextSize>False</useDefaultTextSize>
          <selectedIndex>-1</selectedIndex>
          <radius>16</radius>
        </control>
        <control controlID="84562975-6545-4645-97AE-650A97BFAB37" controlTypeID="Alert" x="631" y="316" w="691" h="294" zOrder="21">
          <isShow>False</isShow>
          <ShadowBlur>0</ShadowBlur>
          <links eventType="AtClick" animate="AmNone" animateAutoDelay="0" animateDuration="500">
            <link targetPageID="E8DB0E45-1E82-4631-BEA2-CF04DA328275" linkType="ltPageLink" isApplyIncludePage="False" title="Da">
              <area shape="0" alt="" ID="{67F1BF40-9B7B-4744-832C-8CEDDB308244}" coords="(4.5,548.5,643.5,579.5)"/>
            </link>
            <link targetPageID="" linkType="ltPageLink" isApplyIncludePage="False" title="Ne">
              <area shape="0" alt="" ID="{68E20194-0812-4C83-ABFB-0C2A30975079}" coords="(653.5,548.5,1292.5,579.5)"/>
            </link>
          </links>
          <interactiveData>
            <entry title="Da">
              <area shape="0" alt="" ID="{E548C7A2-3456-4CF8-A5FA-E01AFA19B53D}" coords="(4.5,548.5,643.5,579.5)"/>
              <events title=""/>
            </entry>
            <entry title="Ne">
              <area shape="0" alt="" ID="{E7541D41-7ED9-423B-A83B-0075481692F8}" coords="(653.5,548.5,1292.5,579.5)"/>
              <events title="">
                <event eventType="atClick" isChecked="True">
                  <behaviour title="" isChecked="True" isWait="False" isLoop="False" execMode="emParallel">
                    <target targetID="84562975-6545-4645-97AE-650A97BFAB37" IsNeedReplaceAsSelfID="True" isChecked="True" isAutoRecovery="False" isLoop="False" execMode="emSequence">
                      <command name="Change Visibility" isChecked="True" descrition="">
                        <param name="AniInterpolation" value="1" varType="3" description=""/>
                        <param name="AniDuration" value="200" varType="3" description=""/>
                        <param name="AniAutoReverse" value="False" varType="11" description=""/>
                        <param name="AniLoop" value="False" varType="11" description=""/>
                        <param name="AniInterpolationTypeOut" value="False" varType="11" description=""/>
                        <param name="Delay" value="0" varType="3" description=""/>
                        <param name="ValueFromCurrent" value="True" varType="11" description=""/>
                        <param name="ForceFromInitValue" value="False" varType="11" description=""/>
                        <param name="ForceSetVisible" value="False" varType="11" description=""/>
                        <param name="Value" value="2" varType="3" description=""/>
                        <param name="TerminateLoopByClick" value="True" varType="11" description=""/>
                      </command>
                    </target>
                  </behaviour>
                </event>
              </events>
            </entry>
          </interactiveData>
          <font family="Bradley+Hand+ITC" displayName="Bradley+Hand+ITC_%26_Bold" postScript="" weightStyle="Bold" weight="700" isBold="True" isItalic="False" useDefaultFontFamily="False"/>
          <text>Potvrdi%0D%0ADa+li+ste+sigurni+da+%C5%BEelite+da+potvrdite+kupovinu%3F+%0D%0ADa%2C+Ne</text>
          <textSize>32</textSize>
          <lineSpacing>0</lineSpacing>
          <textStyles>[fsBold]</textStyles>
          <useDefaultTextSize>False</useDefaultTextSize>
        </control>
        <control controlID="8199DF87-3B1E-4B83-9178-A120D2853DD4" controlTypeID="Alert" x="631" y="316" w="693" h="294" zOrder="22">
          <isShow>False</isShow>
          <ShadowBlur>0</ShadowBlur>
          <links eventType="AtClick" animate="AmNone" animateAutoDelay="0" animateDuration="500">
            <link targetPageID="A8D85D53-56A9-41E5-AF5C-15DAF5E050EC" linkType="ltPageLink" isApplyIncludePage="False" title="Da">
              <area shape="0" alt="" ID="{953B93FC-4BD0-4E6C-AD43-9A390C7755E5}" coords="(4.5,539.5,641.5,570.5)"/>
            </link>
            <link targetPageID="" linkType="ltPageLink" isApplyIncludePage="False" title="Ne">
              <area shape="0" alt="" ID="{B9D686DC-8669-40C5-8E46-754CE9CCB8D0}" coords="(650.5,539.5,1287.5,570.5)"/>
            </link>
          </links>
          <interactiveData>
            <entry title="Da">
              <area shape="0" alt="" ID="{F208B101-3E4D-4C80-AD48-6D490860F6A9}" coords="(4.5,539.5,641.5,570.5)"/>
              <events title=""/>
            </entry>
            <entry title="Ne">
              <area shape="0" alt="" ID="{0047CA80-284A-4F02-B6E0-C29FF405891F}" coords="(650.5,539.5,1287.5,570.5)"/>
              <events title="">
                <event eventType="atClick" isChecked="True">
                  <behaviour title="" isChecked="True" isWait="False" isLoop="False" execMode="emParallel">
                    <target targetID="8199DF87-3B1E-4B83-9178-A120D2853DD4" IsNeedReplaceAsSelfID="True" isChecked="True" isAutoRecovery="False" isLoop="False" execMode="emSequence">
                      <command name="Change Visibility" isChecked="True" descrition="">
                        <param name="AniInterpolation" value="1" varType="3" description=""/>
                        <param name="AniDuration" value="200" varType="3" description=""/>
                        <param name="AniAutoReverse" value="False" varType="11" description=""/>
                        <param name="AniLoop" value="False" varType="11" description=""/>
                        <param name="AniInterpolationTypeOut" value="False" varType="11" description=""/>
                        <param name="Delay" value="0" varType="3" description=""/>
                        <param name="ValueFromCurrent" value="True" varType="11" description=""/>
                        <param name="ForceFromInitValue" value="False" varType="11" description=""/>
                        <param name="ForceSetVisible" value="False" varType="11" description=""/>
                        <param name="Value" value="2" varType="3" description=""/>
                        <param name="TerminateLoopByClick" value="True" varType="11" description=""/>
                      </command>
                    </target>
                  </behaviour>
                </event>
              </events>
            </entry>
          </interactiveData>
          <font family="Bradley+Hand+ITC" displayName="Bradley+Hand+ITC_%26_Bold" postScript="" weightStyle="Bold" weight="700" isBold="True" isItalic="False" useDefaultFontFamily="False"/>
          <text>Odustani%0D%0ADa+li+ste+sigurni+da+%C5%BEelite+da+odustanete%3F%0D%0ADa%2C+Ne</text>
          <textColor>4281545523</textColor>
          <textSize>32</textSize>
          <lineSpacing>0</lineSpacing>
          <textStyles>[fsBold]</textStyles>
          <useDefaultTextSize>False</useDefaultTextSize>
          <selection>MBYes</selection>
        </control>
        <control controlID="006E6EB4-50D4-4FBD-BC78-95441355E1A2" controlTypeID="Border" x="0" y="0" w="1356" h="630" zOrder="23">
          <alias>borderLayer</alias>
          <ShadowBlur>0</ShadowBlur>
        </control>
      </groupChildrenDescriptors>
      <thinkness>1</thinkness>
    </control>
    <control controlID="D8E41D79-0354-42DA-BBE8-3CA8A4230514" controlTypeID="ColorPicker" x="1452" y="10" w="64" h="64" zOrder="9">
      <color>4281545523</color>
      <ShadowBlur>0</ShadowBlur>
    </control>
    <control controlID="EE64624A-66D3-4267-BE6E-FE272381A15B" controlTypeID="Image" x="1460" y="14" w="48" h="55" zOrder="10">
      <ShadowBlur>0</ShadowBlur>
      <links eventType="AtClick" animate="AmNone" animateAutoDelay="0" animateDuration="500">
        <link targetPageID="94C2C370-F2BB-4CD2-8734-AEC9E0486530" linkType="ltPageLink" isApplyIncludePage="False" title="Informacije+o+nalogu">
          <area shape="0" alt="" ID="{17297D5C-EB64-4661-A213-0274B3A9C020}" coords="(0,0,48,55)"/>
        </link>
      </links>
      <URL>82F81C14AEE290F8A65EB9D1267CFB47.jpg</URL>
    </control>
  </controls>
  <param>
    <backgroundColor>4284900966</backgroundColor>
    <fontSize>14</fontSize>
    <fontFamily>Segoe+UI</fontFamily>
    <guideLines/>
  </param>
</mockup>