﻿<mockup version="5.3" minAllowVersion="5.3" ID="F6992589-9635-4D62-8F98-3D75825C0CA2" platform="MtWeb" defaultW="1536" defaultH="864" measureW="1536" measureH="864" mobileScreenScale="0">
  <controls controlCount="25">
    <control controlID="046F38DC-8CE5-4B17-92CC-6240605D7552" controlTypeID="Image" x="0" y="0" w="1536" h="864" zOrder="0">
      <URL>9353A407A077278C67C7F23C935D216B.png</URL>
    </control>
    <control controlID="38DC6ABC-477E-42E0-B6DB-68FFAE5C4D81" controlTypeID="ColorPicker" x="89" y="170" w="454" h="550" zOrder="1">
      <color>4287006342</color>
      <opacity>0.699999988079071</opacity>
    </control>
    <control controlID="10481CD2-AF64-455E-88F6-3A351126C368" controlTypeID="HRule" x="0" y="84" w="1536" h="12" zOrder="2"/>
    <control controlID="911E1A82-766F-4D1A-8F08-7C108FDE97B5" controlTypeID="Image" x="1381" y="760" w="135" h="84" zOrder="3">
      <URL>553C79B8BB334A24B76BC57838CE7B5A.png</URL>
    </control>
    <control controlID="4EECBABB-280E-4FA8-BC2B-1C354A2443B6" controlTypeID="CompositeComboBox" x="717" y="24" w="200" h="32" zOrder="4">
      <borderColor>4286578432</borderColor>
      <groupChildrenDescriptors>
        <control controlID="145DD8C8-DD6D-4E21-BA66-68E99A3A05D3" controlTypeID="TextInput" x="0" y="0" w="177" h="32" zOrder="0">
          <locked>True</locked>
          <borderColor>4286578432</borderColor>
          <canMove>False</canMove>
          <alias>input</alias>
          <font family="Segoe+UI" displayName="Segoe+UI" postScript="" weightStyle="Regular" weight="400" isBold="False" isItalic="False" useDefaultFontFamily="False"/>
          <text>Stil</text>
          <lineSpacing>0</lineSpacing>
          <selectedIndex>-1</selectedIndex>
        </control>
        <control controlID="AA498DB8-D40A-4AC5-AC25-F1D6201A7923" controlTypeID="Button" x="176" y="0" w="24" h="32" zOrder="1">
          <locked>True</locked>
          <borderColor>4286578432</borderColor>
          <canMove>False</canMove>
          <alias>button</alias>
          <font family="Segoe+UI" displayName="Segoe+UI" postScript="" weightStyle="Regular" weight="400" isBold="False" isItalic="False"/>
          <lineSpacing>0</lineSpacing>
          <selectedIndex>-1</selectedIndex>
          <radius>0</radius>
        </control>
        <control controlID="452BCCDC-14DA-43C9-A2A2-FBA4020A859B" controlTypeID="List" x="0" y="32" w="200" h="138" zOrder="2">
          <isShow>False</isShow>
          <borderColor>4286578432</borderColor>
          <canMove>False</canMove>
          <alias>dropDown</alias>
          <font family="Segoe+UI" displayName="Segoe+UI" postScript="" weightStyle="Regular" weight="400" isBold="False" isItalic="False" useDefaultFontFamily="False"/>
          <text>Stil%0D%0AKlasicizam%0D%0AKubizam%0D%0ABarok</text>
          <textSize>14</textSize>
          <lineSpacing>0</lineSpacing>
          <itemHeight>32</itemHeight>
          <interlaceColor>4294967295</interlaceColor>
        </control>
      </groupChildrenDescriptors>
      <canInput>True</canInput>
      <baseHeight>32</baseHeight>
      <font family="Segoe+UI"/>
      <textSize>14</textSize>
    </control>
    <control controlID="A5BBE96F-E030-491E-A38E-3B43D45F2689" controlTypeID="Button" x="985" y="24" w="100" h="32" zOrder="5">
      <color>4281545523</color>
      <font family="Bradley+Hand+ITC" displayName="Bradley+Hand+ITC_%26_Bold" postScript="" weightStyle="Bold" weight="700" isBold="True" isItalic="False" useDefaultFontFamily="False"/>
      <text>Pretra%C5%BEi</text>
      <textColor>4286578432</textColor>
      <textSize>24</textSize>
      <lineSpacing>0</lineSpacing>
      <textStyles>[fsBold]</textStyles>
      <useDefaultTextSize>False</useDefaultTextSize>
      <selectedIndex>-1</selectedIndex>
      <radius>100</radius>
      <radiusIsPercent>True</radiusIsPercent>
    </control>
    <control controlID="07C77E19-CE05-4A02-9E34-2748B5CC88C2" controlTypeID="TextInput" x="70" y="24" w="250" h="32" zOrder="6">
      <font family="Bradley+Hand+ITC" displayName="Bradley+Hand+ITC" postScript="" weightStyle="Regular" weight="400" isBold="False" isItalic="False" useDefaultFontFamily="False"/>
      <textSize>20</textSize>
      <lineSpacing>0</lineSpacing>
      <useDefaultTextSize>False</useDefaultTextSize>
      <selectedIndex>-1</selectedIndex>
      <placeHolder>Slikar</placeHolder>
      <radius>16</radius>
    </control>
    <control controlID="BAB112EF-ED7E-4183-BAE3-3E672F0C7DAE" controlTypeID="TextInput" x="393" y="24" w="250" h="32" zOrder="7">
      <font family="Bradley+Hand+ITC" displayName="Bradley+Hand+ITC" postScript="" weightStyle="Regular" weight="400" isBold="False" isItalic="False" useDefaultFontFamily="False"/>
      <textSize>20</textSize>
      <lineSpacing>0</lineSpacing>
      <useDefaultTextSize>False</useDefaultTextSize>
      <selectedIndex>-1</selectedIndex>
      <placeHolder>Tematika</placeHolder>
      <radius>16</radius>
    </control>
    <control controlID="65EC9173-3D18-422A-A96E-8255FA358489" controlTypeID="Image" x="70" y="201" w="492" h="497" zOrder="8">
      <radiusIsPercent>True</radiusIsPercent>
      <URL>E46C34B11B1E4937836188E91D3FC6E5.jpg</URL>
      <fitMode>fmFit</fitMode>
    </control>
    <control controlID="19C66D50-674C-439F-A914-9F4BEC1DE320" controlTypeID="Label" x="120" y="730" w="93" h="38" zOrder="9">
      <font family="Bradley+Hand+ITC" displayName="Bradley+Hand+ITC_%26_Bold" postScript="" weightStyle="Bold" weight="700" isBold="True" isItalic="False" useDefaultFontFamily="False"/>
      <text>Slikar%3A</text>
      <textColor>4286578432</textColor>
      <textSize>30</textSize>
      <lineSpacing>0</lineSpacing>
      <textStyles>[fsBold]</textStyles>
      <useDefaultTextSize>False</useDefaultTextSize>
      <selectedIndex>-1</selectedIndex>
    </control>
    <control controlID="501E0D0C-4B41-4A03-B3F6-400218C4AD0F" controlTypeID="Label" x="265" y="730" w="235" h="38" zOrder="10">
      <font family="Bradley+Hand+ITC" displayName="Bradley+Hand+ITC_%26_Bold" postScript="" weightStyle="Bold" weight="700" isBold="True" isItalic="False" useDefaultFontFamily="False"/>
      <text>Samantha+French</text>
      <textColor>4286578432</textColor>
      <textSize>30</textSize>
      <lineSpacing>0</lineSpacing>
      <textStyles>[fsBold]</textStyles>
      <useDefaultTextSize>False</useDefaultTextSize>
      <selectedIndex>-1</selectedIndex>
    </control>
    <control controlID="FD66BB82-8102-451A-A947-4D3502DA7852" controlTypeID="Label" x="120" y="768" w="58" h="38" zOrder="11">
      <font family="Bradley+Hand+ITC" displayName="Bradley+Hand+ITC_%26_Bold" postScript="" weightStyle="Bold" weight="700" isBold="True" isItalic="False" useDefaultFontFamily="False"/>
      <text>Stil%3A</text>
      <textColor>4286578432</textColor>
      <textSize>30</textSize>
      <lineSpacing>0</lineSpacing>
      <textStyles>[fsBold]</textStyles>
      <useDefaultTextSize>False</useDefaultTextSize>
      <selectedIndex>-1</selectedIndex>
    </control>
    <control controlID="6E72B305-F736-4187-B5CD-6CE268B2DD19" controlTypeID="Label" x="265" y="768" w="111" h="38" zOrder="12">
      <font family="Bradley+Hand+ITC" displayName="Bradley+Hand+ITC_%26_Bold" postScript="" weightStyle="Bold" weight="700" isBold="True" isItalic="False" useDefaultFontFamily="False"/>
      <text>Moderna</text>
      <textColor>4286578432</textColor>
      <textSize>30</textSize>
      <lineSpacing>0</lineSpacing>
      <textStyles>[fsBold]</textStyles>
      <useDefaultTextSize>False</useDefaultTextSize>
      <selectedIndex>-1</selectedIndex>
    </control>
    <control controlID="0681F8F8-FAC5-48AF-BF3A-E944F0F41186" controlTypeID="Label" x="120" y="806" w="77" h="38" zOrder="13">
      <font family="Bradley+Hand+ITC" displayName="Bradley+Hand+ITC_%26_Bold" postScript="" weightStyle="Bold" weight="700" isBold="True" isItalic="False" useDefaultFontFamily="False"/>
      <text>Tema%3A</text>
      <textColor>4286578432</textColor>
      <textSize>30</textSize>
      <lineSpacing>0</lineSpacing>
      <textStyles>[fsBold]</textStyles>
      <useDefaultTextSize>False</useDefaultTextSize>
      <selectedIndex>-1</selectedIndex>
    </control>
    <control controlID="4F2D9C23-B052-4A41-BB88-F785216138A8" controlTypeID="Label" x="265" y="806" w="309" h="38" zOrder="14">
      <font family="Bradley+Hand+ITC" displayName="Bradley+Hand+ITC_%26_Bold" postScript="" weightStyle="Bold" weight="700" isBold="True" isItalic="False" useDefaultFontFamily="False"/>
      <text>Underwater+tranquility</text>
      <textColor>4286578432</textColor>
      <textSize>30</textSize>
      <lineSpacing>0</lineSpacing>
      <textStyles>[fsBold]</textStyles>
      <useDefaultTextSize>False</useDefaultTextSize>
      <selectedIndex>-1</selectedIndex>
    </control>
    <control controlID="B124744B-6450-4F61-B006-F9FA4D5582D1" controlTypeID="TextArea" x="593" y="136" w="799" h="349" zOrder="15">
      <borderColor>4286578432</borderColor>
      <font family="Bradley+Hand+ITC" displayName="Bradley+Hand+ITC_%26_Bold" postScript="" weightStyle="Bold" weight="700" isBold="True" isItalic="False" useDefaultFontFamily="False"/>
      <text>Lorem+ipsum+dolor+sit+amet%2C+consectetur+adipiscing+elit%2C+sed+do+eiusmod+tempor+incididunt+ut+labore+et+dolore+magna+aliqua.+Ut+enim+ad+minim+veniam%2C+quis+nostrud+exercitation+ullamco+laboris+nisi+ut+aliquip+ex+ea+commodo+consequat.+Duis+aute+irure+dolor+in+reprehenderit+in+voluptate+velit+esse+cillum+dolore+eu+fugiat+nulla+pariatur.+</text>
      <textColor>4281545523</textColor>
      <textSize>34</textSize>
      <textStyles>[fsBold]</textStyles>
      <useDefaultTextSize>False</useDefaultTextSize>
      <selectedIndex>-1</selectedIndex>
    </control>
    <control controlID="6F75DD46-EF7A-4A60-88D0-BE5DC5107ED4" controlTypeID="Label" x="593" y="513" w="141" h="75" zOrder="16">
      <font family="Bradley+Hand+ITC" displayName="Bradley+Hand+ITC_%26_Bold" postScript="" weightStyle="Bold" weight="700" isBold="True" isItalic="False" useDefaultFontFamily="False"/>
      <text>Cena%3A</text>
      <textColor>4286578432</textColor>
      <textSize>60</textSize>
      <lineSpacing>0</lineSpacing>
      <textStyles>[fsBold]</textStyles>
      <useDefaultTextSize>False</useDefaultTextSize>
      <selectedIndex>-1</selectedIndex>
    </control>
    <control controlID="98BE427F-DF95-47D5-B981-2E7AF3F6A67D" controlTypeID="TextInput" x="831" y="521" w="300" h="60" zOrder="17">
      <font family="Bradley+Hand+ITC" displayName="Bradley+Hand+ITC_%26_Bold" postScript="" weightStyle="Bold" weight="700" isBold="True" isItalic="False" useDefaultFontFamily="False"/>
      <text>3500.00$</text>
      <textSize>30</textSize>
      <lineSpacing>0</lineSpacing>
      <textStyles>[fsBold]</textStyles>
      <useDefaultTextSize>False</useDefaultTextSize>
      <selectedIndex>-1</selectedIndex>
      <canInput>False</canInput>
      <radius>16</radius>
    </control>
    <control controlID="5EB4863E-9FC8-4810-B404-12AAF3E8FD52" controlTypeID="Button" x="785" y="630" w="385" h="68" zOrder="18">
      <color>4281545523</color>
      <links eventType="AtClick" animate="AmNone" animateAutoDelay="0" animateDuration="500">
        <link targetPageID="0F18B6CE-10F8-478F-9479-FE0C6A014CCD" linkType="ltPageLink" isApplyIncludePage="False" title="Home+Log+In">
          <area shape="0" alt="" ID="{F614AE59-A08C-472E-A441-1784D3CD3CFF}" coords="(0,0,385,68)"/>
        </link>
      </links>
      <font family="Bradley+Hand+ITC" displayName="Bradley+Hand+ITC_%26_Bold" postScript="" weightStyle="Bold" weight="700" isBold="True" isItalic="False" useDefaultFontFamily="False"/>
      <text>UBACI+U+KORPU</text>
      <textColor>4286578432</textColor>
      <textSize>30</textSize>
      <lineSpacing>0</lineSpacing>
      <textStyles>[fsBold]</textStyles>
      <useDefaultTextSize>False</useDefaultTextSize>
      <selectedIndex>-1</selectedIndex>
      <radius>100</radius>
      <radiusIsPercent>True</radiusIsPercent>
    </control>
    <control controlID="6DF667DD-797A-43CA-A38D-0E5D75160DFF" controlTypeID="Icon" x="1452" y="10" w="64" h="64" zOrder="19">
      <color>4281545523</color>
      <icon>
        <ID/>
        <iconFontName>jdIonicons</iconFontName>
        <iconCode>62590</iconCode>
      </icon>
      <URL>5C55E17C830A8188121F30E4B3398557.svg</URL>
    </control>
    <control controlID="C19AB99F-617A-4C6E-A58A-3B9732D781DA" controlTypeID="Icon" x="1352" y="10" w="64" h="64" zOrder="20">
      <color>4281545523</color>
      <links eventType="AtClick" animate="AmNone" animateAutoDelay="0" animateDuration="500">
        <link targetPageID="0F18B6CE-10F8-478F-9479-FE0C6A014CCD" linkType="ltPageLink" isApplyIncludePage="False" title="Home+Log+In">
          <area shape="0" alt="" ID="{78932571-9C97-4E50-8C6B-CA40CB3A5051}" coords="(0,0,64,64)"/>
        </link>
      </links>
      <icon>
        <ID/>
        <iconFontName>jdIcoFont</iconFontName>
        <iconCode>59230</iconCode>
      </icon>
      <URL>1D76A1953ACB7053D75125F70C5D5E2C.svg</URL>
    </control>
    <control controlID="14EE38F1-A441-4833-BE32-FB41E09F0F69" controlTypeID="Button" x="120" y="106" w="400" h="72" zOrder="21">
      <color>4281545523</color>
      <borderVisible>False</borderVisible>
      <font family="Bradley+Hand+ITC" displayName="Bradley+Hand+ITC_%26_Bold" postScript="" weightStyle="Bold" weight="700" isBold="True" isItalic="False" useDefaultFontFamily="False"/>
      <text>Underwater+tranquility</text>
      <textColor>4286578432</textColor>
      <textSize>32</textSize>
      <lineSpacing>0</lineSpacing>
      <textStyles>[fsBold]</textStyles>
      <useDefaultTextSize>False</useDefaultTextSize>
      <selectedIndex>-1</selectedIndex>
      <radius>100</radius>
      <radiusIsPercent>True</radiusIsPercent>
      <thickness>7</thickness>
    </control>
  </controls>
  <param>
    <backgroundColor>4284900966</backgroundColor>
    <fontSize>14</fontSize>
    <fontFamily>Segoe+UI</fontFamily>
    <guideLines/>
  </param>
</mockup>