﻿<master version="5.3" minAllowVersion="5.3" ID="B53E9835-860C-4CCF-9D98-AEBED0F9C96D">
  <controls>
    <control controlID="23F2FDC9-F9B1-4668-9E97-207C85229A69" controlTypeID="Master" x="424" y="232" w="555" h="474" zOrder="10" masterID="B53E9835-860C-4CCF-9D98-AEBED0F9C96D">
      <ShadowBlur>0</ShadowBlur>
      <links eventType="AtClick" animate="AmNone" animateAutoDelay="0" animateDuration="500">
        <link targetPageID="7374C221-D31D-4E70-A88F-4EB2D9B74ECA" linkType="ltPageLink" isApplyIncludePage="False" title="Registracija">
          <area shape="0" alt="" ID="{5F0CC029-69C2-4D44-89CC-C711EC13CF6A}" coords="(0,0,1536,864)"/>
        </link>
      </links>
      <groupChildrenDescriptors>
        <control controlID="36C1BEAF-AB87-40EE-B9FE-FDF8E9439859" controlTypeID="ImageCarousel" x="0" y="0" w="555" h="474" zOrder="0">
          <color>4286578432</color>
          <links eventType="AtClick" animate="AmNone" animateAutoDelay="0" animateDuration="500">
            <link targetPageID="7374C221-D31D-4E70-A88F-4EB2D9B74ECA" linkType="ltPageLink" isApplyIncludePage="False" title="Registracija">
              <area shape="0" alt="" ID="{32D66CAF-5645-4B67-B974-80B87ABCC364}" coords="(0,0,555,474)"/>
            </link>
          </links>
          <groupChildrenDescriptors>
            <control controlID="ABC86FFF-1CA2-4FF7-B27D-F4FAD333FB2B" controlTypeID="ImageBackground" x="0" y="0" w="555" h="474" zOrder="0">
              <caption>The+Arab+Tent</caption>
              <groupChildrenDescriptors/>
              <URL>0D9D39D1FD335FDF2A2F70F4EDCBBE60.png</URL>
            </control>
            <control controlID="200D0452-29EA-418F-B8CF-CBEF43239FE4" controlTypeID="ImageBackground" x="0" y="0" w="555" h="474" zOrder="1">
              <caption>6EC4CC9C-B27A-4704-808D-B972524B9C41</caption>
              <groupChildrenDescriptors/>
              <URL>40D2FCDA2CF03E8CCA8FB50D17C35B93.png</URL>
            </control>
            <control controlID="9F9C6B1E-D184-4356-A854-105FECFA8BCE" controlTypeID="ImageBackground" x="0" y="0" w="555" h="474" zOrder="2">
              <caption>2483BAA8-BD08-4ED0-B5F4-8C447874B1FA</caption>
              <color>4278190080</color>
              <groupChildrenDescriptors/>
              <URL>838F59539FF7A8648C1AD3D45024B70A.png</URL>
            </control>
            <control controlID="2559DBE4-07C3-40E4-9070-72DA373B3CF3" controlTypeID="ImageBackground" x="0" y="0" w="555" h="474" zOrder="3">
              <caption>1FE0AF4E-8B33-4E18-B38F-924C376771DF</caption>
              <color>4286578432</color>
              <links eventType="AtClick" animate="AmNone" animateAutoDelay="0" animateDuration="500">
                <link targetPageID="7374C221-D31D-4E70-A88F-4EB2D9B74ECA" linkType="ltPageLink" isApplyIncludePage="False" title="Link">
                  <area shape="0" alt="" ID="{0696F796-335D-43D9-A461-F58712351326}" coords="(0,0,555,474)"/>
                </link>
              </links>
              <groupChildrenDescriptors/>
              <URL>3E5E761AFD2BBD032F60C781EC2271B3.png</URL>
            </control>
          </groupChildrenDescriptors>
          <selectedIndex>3</selectedIndex>
          <aniType>spaSlide</aniType>
          <playInterval>2000</playInterval>
          <indicatorColor>4286578432</indicatorColor>
        </control>
      </groupChildrenDescriptors>
    </control>
  </controls>
</master>