﻿<mockup version="5.3" minAllowVersion="5.3" ID="17CAB651-8AF6-4BF5-BA50-FA8C6E69A203" platform="MtWeb" defaultW="1536" defaultH="864" measureW="1536" measureH="864" mobileScreenScale="0">
  <controls controlCount="17">
    <control controlID="0177B2CE-FA9C-4178-87B3-87FCA15AE29F" controlTypeID="Image" x="0" y="0" w="1536" h="864" zOrder="0">
      <ShadowBlur>0</ShadowBlur>
      <URL>9353A407A077278C67C7F23C935D216B.png</URL>
    </control>
    <control controlID="F4F11093-8DC1-4CEF-8033-1F075B2195FC" controlTypeID="HRule" x="0" y="84" w="1536" h="12" zOrder="1">
      <color>4281545523</color>
      <ShadowBlur>0</ShadowBlur>
    </control>
    <control controlID="B3B9DCA4-D10B-41EA-9A78-5D6B812CC06F" controlTypeID="Icon" x="1352" y="10" w="64" h="64" zOrder="2">
      <color>4281545523</color>
      <ShadowBlur>0</ShadowBlur>
      <links eventType="AtClick" animate="AmNone" animateAutoDelay="0" animateDuration="500">
        <link targetPageID="A8D85D53-56A9-41E5-AF5C-15DAF5E050EC" linkType="ltPageLink" isApplyIncludePage="False" title="Korpa">
          <area shape="0" alt="" ID="{31340C6D-B8D4-4560-BD9A-E0A4102A7EF5}" coords="(0,0,64,64)"/>
        </link>
      </links>
      <icon>
        <ID/>
        <iconFontName>jdIcoFont</iconFontName>
        <iconCode>59230</iconCode>
      </icon>
      <URL>1D76A1953ACB7053D75125F70C5D5E2C.svg</URL>
    </control>
    <control controlID="60C58584-5396-40B4-9026-012A40B08D63" controlTypeID="Image" x="1381" y="760" w="135" h="84" zOrder="3">
      <ShadowBlur>0</ShadowBlur>
      <URL>553C79B8BB334A24B76BC57838CE7B5A.png</URL>
    </control>
    <control controlID="9FD90139-A3B7-46E6-9028-24F911C79EE3" controlTypeID="ColorPicker" x="1452" y="8" w="64" h="64" zOrder="4">
      <color>4281545523</color>
      <ShadowBlur>0</ShadowBlur>
    </control>
    <control controlID="7B482869-4F7A-4185-BE16-0F13EBAF8433" controlTypeID="Image" x="1460" y="12" w="48" h="55" zOrder="5">
      <ShadowBlur>0</ShadowBlur>
      <URL>82F81C14AEE290F8A65EB9D1267CFB47.jpg</URL>
    </control>
    <control controlID="0FECE23F-B20E-497D-9453-E5BA1D61C284" controlTypeID="Label" x="88" y="364" w="146" h="38" zOrder="6">
      <ShadowBlur>0</ShadowBlur>
      <font family="Bradley+Hand+ITC" displayName="Bradley+Hand+ITC_%26_Bold" postScript="" weightStyle="Bold" weight="700" isBold="True" isItalic="False" useDefaultFontFamily="False"/>
      <text>Tip+naloga%3A</text>
      <textColor>4281545523</textColor>
      <textSize>30</textSize>
      <lineSpacing>0</lineSpacing>
      <textStyles>[fsBold]</textStyles>
      <useDefaultTextSize>False</useDefaultTextSize>
      <selectedIndex>-1</selectedIndex>
    </control>
    <control controlID="3231DD70-FD67-4423-B4B6-F871216AE352" controlTypeID="Label" x="488" y="194" w="237" h="38" zOrder="7">
      <ShadowBlur>0</ShadowBlur>
      <font family="Bradley+Hand+ITC" displayName="Bradley+Hand+ITC_%26_Bold" postScript="" weightStyle="Bold" weight="700" isBold="True" isItalic="False" useDefaultFontFamily="False"/>
      <text>tasha@etf.bg.ac.rs</text>
      <textColor>4281545523</textColor>
      <textSize>30</textSize>
      <lineSpacing>0</lineSpacing>
      <textStyles>[fsBold]</textStyles>
      <useDefaultTextSize>False</useDefaultTextSize>
      <selectedIndex>-1</selectedIndex>
    </control>
    <control controlID="29A72256-433B-40E8-8D56-BFBB6132F764" controlTypeID="Label" x="300" y="364" w="82" h="38" zOrder="8">
      <ShadowBlur>0</ShadowBlur>
      <font family="Bradley+Hand+ITC" displayName="Bradley+Hand+ITC_%26_Bold" postScript="" weightStyle="Bold" weight="700" isBold="True" isItalic="False" useDefaultFontFamily="False"/>
      <text>Kupac</text>
      <textColor>4281545523</textColor>
      <textSize>30</textSize>
      <lineSpacing>0</lineSpacing>
      <textStyles>[fsBold]</textStyles>
      <useDefaultTextSize>False</useDefaultTextSize>
      <selectedIndex>-1</selectedIndex>
    </control>
    <control controlID="BB232F5F-1B3D-4949-B374-16B0D8E63F83" controlTypeID="Label" x="27" y="116" w="189" h="38" zOrder="9">
      <ShadowBlur>0</ShadowBlur>
      <font family="Bradley+Hand+ITC" displayName="Bradley+Hand+ITC_%26_Bold" postScript="" weightStyle="Bold" weight="700" isBold="True" isItalic="False" useDefaultFontFamily="False"/>
      <text>Profilna+slika%3A</text>
      <textColor>4281545523</textColor>
      <textSize>30</textSize>
      <lineSpacing>0</lineSpacing>
      <textStyles>[fsBold]</textStyles>
      <useDefaultTextSize>False</useDefaultTextSize>
      <selectedIndex>-1</selectedIndex>
    </control>
    <control controlID="4092E59B-DF93-403B-80D6-5324DF55D9A1" controlTypeID="Image" x="255" y="116" w="172" h="208" zOrder="10">
      <ShadowBlur>0</ShadowBlur>
      <URL>82F81C14AEE290F8A65EB9D1267CFB47.jpg</URL>
    </control>
    <control controlID="55683B7F-F8F2-48BC-97B4-DCF81F5D4383" controlTypeID="Label" x="471" y="134" w="327" h="50" zOrder="11">
      <ShadowBlur>0</ShadowBlur>
      <font family="Bradley+Hand+ITC" displayName="Bradley+Hand+ITC_%26_Bold" postScript="" weightStyle="Bold" weight="700" isBold="True" isItalic="False" useDefaultFontFamily="False"/>
      <text>Tamara+%C5%A0ekularac</text>
      <textColor>4281545523</textColor>
      <textSize>40</textSize>
      <lineSpacing>0</lineSpacing>
      <textStyles>[fsBold]</textStyles>
      <useDefaultTextSize>False</useDefaultTextSize>
      <selectedIndex>-1</selectedIndex>
    </control>
    <control controlID="A4A3A1F6-0D33-4520-AD9C-F8EC132B02B4" controlTypeID="Label" x="488" y="248" w="42" h="38" zOrder="12">
      <ShadowBlur>0</ShadowBlur>
      <font family="Bradley+Hand+ITC" displayName="Bradley+Hand+ITC_%26_Bold" postScript="" weightStyle="Bold" weight="700" isBold="True" isItalic="False" useDefaultFontFamily="False"/>
      <text>pol%3A</text>
      <textColor>4281545523</textColor>
      <textSize>30</textSize>
      <lineSpacing>0</lineSpacing>
      <textStyles>[fsBold]</textStyles>
      <useDefaultTextSize>False</useDefaultTextSize>
      <selectedIndex>-1</selectedIndex>
    </control>
    <control controlID="D403276F-C43E-4F9D-AC2F-B690A1A75F9D" controlTypeID="Label" x="562" y="248" w="89" h="38" zOrder="13">
      <ShadowBlur>0</ShadowBlur>
      <font family="Bradley+Hand+ITC" displayName="Bradley+Hand+ITC_%26_Bold" postScript="" weightStyle="Bold" weight="700" isBold="True" isItalic="False" useDefaultFontFamily="False"/>
      <text>%C5%BEenski</text>
      <textColor>4281545523</textColor>
      <textSize>30</textSize>
      <lineSpacing>0</lineSpacing>
      <textStyles>[fsBold]</textStyles>
      <useDefaultTextSize>False</useDefaultTextSize>
      <selectedIndex>-1</selectedIndex>
    </control>
    <control controlID="6DBCD3B4-F876-414A-A073-1EA2A8B87204" controlTypeID="Button" x="88" y="488" w="146" h="58" zOrder="14">
      <color>4291611852</color>
      <borderColor>4286578432</borderColor>
      <links eventType="AtClick" animate="AmNone" animateAutoDelay="0" animateDuration="500">
        <link targetPageID="A8D85D53-56A9-41E5-AF5C-15DAF5E050EC" linkType="ltPageLink" isApplyIncludePage="False" title="Korpa">
          <area shape="0" alt="" ID="{910C08F6-439F-4C54-B310-B86CDD538723}" coords="(0,0,146,58)"/>
        </link>
      </links>
      <font family="Bradley+Hand+ITC" displayName="Bradley+Hand+ITC_%26_Bold" postScript="" weightStyle="Bold" weight="700" isBold="True" isItalic="False" useDefaultFontFamily="False"/>
      <text>Moja+korpa</text>
      <textSize>28</textSize>
      <lineSpacing>0</lineSpacing>
      <textStyles>[fsBold]</textStyles>
      <useDefaultTextSize>False</useDefaultTextSize>
      <selectedIndex>-1</selectedIndex>
      <radius>4</radius>
    </control>
    <control controlID="D4E87B92-3AC5-452B-B802-98121A6C44EC" controlTypeID="Button" x="410" y="488" w="186" h="58" zOrder="15">
      <color>4291611852</color>
      <borderColor>4286578432</borderColor>
      <font family="Bradley+Hand+ITC" displayName="Bradley+Hand+ITC_%26_Bold" postScript="" weightStyle="Bold" weight="700" isBold="True" isItalic="False" useDefaultFontFamily="False"/>
      <text>Ugasi+nalog</text>
      <textSize>28</textSize>
      <lineSpacing>0</lineSpacing>
      <textStyles>[fsBold]</textStyles>
      <useDefaultTextSize>False</useDefaultTextSize>
      <selectedIndex>-1</selectedIndex>
      <radius>4</radius>
    </control>
    <control controlID="C8EB08D4-E8A2-43EF-ABBF-E3E7FC4E6AFE" controlTypeID="Button" x="742" y="488" w="212" h="58" zOrder="16">
      <color>4291611852</color>
      <borderColor>4286578432</borderColor>
      <links eventType="AtClick" animate="AmNone" animateAutoDelay="0" animateDuration="500">
        <link targetPageID="94C2C370-F2BB-4CD2-8734-AEC9E0486530" linkType="ltPageLink" isApplyIncludePage="False" title="Informacije+o+nalogu_kupac">
          <area shape="0" alt="" ID="{6435AD4D-A0A8-434D-A4BD-143E38096AAF}" coords="(0,0,212,58)"/>
        </link>
      </links>
      <font family="Bradley+Hand+ITC" displayName="Bradley+Hand+ITC_%26_Bold" postScript="" weightStyle="Bold" weight="700" isBold="True" isItalic="False" useDefaultFontFamily="False"/>
      <text>Izmeni+podatke</text>
      <textSize>28</textSize>
      <lineSpacing>0</lineSpacing>
      <textStyles>[fsBold]</textStyles>
      <useDefaultTextSize>False</useDefaultTextSize>
      <selectedIndex>-1</selectedIndex>
      <radius>4</radius>
    </control>
  </controls>
  <param>
    <backgroundColor>4284900966</backgroundColor>
    <fontSize>14</fontSize>
    <fontFamily>Segoe+UI</fontFamily>
    <guideLines/>
  </param>
</mockup>