﻿<mockup version="5.3" minAllowVersion="5.3" ID="A8D85D53-56A9-41E5-AF5C-15DAF5E050EC" platform="MtWeb" defaultW="1536" defaultH="864" measureW="1536" measureH="864" mobileScreenScale="0">
  <controls controlCount="58">
    <control controlID="771BB95E-ADF4-4D30-9BE8-A034D25AA964" controlTypeID="Image" x="0" y="0" w="1536" h="864" zOrder="0">
      <URL>9353A407A077278C67C7F23C935D216B.png</URL>
    </control>
    <control controlID="10481CD2-AF64-455E-88F6-3A351126C368" controlTypeID="HRule" x="0" y="84" w="1536" h="12" zOrder="1">
      <color>4281545523</color>
    </control>
    <control controlID="4EECBABB-280E-4FA8-BC2B-1C354A2443B6" controlTypeID="CompositeComboBox" x="717" y="24" w="200" h="32" zOrder="2">
      <borderColor>4286578432</borderColor>
      <groupChildrenDescriptors>
        <control controlID="145DD8C8-DD6D-4E21-BA66-68E99A3A05D3" controlTypeID="TextInput" x="0" y="0" w="177" h="32" zOrder="0">
          <locked>True</locked>
          <borderColor>4286578432</borderColor>
          <canMove>False</canMove>
          <alias>input</alias>
          <font family="Segoe+UI" displayName="Segoe+UI" postScript="" weightStyle="Regular" weight="400" isBold="False" isItalic="False" useDefaultFontFamily="False"/>
          <text>Stil</text>
          <lineSpacing>0</lineSpacing>
          <selectedIndex>-1</selectedIndex>
        </control>
        <control controlID="AA498DB8-D40A-4AC5-AC25-F1D6201A7923" controlTypeID="Button" x="176" y="0" w="24" h="32" zOrder="1">
          <locked>True</locked>
          <borderColor>4286578432</borderColor>
          <canMove>False</canMove>
          <alias>button</alias>
          <font family="Segoe+UI" displayName="Segoe+UI" postScript="" weightStyle="Regular" weight="400" isBold="False" isItalic="False"/>
          <lineSpacing>0</lineSpacing>
          <selectedIndex>-1</selectedIndex>
          <radius>0</radius>
        </control>
        <control controlID="452BCCDC-14DA-43C9-A2A2-FBA4020A859B" controlTypeID="List" x="0" y="32" w="200" h="138" zOrder="2">
          <isShow>False</isShow>
          <borderColor>4286578432</borderColor>
          <canMove>False</canMove>
          <alias>dropDown</alias>
          <font family="Segoe+UI" displayName="Segoe+UI" postScript="" weightStyle="Regular" weight="400" isBold="False" isItalic="False" useDefaultFontFamily="False"/>
          <text>Stil%0D%0AKlasicizam%0D%0AKubizam%0D%0ABarok</text>
          <textSize>14</textSize>
          <lineSpacing>0</lineSpacing>
          <itemHeight>32</itemHeight>
          <interlaceColor>4294967295</interlaceColor>
        </control>
      </groupChildrenDescriptors>
      <canInput>True</canInput>
      <baseHeight>32</baseHeight>
      <font family="Segoe+UI"/>
      <textSize>14</textSize>
    </control>
    <control controlID="A5BBE96F-E030-491E-A38E-3B43D45F2689" controlTypeID="Button" x="985" y="24" w="100" h="32" zOrder="3">
      <color>4281545523</color>
      <font family="Bradley+Hand+ITC" displayName="Bradley+Hand+ITC_%26_Bold" postScript="" weightStyle="Bold" weight="700" isBold="True" isItalic="False" useDefaultFontFamily="False"/>
      <text>Pretra%C5%BEi</text>
      <textColor>4286578432</textColor>
      <textSize>20</textSize>
      <lineSpacing>0</lineSpacing>
      <textStyles>[fsBold]</textStyles>
      <useDefaultTextSize>False</useDefaultTextSize>
      <selectedIndex>-1</selectedIndex>
      <radius>100</radius>
      <radiusIsPercent>True</radiusIsPercent>
    </control>
    <control controlID="07C77E19-CE05-4A02-9E34-2748B5CC88C2" controlTypeID="TextInput" x="70" y="24" w="250" h="32" zOrder="4">
      <font family="Bradley+Hand+ITC" displayName="Bradley+Hand+ITC" postScript="" weightStyle="Regular" weight="400" isBold="False" isItalic="False" useDefaultFontFamily="False"/>
      <textSize>20</textSize>
      <lineSpacing>0</lineSpacing>
      <useDefaultTextSize>False</useDefaultTextSize>
      <selectedIndex>-1</selectedIndex>
      <placeHolder>Slikar</placeHolder>
      <radius>16</radius>
    </control>
    <control controlID="BAB112EF-ED7E-4183-BAE3-3E672F0C7DAE" controlTypeID="TextInput" x="393" y="24" w="250" h="32" zOrder="5">
      <font family="Bradley+Hand+ITC" displayName="Bradley+Hand+ITC" postScript="" weightStyle="Regular" weight="400" isBold="False" isItalic="False" useDefaultFontFamily="False"/>
      <textSize>20</textSize>
      <lineSpacing>0</lineSpacing>
      <useDefaultTextSize>False</useDefaultTextSize>
      <selectedIndex>-1</selectedIndex>
      <placeHolder>Tematika</placeHolder>
      <radius>16</radius>
    </control>
    <control controlID="3D8D68F4-544D-4942-BCEA-F4427AF24724" controlTypeID="ColorPicker" x="60" y="118" w="286" h="307" zOrder="6">
      <color>4286578432</color>
      <opacity>0.600000023841858</opacity>
    </control>
    <control controlID="65EC9173-3D18-422A-A96E-8255FA358489" controlTypeID="Image" x="78" y="136" w="250" h="272" zOrder="7">
      <interactiveData>
        <entry title="">
          <area shape="0" alt="" ID="{BACEA70F-0C3F-4A2B-B62E-CAAFE8812994}" coords="(0,0,250,272)"/>
          <events title="">
            <event eventType="atClick" isChecked="True">
              <behaviour title="" isChecked="True" isWait="False" isLoop="False" execMode="emParallel">
                <target targetID="6D577647-5AB3-4839-890C-B8328302A9A2" isChecked="True" isAutoRecovery="False" isLoop="False" execMode="emSequence">
                  <command name="Popup State Change" isChecked="True" descrition="">
                    <param name="AniInterpolation" value="0" varType="3" description=""/>
                    <param name="AniDuration" value="200" varType="3" description=""/>
                    <param name="AniAutoReverse" value="False" varType="11" description=""/>
                    <param name="AniLoop" value="False" varType="11" description=""/>
                    <param name="AniInterpolationTypeOut" value="False" varType="11" description=""/>
                    <param name="Delay" value="0" varType="3" description=""/>
                    <param name="Value" value="2" varType="3" description=""/>
                    <param name="AniType" value="0" varType="3" description=""/>
                  </command>
                </target>
              </behaviour>
            </event>
          </events>
        </entry>
      </interactiveData>
      <radiusIsPercent>True</radiusIsPercent>
      <URL>E46C34B11B1E4937836188E91D3FC6E5.jpg</URL>
      <fitMode>fmFill</fitMode>
    </control>
    <control controlID="C19AB99F-617A-4C6E-A58A-3B9732D781DA" controlTypeID="Icon" x="1352" y="10" w="64" h="64" zOrder="8">
      <color>4281545523</color>
      <icon>
        <ID/>
        <iconFontName>jdIcoFont</iconFontName>
        <iconCode>59230</iconCode>
      </icon>
      <URL>1D76A1953ACB7053D75125F70C5D5E2C.svg</URL>
    </control>
    <control controlID="8EC0D885-077C-438B-8E88-33EB5BF037F3" controlTypeID="Image" x="1452" y="10" w="64" h="64" zOrder="9">
      <URL>82F81C14AEE290F8A65EB9D1267CFB47.jpg</URL>
    </control>
    <control controlID="00D814BE-BF13-42D1-B682-0D87C7295E76" controlTypeID="Image" x="1381" y="760" w="135" h="84" zOrder="10">
      <URL>553C79B8BB334A24B76BC57838CE7B5A.png</URL>
    </control>
    <control controlID="1F1828BC-BD33-4069-B4F8-FB11CACDA7E3" controlTypeID="ColorPicker" x="60" y="500" w="286" h="307" zOrder="11">
      <color>4286578432</color>
      <opacity>0.600000023841858</opacity>
    </control>
    <control controlID="6D3DE42A-F19B-4DD5-B1F2-3A7441233142" controlTypeID="Image" x="78" y="518" w="250" h="272" zOrder="12">
      <URL>BD69E9C1CECF8DF8A2348D45E5135B16.jpeg</URL>
    </control>
    <control controlID="32C16E7D-69A1-4EB0-9783-0428130AB631" controlTypeID="ColorPicker" x="757" y="118" w="286" h="307" zOrder="13">
      <color>4286578432</color>
      <opacity>0.600000023841858</opacity>
    </control>
    <control controlID="8E166CC7-7CB7-432E-9E6E-BF3B453B1E3B" controlTypeID="Image" x="778" y="136" w="250" h="272" zOrder="14">
      <URL>D94F7D0CEEA16DC7AC508C7CD6E330BA.jpeg</URL>
    </control>
    <control controlID="E883B4EC-2896-452E-8F06-416C89A56A34" controlTypeID="ColorPicker" x="757" y="500" w="286" h="307" zOrder="15">
      <color>4286578432</color>
      <opacity>0.600000023841858</opacity>
    </control>
    <control controlID="8C07994C-CC4E-49ED-98ED-18785F605DB2" controlTypeID="Image" x="778" y="518" w="250" h="272" zOrder="16">
      <URL>0957721A8869CD6E29BA3FCD98891987.jpeg</URL>
    </control>
    <control controlID="C7E0102C-48A4-49E7-B1CA-6D094104D178" controlTypeID="TextInput" x="358" y="377" w="124" h="48" zOrder="17">
      <font family="Bradley+Hand+ITC" displayName="Bradley+Hand+ITC" postScript="" weightStyle="Regular" weight="400" isBold="False" isItalic="False" useDefaultFontFamily="False"/>
      <text>3500.00$</text>
      <textSize>20</textSize>
      <lineSpacing>0</lineSpacing>
      <useDefaultTextSize>False</useDefaultTextSize>
      <selectedIndex>-1</selectedIndex>
      <canInput>False</canInput>
      <radius>16</radius>
    </control>
    <control controlID="CD7540DE-54B1-4086-86A8-1A949CDE9E0A" controlTypeID="Panel" x="362" y="120" w="353" h="247" zOrder="18">
      <color>4284900966</color>
      <groupChildrenDescriptors>
        <control controlID="D89B2490-2D35-4C25-ACEA-8008004D97E6" controlTypeID="Label" x="10" y="92" w="93" h="38" zOrder="0">
          <font family="Bradley+Hand+ITC" displayName="Bradley+Hand+ITC_%26_Bold" postScript="" weightStyle="Bold" weight="700" isBold="True" isItalic="False" useDefaultFontFamily="False"/>
          <text>Slikar%3A</text>
          <textColor>4286578432</textColor>
          <textSize>30</textSize>
          <lineSpacing>0</lineSpacing>
          <textStyles>[fsBold]</textStyles>
          <useDefaultTextSize>False</useDefaultTextSize>
          <selectedIndex>-1</selectedIndex>
        </control>
        <control controlID="D9A701CF-0DC5-4E33-95E7-CD4197FF9329" controlTypeID="Label" x="34" y="130" w="235" h="38" zOrder="1">
          <font family="Bradley+Hand+ITC" displayName="Bradley+Hand+ITC_%26_Bold" postScript="" weightStyle="Bold" weight="700" isBold="True" isItalic="False" useDefaultFontFamily="False"/>
          <text>Samantha+French</text>
          <textColor>4286578432</textColor>
          <textSize>30</textSize>
          <lineSpacing>0</lineSpacing>
          <textStyles>[fsBold]</textStyles>
          <useDefaultTextSize>False</useDefaultTextSize>
          <selectedIndex>-1</selectedIndex>
        </control>
        <control controlID="0B1CD093-E34B-406E-BA1E-630F343ADB05" controlTypeID="Label" x="10" y="16" w="81" h="38" zOrder="2">
          <font family="Bradley+Hand+ITC" displayName="Bradley+Hand+ITC_%26_Bold" postScript="" weightStyle="Bold" weight="700" isBold="True" isItalic="False" useDefaultFontFamily="False"/>
          <text>Slika%3A</text>
          <textColor>4286578432</textColor>
          <textSize>30</textSize>
          <lineSpacing>0</lineSpacing>
          <textStyles>[fsBold]</textStyles>
          <useDefaultTextSize>False</useDefaultTextSize>
          <selectedIndex>-1</selectedIndex>
        </control>
        <control controlID="EE74CBEA-9DE9-4246-A1C7-129B851FE47F" controlTypeID="Label" x="34" y="54" w="309" h="38" zOrder="3">
          <font family="Bradley+Hand+ITC" displayName="Bradley+Hand+ITC_%26_Bold" postScript="" weightStyle="Bold" weight="700" isBold="True" isItalic="False" useDefaultFontFamily="False"/>
          <text>Underwater+tranquility</text>
          <textColor>4286578432</textColor>
          <textSize>30</textSize>
          <lineSpacing>0</lineSpacing>
          <textStyles>[fsBold]</textStyles>
          <useDefaultTextSize>False</useDefaultTextSize>
          <selectedIndex>-1</selectedIndex>
        </control>
        <control controlID="5B718D4C-DCDF-46C9-B865-D718574910BC" controlTypeID="Border" x="0" y="0" w="353" h="247" zOrder="4">
          <alias>borderLayer</alias>
        </control>
      </groupChildrenDescriptors>
      <thinkness>1</thinkness>
    </control>
    <control controlID="1D2CE658-EB18-496B-85F2-EC220CB0A78A" controlTypeID="Panel" x="1064" y="500" w="353" h="247" zOrder="19">
      <color>4284900966</color>
      <groupChildrenDescriptors>
        <control controlID="A87C0D3F-BFB8-4538-8F1E-B4256B8E68DF" controlTypeID="Label" x="10" y="92" w="93" h="38" zOrder="0">
          <font family="Bradley+Hand+ITC" displayName="Bradley+Hand+ITC_%26_Bold" postScript="" weightStyle="Bold" weight="700" isBold="True" isItalic="False" useDefaultFontFamily="False"/>
          <text>Slikar%3A</text>
          <textColor>4286578432</textColor>
          <textSize>30</textSize>
          <lineSpacing>0</lineSpacing>
          <textStyles>[fsBold]</textStyles>
          <useDefaultTextSize>False</useDefaultTextSize>
          <selectedIndex>-1</selectedIndex>
        </control>
        <control controlID="B4D83028-E302-4839-8DDF-679F6C2BC284" controlTypeID="Label" x="34" y="130" w="235" h="38" zOrder="1">
          <font family="Bradley+Hand+ITC" displayName="Bradley+Hand+ITC_%26_Bold" postScript="" weightStyle="Bold" weight="700" isBold="True" isItalic="False" useDefaultFontFamily="False"/>
          <text>Samantha+French</text>
          <textColor>4286578432</textColor>
          <textSize>30</textSize>
          <lineSpacing>0</lineSpacing>
          <textStyles>[fsBold]</textStyles>
          <useDefaultTextSize>False</useDefaultTextSize>
          <selectedIndex>-1</selectedIndex>
        </control>
        <control controlID="EF606EA8-CD3F-4DE6-9535-92AC1B3FC38C" controlTypeID="Label" x="10" y="16" w="81" h="38" zOrder="2">
          <font family="Bradley+Hand+ITC" displayName="Bradley+Hand+ITC_%26_Bold" postScript="" weightStyle="Bold" weight="700" isBold="True" isItalic="False" useDefaultFontFamily="False"/>
          <text>Slika%3A</text>
          <textColor>4286578432</textColor>
          <textSize>30</textSize>
          <lineSpacing>0</lineSpacing>
          <textStyles>[fsBold]</textStyles>
          <useDefaultTextSize>False</useDefaultTextSize>
          <selectedIndex>-1</selectedIndex>
        </control>
        <control controlID="6520457B-87B4-40F2-8E67-2BA94528C5E9" controlTypeID="Label" x="34" y="54" w="309" h="38" zOrder="3">
          <font family="Bradley+Hand+ITC" displayName="Bradley+Hand+ITC_%26_Bold" postScript="" weightStyle="Bold" weight="700" isBold="True" isItalic="False" useDefaultFontFamily="False"/>
          <text>Underwater+tranquility</text>
          <textColor>4286578432</textColor>
          <textSize>30</textSize>
          <lineSpacing>0</lineSpacing>
          <textStyles>[fsBold]</textStyles>
          <useDefaultTextSize>False</useDefaultTextSize>
          <selectedIndex>-1</selectedIndex>
        </control>
        <control controlID="5D83EAAE-3926-49C5-B7E4-D0976D552B47" controlTypeID="Border" x="0" y="0" w="353" h="247" zOrder="4">
          <alias>borderLayer</alias>
        </control>
      </groupChildrenDescriptors>
      <thinkness>1</thinkness>
    </control>
    <control controlID="D181E411-B9B6-4099-9244-65BA049CE344" controlTypeID="Panel" x="1063" y="120" w="353" h="247" zOrder="20">
      <color>4284900966</color>
      <groupChildrenDescriptors>
        <control controlID="AC4ED17E-18EA-4A55-9F4B-CFD864442410" controlTypeID="Label" x="10" y="92" w="93" h="38" zOrder="0">
          <font family="Bradley+Hand+ITC" displayName="Bradley+Hand+ITC_%26_Bold" postScript="" weightStyle="Bold" weight="700" isBold="True" isItalic="False" useDefaultFontFamily="False"/>
          <text>Slikar%3A</text>
          <textColor>4286578432</textColor>
          <textSize>30</textSize>
          <lineSpacing>0</lineSpacing>
          <textStyles>[fsBold]</textStyles>
          <useDefaultTextSize>False</useDefaultTextSize>
          <selectedIndex>-1</selectedIndex>
        </control>
        <control controlID="96E51A77-57D8-4125-852D-A0A77092BC46" controlTypeID="Label" x="34" y="130" w="235" h="38" zOrder="1">
          <font family="Bradley+Hand+ITC" displayName="Bradley+Hand+ITC_%26_Bold" postScript="" weightStyle="Bold" weight="700" isBold="True" isItalic="False" useDefaultFontFamily="False"/>
          <text>Samantha+French</text>
          <textColor>4286578432</textColor>
          <textSize>30</textSize>
          <lineSpacing>0</lineSpacing>
          <textStyles>[fsBold]</textStyles>
          <useDefaultTextSize>False</useDefaultTextSize>
          <selectedIndex>-1</selectedIndex>
        </control>
        <control controlID="25390B31-B6F0-487F-A17C-809AB5FE1980" controlTypeID="Label" x="10" y="16" w="81" h="38" zOrder="2">
          <font family="Bradley+Hand+ITC" displayName="Bradley+Hand+ITC_%26_Bold" postScript="" weightStyle="Bold" weight="700" isBold="True" isItalic="False" useDefaultFontFamily="False"/>
          <text>Slika%3A</text>
          <textColor>4286578432</textColor>
          <textSize>30</textSize>
          <lineSpacing>0</lineSpacing>
          <textStyles>[fsBold]</textStyles>
          <useDefaultTextSize>False</useDefaultTextSize>
          <selectedIndex>-1</selectedIndex>
        </control>
        <control controlID="4DBC096A-64CA-4EDD-85A2-D87FE6FDB37E" controlTypeID="Label" x="34" y="54" w="309" h="38" zOrder="3">
          <font family="Bradley+Hand+ITC" displayName="Bradley+Hand+ITC_%26_Bold" postScript="" weightStyle="Bold" weight="700" isBold="True" isItalic="False" useDefaultFontFamily="False"/>
          <text>Underwater+tranquility</text>
          <textColor>4286578432</textColor>
          <textSize>30</textSize>
          <lineSpacing>0</lineSpacing>
          <textStyles>[fsBold]</textStyles>
          <useDefaultTextSize>False</useDefaultTextSize>
          <selectedIndex>-1</selectedIndex>
        </control>
        <control controlID="0B6D65D7-C191-4293-9437-DEEFF6C40F3A" controlTypeID="Border" x="0" y="0" w="353" h="247" zOrder="4">
          <alias>borderLayer</alias>
        </control>
      </groupChildrenDescriptors>
      <thinkness>1</thinkness>
    </control>
    <control controlID="25588842-0E49-49D4-8EBA-84978BC15D05" controlTypeID="Panel" x="362" y="500" w="353" h="247" zOrder="21">
      <color>4284900966</color>
      <groupChildrenDescriptors>
        <control controlID="0248F4CF-4F74-41F6-A634-E7464BD883FC" controlTypeID="Label" x="10" y="92" w="93" h="38" zOrder="0">
          <font family="Bradley+Hand+ITC" displayName="Bradley+Hand+ITC_%26_Bold" postScript="" weightStyle="Bold" weight="700" isBold="True" isItalic="False" useDefaultFontFamily="False"/>
          <text>Slikar%3A</text>
          <textColor>4286578432</textColor>
          <textSize>30</textSize>
          <lineSpacing>0</lineSpacing>
          <textStyles>[fsBold]</textStyles>
          <useDefaultTextSize>False</useDefaultTextSize>
          <selectedIndex>-1</selectedIndex>
        </control>
        <control controlID="9A6DC270-3908-4A0F-9F8A-0730721C6925" controlTypeID="Label" x="34" y="130" w="235" h="38" zOrder="1">
          <font family="Bradley+Hand+ITC" displayName="Bradley+Hand+ITC_%26_Bold" postScript="" weightStyle="Bold" weight="700" isBold="True" isItalic="False" useDefaultFontFamily="False"/>
          <text>Samantha+French</text>
          <textColor>4286578432</textColor>
          <textSize>30</textSize>
          <lineSpacing>0</lineSpacing>
          <textStyles>[fsBold]</textStyles>
          <useDefaultTextSize>False</useDefaultTextSize>
          <selectedIndex>-1</selectedIndex>
        </control>
        <control controlID="11C526FA-FC73-42D0-8975-165CCF38BFBC" controlTypeID="Label" x="10" y="16" w="81" h="38" zOrder="2">
          <font family="Bradley+Hand+ITC" displayName="Bradley+Hand+ITC_%26_Bold" postScript="" weightStyle="Bold" weight="700" isBold="True" isItalic="False" useDefaultFontFamily="False"/>
          <text>Slika%3A</text>
          <textColor>4286578432</textColor>
          <textSize>30</textSize>
          <lineSpacing>0</lineSpacing>
          <textStyles>[fsBold]</textStyles>
          <useDefaultTextSize>False</useDefaultTextSize>
          <selectedIndex>-1</selectedIndex>
        </control>
        <control controlID="0ED2AAC1-6FAF-4490-BC81-62076B9C414D" controlTypeID="Label" x="34" y="54" w="309" h="38" zOrder="3">
          <font family="Bradley+Hand+ITC" displayName="Bradley+Hand+ITC_%26_Bold" postScript="" weightStyle="Bold" weight="700" isBold="True" isItalic="False" useDefaultFontFamily="False"/>
          <text>Underwater+tranquility</text>
          <textColor>4286578432</textColor>
          <textSize>30</textSize>
          <lineSpacing>0</lineSpacing>
          <textStyles>[fsBold]</textStyles>
          <useDefaultTextSize>False</useDefaultTextSize>
          <selectedIndex>-1</selectedIndex>
        </control>
        <control controlID="D572839C-447F-4ECD-87FD-A2BA58A556A9" controlTypeID="Border" x="0" y="0" w="353" h="247" zOrder="4">
          <alias>borderLayer</alias>
        </control>
      </groupChildrenDescriptors>
      <thinkness>1</thinkness>
    </control>
    <control controlID="961FF70D-FBFC-4E4D-BCC1-C3C6E93229FF" controlTypeID="TextInput" x="1064" y="377" w="124" h="48" zOrder="22">
      <font family="Bradley+Hand+ITC" displayName="Bradley+Hand+ITC" postScript="" weightStyle="Regular" weight="400" isBold="False" isItalic="False" useDefaultFontFamily="False"/>
      <text>3500.00$</text>
      <textSize>20</textSize>
      <lineSpacing>0</lineSpacing>
      <useDefaultTextSize>False</useDefaultTextSize>
      <selectedIndex>-1</selectedIndex>
      <canInput>False</canInput>
      <radius>16</radius>
    </control>
    <control controlID="EAD17890-1859-4A05-B15E-AE1ADD35273C" controlTypeID="TextInput" x="1064" y="757" w="124" h="48" zOrder="23">
      <font family="Bradley+Hand+ITC" displayName="Bradley+Hand+ITC" postScript="" weightStyle="Regular" weight="400" isBold="False" isItalic="False" useDefaultFontFamily="False"/>
      <text>3500.00$</text>
      <textSize>20</textSize>
      <lineSpacing>0</lineSpacing>
      <useDefaultTextSize>False</useDefaultTextSize>
      <selectedIndex>-1</selectedIndex>
      <canInput>False</canInput>
      <radius>16</radius>
    </control>
    <control controlID="A0E1CE7E-3E86-4391-AE4E-4AD7BC175265" controlTypeID="TextInput" x="358" y="757" w="124" h="48" zOrder="24">
      <font family="Bradley+Hand+ITC" displayName="Bradley+Hand+ITC" postScript="" weightStyle="Regular" weight="400" isBold="False" isItalic="False" useDefaultFontFamily="False"/>
      <text>3500.00$</text>
      <textSize>20</textSize>
      <lineSpacing>0</lineSpacing>
      <useDefaultTextSize>False</useDefaultTextSize>
      <selectedIndex>-1</selectedIndex>
      <canInput>False</canInput>
      <radius>16</radius>
    </control>
    <control controlID="1F3EAA1C-0319-4FFB-817C-4778A72B25B0" controlTypeID="Icon" x="1360" y="681" w="56" h="56" zOrder="25">
      <color>4286578432</color>
      <opacity>0.800000011920929</opacity>
      <icon>
        <ID/>
        <iconFontName>jdIonicons</iconFontName>
        <iconCode>62034</iconCode>
      </icon>
      <URL>1DEEC712A18B774EEA9584D159237A03.svg</URL>
    </control>
    <control controlID="675D5925-4646-4E4E-9CAF-92BA74F59842" controlTypeID="Icon" x="652" y="681" w="56" h="56" zOrder="26">
      <color>4286578432</color>
      <opacity>0.800000011920929</opacity>
      <icon>
        <ID/>
        <iconFontName>jdIonicons</iconFontName>
        <iconCode>62034</iconCode>
      </icon>
      <URL>1DEEC712A18B774EEA9584D159237A03.svg</URL>
    </control>
    <control controlID="0C431B16-38EA-41CB-850A-30597343D26D" controlTypeID="Icon" x="652" y="303" w="56" h="56" zOrder="27">
      <color>4286578432</color>
      <opacity>0.800000011920929</opacity>
      <icon>
        <ID/>
        <iconFontName>jdIonicons</iconFontName>
        <iconCode>62034</iconCode>
      </icon>
      <URL>1DEEC712A18B774EEA9584D159237A03.svg</URL>
    </control>
    <control controlID="38361676-A3B6-47FB-977D-A8BED59E892C" controlTypeID="Icon" x="1360" y="303" w="56" h="56" zOrder="28">
      <color>4286578432</color>
      <opacity>0.800000011920929</opacity>
      <icon>
        <ID/>
        <iconFontName>jdIonicons</iconFontName>
        <iconCode>62034</iconCode>
      </icon>
      <URL>1DEEC712A18B774EEA9584D159237A03.svg</URL>
    </control>
    <control controlID="6D577647-5AB3-4839-890C-B8328302A9A2" controlTypeID="PopupPanel" x="515" y="622" w="46" h="46" zOrder="29">
      <groupChildrenDescriptors>
        <control controlID="01DCD3FD-A6F6-404A-90D2-781426DBA1BF" controlTypeID="Panel" x="0" y="0" w="1536" h="864" zOrder="0">
          <locked>True</locked>
          <color>1879048192</color>
          <borderVisible>False</borderVisible>
          <canMove>False</canMove>
          <alias>background</alias>
          <groupChildrenDescriptors>
            <control controlID="AB63B617-8591-49CB-95FB-DCAE753BB425" controlTypeID="Border" x="0" y="0" w="1536" h="864" zOrder="0">
              <borderVisible>False</borderVisible>
              <alias>borderLayer</alias>
            </control>
          </groupChildrenDescriptors>
          <thinkness>1</thinkness>
        </control>
        <control controlID="4DA54677-E0E0-4991-9C9C-BC54500ECCFC" controlTypeID="PopupPanelContent" x="171" y="89" w="1215" h="719" zOrder="1">
          <color>16777215</color>
          <alias>content</alias>
          <groupChildrenDescriptors>
            <control controlID="803576F3-80DE-4669-9F83-57C41C687EEB" controlTypeID="Panel" x="0" y="0" w="1215" h="719" zOrder="0">
              <color>4286578432</color>
              <groupChildrenDescriptors>
                <control controlID="E652370B-4447-4895-84E1-A0AAB793B1D4" controlTypeID="Border" x="0" y="0" w="1215" h="719" zOrder="0">
                  <alias>borderLayer</alias>
                </control>
              </groupChildrenDescriptors>
              <thinkness>1</thinkness>
            </control>
          </groupChildrenDescriptors>
        </control>
      </groupChildrenDescriptors>
    </control>
  </controls>
  <param>
    <backgroundColor>4284900966</backgroundColor>
    <fontSize>14</fontSize>
    <fontFamily>Segoe+UI</fontFamily>
    <guideLines/>
  </param>
</mockup>