﻿<mockup version="5.3" minAllowVersion="5.3" ID="7374C221-D31D-4E70-A88F-4EB2D9B74ECA" platform="MtWeb" defaultW="1536" defaultH="864" measureW="1536" measureH="864" mobileScreenScale="0">
  <controls controlCount="23">
    <control controlID="CECF7346-ADA3-4B92-A788-F3BD2E857A2A" controlTypeID="Image" x="0" y="0" w="1536" h="90" zOrder="0">
      <URL>9353A407A077278C67C7F23C935D216B.png</URL>
    </control>
    <control controlID="10481CD2-AF64-455E-88F6-3A351126C368" controlTypeID="HRule" x="0" y="84" w="1536" h="12" zOrder="1">
      <color>4286578432</color>
    </control>
    <control controlID="911E1A82-766F-4D1A-8F08-7C108FDE97B5" controlTypeID="Image" x="1381" y="760" w="135" h="84" zOrder="2">
      <URL>553C79B8BB334A24B76BC57838CE7B5A.png</URL>
    </control>
    <control controlID="1148A522-5C0D-4E22-84EF-BCAF100F513D" controlTypeID="Tab" x="1" y="90" w="1535" h="606" zOrder="3">
      <color>4288256409</color>
      <borderColor>4286578432</borderColor>
      <borderVisible>False</borderVisible>
      <links eventType="AtClick" animate="AmNone" animateAutoDelay="0" animateDuration="500">
        <link targetPageID="0F18B6CE-10F8-478F-9479-FE0C6A014CCD" linkType="ltPageLink" isApplyIncludePage="False" title="Log+In">
          <area shape="0" alt="" ID="{ADFDA6B0-D0D9-49ED-B0A3-A4A79B3FDCCD}" coords="(618,0,768,50)"/>
        </link>
        <link targetPageID="" linkType="ltPageLink" isApplyIncludePage="False" title="+Register">
          <area shape="0" alt="" ID="{0DA29B21-C461-4E7F-BC42-00019CE0A41B}" coords="(767,0,917,50)"/>
        </link>
      </links>
      <font family="Bradley+Hand+ITC" displayName="Bradley+Hand+ITC_%26_Bold" postScript="" weightStyle="Bold" weight="700" isBold="True" isItalic="False" useDefaultFontFamily="False"/>
      <text>Log+In%2C+Register</text>
      <textSize>24</textSize>
      <lineSpacing>0</lineSpacing>
      <textStyles>[fsBold]</textStyles>
      <useDefaultTextSize>False</useDefaultTextSize>
      <selectedIndex>1</selectedIndex>
      <selectedColor>4288256409</selectedColor>
      <tabPosition>HaCenter</tabPosition>
      <tabColor>4286578432</tabColor>
      <tabEdge>32</tabEdge>
      <tabHeight>50</tabHeight>
      <tabWidth>150</tabWidth>
    </control>
    <control controlID="2EA10BDF-D2BC-419A-A27F-6EF39EB2352C" controlTypeID="Image" x="0" y="141" w="1536" h="555" zOrder="4">
      <URL>9353A407A077278C67C7F23C935D216B.png</URL>
    </control>
    <control controlID="4EECBABB-280E-4FA8-BC2B-1C354A2443B6" controlTypeID="CompositeComboBox" x="717" y="24" w="200" h="32" zOrder="5">
      <borderColor>4286578432</borderColor>
      <groupChildrenDescriptors>
        <control controlID="145DD8C8-DD6D-4E21-BA66-68E99A3A05D3" controlTypeID="TextInput" x="0" y="0" w="177" h="32" zOrder="0">
          <locked>True</locked>
          <borderColor>4286578432</borderColor>
          <canMove>False</canMove>
          <alias>input</alias>
          <font family="Segoe+UI" displayName="Segoe+UI" postScript="" weightStyle="Regular" weight="400" isBold="False" isItalic="False" useDefaultFontFamily="False"/>
          <text>Stil</text>
          <lineSpacing>0</lineSpacing>
          <selectedIndex>-1</selectedIndex>
        </control>
        <control controlID="AA498DB8-D40A-4AC5-AC25-F1D6201A7923" controlTypeID="Button" x="176" y="0" w="24" h="32" zOrder="1">
          <locked>True</locked>
          <borderColor>4286578432</borderColor>
          <canMove>False</canMove>
          <alias>button</alias>
          <font family="Segoe+UI" displayName="Segoe+UI" postScript="" weightStyle="Regular" weight="400" isBold="False" isItalic="False"/>
          <lineSpacing>0</lineSpacing>
          <selectedIndex>-1</selectedIndex>
          <radius>0</radius>
        </control>
        <control controlID="452BCCDC-14DA-43C9-A2A2-FBA4020A859B" controlTypeID="List" x="0" y="32" w="200" h="138" zOrder="2">
          <isShow>False</isShow>
          <borderColor>4286578432</borderColor>
          <canMove>False</canMove>
          <alias>dropDown</alias>
          <font family="Segoe+UI" displayName="Segoe+UI" postScript="" weightStyle="Regular" weight="400" isBold="False" isItalic="False" useDefaultFontFamily="False"/>
          <text>Stil%0D%0AKlasicizam%0D%0AKubizam%0D%0ABarok</text>
          <textSize>14</textSize>
          <lineSpacing>0</lineSpacing>
          <itemHeight>32</itemHeight>
          <interlaceColor>4294967295</interlaceColor>
        </control>
      </groupChildrenDescriptors>
      <canInput>True</canInput>
      <baseHeight>32</baseHeight>
      <font family="Segoe+UI"/>
      <textSize>14</textSize>
    </control>
    <control controlID="A5BBE96F-E030-491E-A38E-3B43D45F2689" controlTypeID="Button" x="985" y="24" w="100" h="32" zOrder="6">
      <color>4286578432</color>
      <font family="Bradley+Hand+ITC" displayName="Bradley+Hand+ITC" postScript="" weightStyle="Regular" weight="400" isBold="False" isItalic="False" useDefaultFontFamily="False"/>
      <text>Pretra%C5%BEi</text>
      <textSize>20</textSize>
      <lineSpacing>0</lineSpacing>
      <useDefaultTextSize>False</useDefaultTextSize>
      <selectedIndex>-1</selectedIndex>
      <radius>100</radius>
      <radiusIsPercent>True</radiusIsPercent>
    </control>
    <control controlID="07C77E19-CE05-4A02-9E34-2748B5CC88C2" controlTypeID="TextInput" x="70" y="24" w="250" h="32" zOrder="7">
      <font family="Bradley+Hand+ITC" displayName="Bradley+Hand+ITC" postScript="" weightStyle="Regular" weight="400" isBold="False" isItalic="False" useDefaultFontFamily="False"/>
      <textSize>20</textSize>
      <lineSpacing>0</lineSpacing>
      <useDefaultTextSize>False</useDefaultTextSize>
      <selectedIndex>-1</selectedIndex>
      <placeHolder>Slikar</placeHolder>
      <radius>16</radius>
    </control>
    <control controlID="BAB112EF-ED7E-4183-BAE3-3E672F0C7DAE" controlTypeID="TextInput" x="393" y="24" w="250" h="32" zOrder="8">
      <font family="Bradley+Hand+ITC" displayName="Bradley+Hand+ITC" postScript="" weightStyle="Regular" weight="400" isBold="False" isItalic="False" useDefaultFontFamily="False"/>
      <textSize>20</textSize>
      <lineSpacing>0</lineSpacing>
      <useDefaultTextSize>False</useDefaultTextSize>
      <selectedIndex>-1</selectedIndex>
      <placeHolder>Tematika</placeHolder>
      <radius>16</radius>
    </control>
    <control controlID="AE0E9D9E-818A-4696-884C-369D9880331F" controlTypeID="TextInput" x="470" y="244" w="250" h="32" zOrder="9">
      <font family="Bradley+Hand+ITC" displayName="Bradley+Hand+ITC" postScript="" weightStyle="Regular" weight="400" isBold="False" isItalic="False" useDefaultFontFamily="False"/>
      <textSize>30</textSize>
      <lineSpacing>0</lineSpacing>
      <useDefaultTextSize>False</useDefaultTextSize>
      <selectedIndex>-1</selectedIndex>
      <radius>16</radius>
    </control>
    <control controlID="64D30165-2ED6-4D93-821E-0D6C68DE0C03" controlTypeID="TextInput" x="470" y="413" w="250" h="32" zOrder="10">
      <font family="Bradley+Hand+ITC" displayName="Bradley+Hand+ITC" postScript="" weightStyle="Regular" weight="400" isBold="False" isItalic="False" useDefaultFontFamily="False"/>
      <textSize>30</textSize>
      <lineSpacing>0</lineSpacing>
      <useDefaultTextSize>False</useDefaultTextSize>
      <selectedIndex>-1</selectedIndex>
      <inputModel>emPassword</inputModel>
      <radius>16</radius>
    </control>
    <control controlID="5DBA5307-1D20-4DC9-B11E-18A94D116D16" controlTypeID="TextInput" x="470" y="504" w="250" h="32" zOrder="11">
      <font family="Bradley+Hand+ITC" displayName="Bradley+Hand+ITC" postScript="" weightStyle="Regular" weight="400" isBold="False" isItalic="False" useDefaultFontFamily="False"/>
      <textSize>30</textSize>
      <lineSpacing>0</lineSpacing>
      <useDefaultTextSize>False</useDefaultTextSize>
      <selectedIndex>-1</selectedIndex>
      <inputModel>emPassword</inputModel>
      <radius>16</radius>
    </control>
    <control controlID="DBBE88EB-96E2-4F20-A850-1FC123E70041" controlTypeID="Button" x="657" y="605" w="201" h="60" zOrder="12">
      <color>4286578432</color>
      <font family="Bradley+Hand+ITC" displayName="Bradley+Hand+ITC_%26_Bold" postScript="" weightStyle="Bold" weight="700" isBold="True" isItalic="False" useDefaultFontFamily="False"/>
      <text>Registruj+se</text>
      <textSize>30</textSize>
      <lineSpacing>0</lineSpacing>
      <textStyles>[fsBold]</textStyles>
      <useDefaultTextSize>False</useDefaultTextSize>
      <selectedIndex>-1</selectedIndex>
      <radius>30</radius>
    </control>
    <control controlID="EF1650B4-6168-48CF-BD1E-8D460A64A78C" controlTypeID="Label" x="350" y="244" w="89" h="38" zOrder="13">
      <font family="Bradley+Hand+ITC" displayName="Bradley+Hand+ITC_%26_Bold" postScript="" weightStyle="Bold" weight="700" isBold="True" isItalic="False" useDefaultFontFamily="False"/>
      <text>e-mail%3A</text>
      <textColor>4281545523</textColor>
      <textSize>30</textSize>
      <lineSpacing>0</lineSpacing>
      <textStyles>[fsBold]</textStyles>
      <useDefaultTextSize>False</useDefaultTextSize>
      <selectedIndex>-1</selectedIndex>
    </control>
    <control controlID="8BFA8D4E-627A-4B29-808D-4B8A69CEFDB2" controlTypeID="Label" x="182" y="504" w="257" h="38" zOrder="14">
      <font family="Bradley+Hand+ITC" displayName="Bradley+Hand+ITC_%26_Bold" postScript="" weightStyle="Bold" weight="700" isBold="True" isItalic="False" useDefaultFontFamily="False"/>
      <text>Ponovljena+lozinka%3A</text>
      <textColor>4281545523</textColor>
      <textSize>30</textSize>
      <lineSpacing>0</lineSpacing>
      <textStyles>[fsBold]</textStyles>
      <useDefaultTextSize>False</useDefaultTextSize>
      <selectedIndex>-1</selectedIndex>
    </control>
    <control controlID="81876DE3-1DA3-4EA5-B186-92500397247F" controlTypeID="Label" x="322" y="410" w="117" h="38" zOrder="15">
      <font family="Bradley+Hand+ITC" displayName="Bradley+Hand+ITC_%26_Bold" postScript="" weightStyle="Bold" weight="700" isBold="True" isItalic="False" useDefaultFontFamily="False"/>
      <text>Lozinka%3A</text>
      <textColor>4281545523</textColor>
      <textSize>30</textSize>
      <lineSpacing>0</lineSpacing>
      <textStyles>[fsBold]</textStyles>
      <useDefaultTextSize>False</useDefaultTextSize>
      <selectedIndex>-1</selectedIndex>
    </control>
    <control controlID="49EFDCE9-1DE6-4F43-BF10-93209080BD70" controlTypeID="TextInput" x="470" y="329" w="250" h="32" zOrder="16">
      <font family="Bradley+Hand+ITC" displayName="Bradley+Hand+ITC" postScript="" weightStyle="Regular" weight="400" isBold="False" isItalic="False" useDefaultFontFamily="False"/>
      <textSize>30</textSize>
      <lineSpacing>0</lineSpacing>
      <useDefaultTextSize>False</useDefaultTextSize>
      <selectedIndex>-1</selectedIndex>
      <radius>16</radius>
    </control>
    <control controlID="F48BCC01-D6D4-4C74-9DD0-58428303B669" controlTypeID="Label" x="233" y="323" w="206" h="45" zOrder="17">
      <font family="Bradley+Hand+ITC" displayName="Bradley+Hand+ITC_%26_Bold" postScript="" weightStyle="Bold" weight="700" isBold="True" isItalic="False" useDefaultFontFamily="False"/>
      <text>Korisni%C4%8Dko+ime%3A</text>
      <textColor>4281545523</textColor>
      <textSize>30</textSize>
      <lineSpacing>0</lineSpacing>
      <textStyles>[fsBold]</textStyles>
      <useDefaultTextSize>False</useDefaultTextSize>
      <selectedIndex>-1</selectedIndex>
    </control>
    <control controlID="54F2FFD0-61F1-4E6D-B090-7E5428B322B1" controlTypeID="RadioButtonGroup" x="940" y="355" w="120" h="90" zOrder="18">
      <borderColor>4286578432</borderColor>
      <font family="Bradley+Hand+ITC" displayName="Bradley+Hand+ITC_%26_Bold" postScript="" weightStyle="Bold" weight="700" isBold="True" isItalic="False" useDefaultFontFamily="False"/>
      <text>Slikar%0D%0AKupac%0D%0A</text>
      <textColor>4281545523</textColor>
      <textSize>30</textSize>
      <lineSpacing>0</lineSpacing>
      <textStyles>[fsBold]</textStyles>
      <useDefaultTextSize>False</useDefaultTextSize>
      <selectedIndex>1</selectedIndex>
      <itemHeight>40</itemHeight>
      <itemRect>[{"left":0,"top":0,"right":120,"bottom":40},{"left":0,"top":50,"right":120,"bottom":90}]</itemRect>
    </control>
    <control controlID="5BF8BBC3-D101-4760-A2FE-783D9BAE1486" controlTypeID="Label" x="913" y="296" w="217" h="38" zOrder="19">
      <font family="Bradley+Hand+ITC" displayName="Bradley+Hand+ITC_%26_Bold" postScript="" weightStyle="Bold" weight="700" isBold="True" isItalic="False" useDefaultFontFamily="False"/>
      <text>Registruj+se+kao%3A</text>
      <textColor>4281545523</textColor>
      <textSize>30</textSize>
      <lineSpacing>0</lineSpacing>
      <textStyles>[fsBold]</textStyles>
      <useDefaultTextSize>False</useDefaultTextSize>
      <selectedIndex>-1</selectedIndex>
    </control>
  </controls>
  <param>
    <backgroundColor>4284900966</backgroundColor>
    <fontSize>14</fontSize>
    <fontFamily>Segoe+UI</fontFamily>
    <guideLines/>
  </param>
</mockup>