﻿<mockup version="5.3" minAllowVersion="5.3" ID="3F8C517C-3D08-49FD-A1F5-32E7AD319A2C" platform="MtWeb" defaultW="1536" defaultH="864" measureW="1536" measureH="864" mobileScreenScale="0">
  <controls controlCount="32">
    <control controlID="E269882E-C985-45F8-BE27-C817B06210D9" controlTypeID="Image" x="0" y="0" w="1536" h="864" zOrder="0">
      <URL>9353A407A077278C67C7F23C935D216B.png</URL>
    </control>
    <control controlID="B225EF71-BE79-4F64-A812-093A3F0FF488" controlTypeID="ScrollView" x="-8" y="0" w="1544" h="864" zOrder="1">
      <color>4284900966</color>
      <borderVisible>False</borderVisible>
      <groupChildrenDescriptors>
        <control controlID="22F281EE-061B-4805-8A13-EE1EB604BF02" controlTypeID="ScrollViewContentPanel" x="0" y="0" w="1564" h="2406" zOrder="0">
          <alias>contentPanel</alias>
          <groupChildrenDescriptors>
            <control controlID="8638A6FB-9EED-42CC-B44D-06E80E4846B7" controlTypeID="Image" x="0" y="0" w="1546" h="854" zOrder="0">
              <URL>9353A407A077278C67C7F23C935D216B.png</URL>
            </control>
            <control controlID="788ABFF7-E63A-4E34-8289-1C7368A516BF" controlTypeID="Image" x="71" y="204" w="492" h="497" zOrder="1">
              <radiusIsPercent>True</radiusIsPercent>
              <URL>E46C34B11B1E4937836188E91D3FC6E5.jpg</URL>
              <fitMode>fmFit</fitMode>
            </control>
            <control controlID="81CD4A10-EFA7-41C4-A732-DE60267548B5" controlTypeID="Label" x="114" y="720" w="93" h="38" zOrder="2">
              <font family="Bradley+Hand+ITC" displayName="Bradley+Hand+ITC_%26_Bold" postScript="" weightStyle="Bold" weight="700" isBold="True" isItalic="False" useDefaultFontFamily="False"/>
              <text>Slikar%3A</text>
              <textColor>4286578432</textColor>
              <textSize>30</textSize>
              <lineSpacing>0</lineSpacing>
              <textStyles>[fsBold]</textStyles>
              <useDefaultTextSize>False</useDefaultTextSize>
              <selectedIndex>-1</selectedIndex>
            </control>
            <control controlID="CBAEED60-A283-48F1-BC1F-3E6B19FA810D" controlTypeID="Label" x="259" y="720" w="235" h="38" zOrder="3">
              <font family="Bradley+Hand+ITC" displayName="Bradley+Hand+ITC_%26_Bold" postScript="" weightStyle="Bold" weight="700" isBold="True" isItalic="False" useDefaultFontFamily="False"/>
              <text>Samantha+French</text>
              <textColor>4286578432</textColor>
              <textSize>30</textSize>
              <lineSpacing>0</lineSpacing>
              <textStyles>[fsBold]</textStyles>
              <useDefaultTextSize>False</useDefaultTextSize>
              <selectedIndex>-1</selectedIndex>
            </control>
            <control controlID="014C300F-A45C-4877-B598-4F9A891E628B" controlTypeID="Label" x="114" y="758" w="58" h="38" zOrder="4">
              <font family="Bradley+Hand+ITC" displayName="Bradley+Hand+ITC_%26_Bold" postScript="" weightStyle="Bold" weight="700" isBold="True" isItalic="False" useDefaultFontFamily="False"/>
              <text>Stil%3A</text>
              <textColor>4286578432</textColor>
              <textSize>30</textSize>
              <lineSpacing>0</lineSpacing>
              <textStyles>[fsBold]</textStyles>
              <useDefaultTextSize>False</useDefaultTextSize>
              <selectedIndex>-1</selectedIndex>
            </control>
            <control controlID="15DE4859-DF1A-4218-A0DE-B2086AFE9913" controlTypeID="Label" x="259" y="758" w="111" h="38" zOrder="5">
              <font family="Bradley+Hand+ITC" displayName="Bradley+Hand+ITC_%26_Bold" postScript="" weightStyle="Bold" weight="700" isBold="True" isItalic="False" useDefaultFontFamily="False"/>
              <text>Moderna</text>
              <textColor>4286578432</textColor>
              <textSize>30</textSize>
              <lineSpacing>0</lineSpacing>
              <textStyles>[fsBold]</textStyles>
              <useDefaultTextSize>False</useDefaultTextSize>
              <selectedIndex>-1</selectedIndex>
            </control>
            <control controlID="1B0410AD-3EE5-4D5A-9F7B-5231A3091423" controlTypeID="Label" x="114" y="796" w="77" h="38" zOrder="6">
              <font family="Bradley+Hand+ITC" displayName="Bradley+Hand+ITC_%26_Bold" postScript="" weightStyle="Bold" weight="700" isBold="True" isItalic="False" useDefaultFontFamily="False"/>
              <text>Tema%3A</text>
              <textColor>4286578432</textColor>
              <textSize>30</textSize>
              <lineSpacing>0</lineSpacing>
              <textStyles>[fsBold]</textStyles>
              <useDefaultTextSize>False</useDefaultTextSize>
              <selectedIndex>-1</selectedIndex>
            </control>
            <control controlID="8AC65932-9F89-4E09-9A2E-3AB43C4A28A7" controlTypeID="Label" x="259" y="796" w="152" h="38" zOrder="7">
              <font family="Bradley+Hand+ITC" displayName="Bradley+Hand+ITC_%26_Bold" postScript="" weightStyle="Bold" weight="700" isBold="True" isItalic="False" useDefaultFontFamily="False"/>
              <text>Underwater</text>
              <textColor>4286578432</textColor>
              <textSize>30</textSize>
              <lineSpacing>0</lineSpacing>
              <textStyles>[fsBold]</textStyles>
              <useDefaultTextSize>False</useDefaultTextSize>
              <selectedIndex>-1</selectedIndex>
            </control>
            <control controlID="F6C0EEC5-7D5C-4720-ACE6-3DBDF1950135" controlTypeID="Button" x="118" y="112" w="400" h="72" zOrder="8">
              <color>4281545523</color>
              <borderVisible>False</borderVisible>
              <font family="Bradley+Hand+ITC" displayName="Bradley+Hand+ITC_%26_Bold" postScript="" weightStyle="Bold" weight="700" isBold="True" isItalic="False" useDefaultFontFamily="False"/>
              <text>Underwater+tranquility</text>
              <textColor>4286578432</textColor>
              <textSize>32</textSize>
              <lineSpacing>0</lineSpacing>
              <textStyles>[fsBold]</textStyles>
              <useDefaultTextSize>False</useDefaultTextSize>
              <selectedIndex>-1</selectedIndex>
              <radius>100</radius>
              <radiusIsPercent>True</radiusIsPercent>
              <thickness>7</thickness>
            </control>
          </groupChildrenDescriptors>
        </control>
        <control controlID="677B2C79-CA8E-42B3-BC52-69A0254C0020" controlTypeID="Border" x="0" y="0" w="1544" h="864" zOrder="1">
          <color>4284900966</color>
          <borderColor>4278190080</borderColor>
          <borderVisible>False</borderVisible>
          <alias>borderLayer</alias>
        </control>
      </groupChildrenDescriptors>
      <canHoriScroll>True</canHoriScroll>
    </control>
    <control controlID="48C9E5DB-E041-4A65-B8DA-0F01B252F6AE" controlTypeID="HRule" x="0" y="84" w="1536" h="12" zOrder="2">
      <color>4281545523</color>
    </control>
    <control controlID="D02D078C-1D61-428C-B16D-A0274D30B36F" controlTypeID="CompositeComboBox" x="689" y="24" w="200" h="32" zOrder="3">
      <borderColor>4286578432</borderColor>
      <groupChildrenDescriptors>
        <control controlID="3BCCA4EE-3E29-4343-B839-BBACC8F33EA7" controlTypeID="TextInput" x="0" y="0" w="177" h="32" zOrder="0">
          <locked>True</locked>
          <borderColor>4286578432</borderColor>
          <canMove>False</canMove>
          <alias>input</alias>
          <font family="Segoe+UI" displayName="Segoe+UI" postScript="" weightStyle="Regular" weight="400" isBold="False" isItalic="False" useDefaultFontFamily="False"/>
          <text>Stil</text>
          <lineSpacing>0</lineSpacing>
          <selectedIndex>-1</selectedIndex>
        </control>
        <control controlID="52B93E7E-C6EB-450A-B834-71D345F42C6F" controlTypeID="Button" x="176" y="0" w="24" h="32" zOrder="1">
          <locked>True</locked>
          <borderColor>4286578432</borderColor>
          <canMove>False</canMove>
          <alias>button</alias>
          <font family="Segoe+UI" displayName="Segoe+UI" postScript="" weightStyle="Regular" weight="400" isBold="False" isItalic="False"/>
          <lineSpacing>0</lineSpacing>
          <selectedIndex>-1</selectedIndex>
          <radius>0</radius>
        </control>
        <control controlID="99AC6818-1FAB-4C25-A314-E3EDB7B6F490" controlTypeID="List" x="0" y="32" w="200" h="138" zOrder="2">
          <isShow>False</isShow>
          <borderColor>4286578432</borderColor>
          <canMove>False</canMove>
          <alias>dropDown</alias>
          <font family="Segoe+UI" displayName="Segoe+UI" postScript="" weightStyle="Regular" weight="400" isBold="False" isItalic="False" useDefaultFontFamily="False"/>
          <text>Stil%0D%0AKlasicizam%0D%0AKubizam%0D%0ABarok</text>
          <textSize>14</textSize>
          <lineSpacing>0</lineSpacing>
          <itemHeight>32</itemHeight>
          <interlaceColor>4294967295</interlaceColor>
        </control>
      </groupChildrenDescriptors>
      <canInput>True</canInput>
      <baseHeight>32</baseHeight>
      <font family="Segoe+UI"/>
      <textSize>14</textSize>
    </control>
    <control controlID="09789A3B-D994-4D12-9515-653CD482FB18" controlTypeID="Button" x="957" y="24" w="100" h="32" zOrder="4">
      <color>4281545523</color>
      <font family="Bradley+Hand+ITC" displayName="Bradley+Hand+ITC_%26_Bold" postScript="" weightStyle="Bold" weight="700" isBold="True" isItalic="False" useDefaultFontFamily="False"/>
      <text>Pretra%C5%BEi</text>
      <textColor>4286578432</textColor>
      <textSize>24</textSize>
      <lineSpacing>0</lineSpacing>
      <textStyles>[fsBold]</textStyles>
      <useDefaultTextSize>False</useDefaultTextSize>
      <selectedIndex>-1</selectedIndex>
      <radius>100</radius>
      <radiusIsPercent>True</radiusIsPercent>
    </control>
    <control controlID="511279E9-97EC-4E67-B432-DA1001BABB40" controlTypeID="TextInput" x="42" y="24" w="250" h="32" zOrder="5">
      <font family="Bradley+Hand+ITC" displayName="Bradley+Hand+ITC" postScript="" weightStyle="Regular" weight="400" isBold="False" isItalic="False" useDefaultFontFamily="False"/>
      <textSize>20</textSize>
      <lineSpacing>0</lineSpacing>
      <useDefaultTextSize>False</useDefaultTextSize>
      <selectedIndex>-1</selectedIndex>
      <placeHolder>Slikar</placeHolder>
      <radius>16</radius>
    </control>
    <control controlID="F1B5BD83-528F-4F7F-B506-071D8D3E3784" controlTypeID="TextInput" x="365" y="24" w="250" h="32" zOrder="6">
      <font family="Bradley+Hand+ITC" displayName="Bradley+Hand+ITC" postScript="" weightStyle="Regular" weight="400" isBold="False" isItalic="False" useDefaultFontFamily="False"/>
      <textSize>20</textSize>
      <lineSpacing>0</lineSpacing>
      <useDefaultTextSize>False</useDefaultTextSize>
      <selectedIndex>-1</selectedIndex>
      <placeHolder>Tematika</placeHolder>
      <radius>16</radius>
    </control>
    <control controlID="E958184B-894E-4777-BBEE-AAFC106EA3F5" controlTypeID="Icon" x="1324" y="10" w="64" h="64" zOrder="7">
      <color>4281545523</color>
      <links eventType="AtClick" animate="AmNone" animateAutoDelay="0" animateDuration="500">
        <link targetPageID="7374C221-D31D-4E70-A88F-4EB2D9B74ECA" linkType="ltPageLink" isApplyIncludePage="False" title="Registracija">
          <area shape="0" alt="" ID="{080A8D63-3F8D-4E02-BCCC-EB5A62E62C24}" coords="(0,0,64,64)"/>
        </link>
      </links>
      <icon>
        <ID/>
        <iconFontName>jdIcoFont</iconFontName>
        <iconCode>59230</iconCode>
      </icon>
      <URL>1D76A1953ACB7053D75125F70C5D5E2C.svg</URL>
    </control>
    <control controlID="F5245B7F-D38E-40E5-9094-74883CF4C74F" controlTypeID="Icon" x="1424" y="10" w="64" h="64" zOrder="8">
      <color>4281545523</color>
      <icon>
        <ID/>
        <iconFontName>jdIonicons</iconFontName>
        <iconCode>62590</iconCode>
      </icon>
      <URL>5C55E17C830A8188121F30E4B3398557.svg</URL>
    </control>
    <control controlID="901556E6-5E67-487C-BCDB-147D1954C17D" controlTypeID="Image" x="1359" y="766" w="135" h="84" zOrder="9">
      <URL>553C79B8BB334A24B76BC57838CE7B5A.png</URL>
    </control>
    <control controlID="F1B33864-18F4-46D0-B091-223A8CDC94C7" controlTypeID="Panel" x="638" y="252" w="870" h="144" zOrder="10">
      <color>4287006342</color>
      <groupChildrenDescriptors>
        <control controlID="7A40D0A8-615E-42A1-821A-ACF86137DFC3" controlTypeID="Border" x="0" y="0" w="870" h="144" zOrder="0">
          <alias>borderLayer</alias>
        </control>
      </groupChildrenDescriptors>
      <thinkness>1</thinkness>
    </control>
    <control controlID="3548104F-1394-47A0-B67D-4B0E65E66F9D" controlTypeID="TextArea" x="694" y="278" w="240" h="74" zOrder="11">
      <font family="Bradley+Hand+ITC" displayName="Bradley+Hand+ITC_%26_Bold+Italic" postScript="" weightStyle="Bold+Italic" weight="700" isBold="True" isItalic="True" useDefaultFontFamily="False"/>
      <text>KOMENTARI</text>
      <textSize>28</textSize>
      <textStyles>[fsBold,fsItalic]</textStyles>
      <useDefaultTextSize>False</useDefaultTextSize>
      <selectedIndex>-1</selectedIndex>
    </control>
    <control controlID="837E71AF-339A-4A83-A2CA-8AF875333A3C" controlTypeID="Button" x="646" y="436" w="204" h="44" zOrder="12">
      <color>4291611852</color>
      <borderColor>4286578432</borderColor>
      <font family="Bradley+Hand+ITC" displayName="Bradley+Hand+ITC_%26_Bold" postScript="" weightStyle="Bold" weight="700" isBold="True" isItalic="False" useDefaultFontFamily="False"/>
      <text>Dodaj+komentar</text>
      <textSize>24</textSize>
      <lineSpacing>0</lineSpacing>
      <textStyles>[fsBold]</textStyles>
      <useDefaultTextSize>False</useDefaultTextSize>
      <selectedIndex>-1</selectedIndex>
      <radius>4</radius>
    </control>
    <control controlID="69AA8659-CEE9-4D00-857F-2DEB103F45EA" controlTypeID="Image" x="1432" y="14" w="48" h="55" zOrder="13">
      <ShadowBlur>0</ShadowBlur>
      <links eventType="AtClick" animate="AmNone" animateAutoDelay="0" animateDuration="500">
        <link targetPageID="94C2C370-F2BB-4CD2-8734-AEC9E0486530" linkType="ltPageLink" isApplyIncludePage="False" title="Informacije+o+nalogu">
          <area shape="0" alt="" ID="{905984D4-D0CB-4987-8E1F-E17C817AB7B5}" coords="(0,0,48,55)"/>
        </link>
      </links>
      <URL>82F81C14AEE290F8A65EB9D1267CFB47.jpg</URL>
    </control>
    <control controlID="00241660-1D4A-4B42-83DE-CF2639560896" controlTypeID="TextArea" x="1268" y="118" w="240" h="118" zOrder="14">
      <font family="Bradley+Hand+ITC" displayName="Bradley+Hand+ITC_%26_Bold" postScript="" weightStyle="Bold" weight="700" isBold="True" isItalic="False" useDefaultFontFamily="False"/>
      <text>@tasha%0D%0A%0D%0Astatus%3A+korisnik</text>
      <textSize>28</textSize>
      <textStyles>[fsBold]</textStyles>
      <useDefaultTextSize>False</useDefaultTextSize>
      <selectedIndex>-1</selectedIndex>
    </control>
    <control controlID="217430C4-E4D6-4BEA-8EE6-C956B14C719B" controlTypeID="TextArea" x="706" y="362" w="312" h="74" zOrder="15">
      <font family="Bradley+Hand+ITC" displayName="Bradley+Hand+ITC" postScript="" weightStyle="Regular" weight="400" isBold="False" isItalic="False" useDefaultFontFamily="False"/>
      <text>Nema+komantara+za+ovu+sliku</text>
      <textSize>20</textSize>
      <useDefaultTextSize>False</useDefaultTextSize>
      <selectedIndex>-1</selectedIndex>
    </control>
    <control controlID="C6035C9F-F0FA-4685-9331-5BA9DF70091A" controlTypeID="Button" x="644" y="580" w="206" h="44" zOrder="16">
      <color>4291611852</color>
      <borderColor>4286578432</borderColor>
      <font family="Bradley+Hand+ITC" displayName="Bradley+Hand+ITC_%26_Bold" postScript="" weightStyle="Bold" weight="700" isBold="True" isItalic="False" useDefaultFontFamily="False"/>
      <text>Prijavi+sliku</text>
      <textSize>24</textSize>
      <lineSpacing>0</lineSpacing>
      <textStyles>[fsBold]</textStyles>
      <useDefaultTextSize>False</useDefaultTextSize>
      <selectedIndex>-1</selectedIndex>
      <radius>4</radius>
    </control>
  </controls>
  <param>
    <backgroundColor>4284900966</backgroundColor>
    <fontSize>14</fontSize>
    <fontFamily>Segoe+UI</fontFamily>
    <guideLines/>
  </param>
</mockup>