﻿<mockup version="5.3" minAllowVersion="5.3" ID="DF6CAFA8-015A-4605-BB65-9C5B3E7955B5" platform="MtWeb" defaultW="1536" defaultH="864" measureW="1536" measureH="864" mobileScreenScale="0">
  <controls controlCount="2">
    <control controlID="01C55531-3C65-466F-A978-1F53317C374E" controlTypeID="Panel" x="332" y="464" w="300" h="400" zOrder="0">
      <groupChildrenDescriptors>
        <control controlID="FBD6771D-0498-41DF-AA1D-4BBD154E20DD" controlTypeID="Border" x="0" y="0" w="300" h="400" zOrder="0">
          <alias>borderLayer</alias>
        </control>
      </groupChildrenDescriptors>
      <thinkness>1</thinkness>
    </control>
  </controls>
  <param>
    <backgroundColor>4288256409</backgroundColor>
    <fontSize>14</fontSize>
    <fontFamily>Segoe+UI</fontFamily>
    <guideLines/>
  </param>
</mockup>