﻿<mockup version="5.3" minAllowVersion="5.3" ID="4EF734B8-BA67-4862-AD33-6BBB53C89A01" platform="MtWeb" defaultW="1536" defaultH="864" measureW="1536" measureH="864" mobileScreenScale="0">
  <controls controlCount="36">
    <control controlID="D42F6C5A-3F45-4017-A5BA-B2C8A39F9503" controlTypeID="Image" x="0" y="0" w="1536" h="864" zOrder="0">
      <ShadowBlur>0</ShadowBlur>
      <URL>9353A407A077278C67C7F23C935D216B.png</URL>
    </control>
    <control controlID="BCC161A7-89AE-4DDD-AA38-A923E7B5E0B3" controlTypeID="Label" x="34" y="157" w="156" h="38" zOrder="1">
      <ShadowBlur>0</ShadowBlur>
      <font family="Bradley+Hand+ITC" displayName="Bradley+Hand+ITC_%26_Bold" postScript="" weightStyle="Bold" weight="700" isBold="True" isItalic="False" useDefaultFontFamily="False"/>
      <text>Dodaj+sliku%3A</text>
      <textSize>30</textSize>
      <lineSpacing>0</lineSpacing>
      <textStyles>[fsBold]</textStyles>
      <useDefaultTextSize>False</useDefaultTextSize>
      <selectedIndex>-1</selectedIndex>
    </control>
    <control controlID="1431DDD6-CC30-4EFD-B7EF-0BBC454C089A" controlTypeID="Button" x="246" y="149" w="228" h="60" zOrder="2">
      <color>4286578432</color>
      <borderVisible>False</borderVisible>
      <ShadowBlur>0</ShadowBlur>
      <font family="Bradley+Hand+ITC" displayName="Bradley+Hand+ITC_%26_Bold" postScript="" weightStyle="Bold" weight="700" isBold="True" isItalic="False" useDefaultFontFamily="False"/>
      <text>Izaberi+sliku</text>
      <textSize>28</textSize>
      <lineSpacing>0</lineSpacing>
      <textStyles>[fsBold]</textStyles>
      <useDefaultTextSize>False</useDefaultTextSize>
      <selectedIndex>-1</selectedIndex>
      <radius>100</radius>
      <radiusIsPercent>True</radiusIsPercent>
    </control>
    <control controlID="016EF190-31DB-4659-BCBD-3273F5935262" controlTypeID="HRule" x="0" y="84" w="1536" h="12" zOrder="3">
      <color>4281545523</color>
      <ShadowBlur>0</ShadowBlur>
    </control>
    <control controlID="128E3359-5138-450C-ACC8-54B515965E2A" controlTypeID="Image" x="1381" y="770" w="135" h="84" zOrder="4">
      <ShadowBlur>0</ShadowBlur>
      <URL>553C79B8BB334A24B76BC57838CE7B5A.png</URL>
    </control>
    <control controlID="7CBF7ED5-1C16-4476-A229-5A3EEB64D5DE" controlTypeID="TextArea" x="246" y="265" w="1212" h="193" zOrder="5">
      <color>4294967295</color>
      <ShadowBlur>0,5</ShadowBlur>
      <font family="Segoe+UI" displayName="Segoe+UI" postScript="" weightStyle="Regular" weight="400" isBold="False" isItalic="False"/>
      <text>Morbi+pretium+nulla+vel+risus+pretium+porttitor.+Ut+dictum+nulla+quis+mauris+gravida%2C+ac+lobortis+enim+lacinia.+Suspendisse+non+lacinia+justo.+Donec+dapibus+neque+vitae+nunc+feugiat%2C+id+mollis+ante+feugiat.%0D%0A%0D%0A</text>
      <textSize>30</textSize>
      <useDefaultTextSize>False</useDefaultTextSize>
      <selectedIndex>-1</selectedIndex>
    </control>
    <control controlID="61C80553-91F4-4A3A-A9F9-42D1E39CFD28" controlTypeID="Label" x="34" y="277" w="136" h="38" zOrder="6">
      <ShadowBlur>0</ShadowBlur>
      <font family="Bradley+Hand+ITC" displayName="Bradley+Hand+ITC_%26_Bold" postScript="" weightStyle="Bold" weight="700" isBold="True" isItalic="False" useDefaultFontFamily="False"/>
      <text>Dodaj+opis%3A</text>
      <textSize>30</textSize>
      <lineSpacing>0</lineSpacing>
      <textStyles>[fsBold]</textStyles>
      <useDefaultTextSize>False</useDefaultTextSize>
      <selectedIndex>-1</selectedIndex>
    </control>
    <control controlID="ECFFD5B5-8708-4684-8149-195108D311C7" controlTypeID="Label" x="34" y="507" w="170" h="38" zOrder="7">
      <ShadowBlur>0</ShadowBlur>
      <font family="Bradley+Hand+ITC" displayName="Bradley+Hand+ITC_%26_Bold" postScript="" weightStyle="Bold" weight="700" isBold="True" isItalic="False" useDefaultFontFamily="False"/>
      <text>Dodaj+tagove%3A</text>
      <textSize>30</textSize>
      <lineSpacing>0</lineSpacing>
      <textStyles>[fsBold]</textStyles>
      <useDefaultTextSize>False</useDefaultTextSize>
      <selectedIndex>-1</selectedIndex>
    </control>
    <control controlID="B140A503-1413-4501-8970-7C4649EA31E5" controlTypeID="TextArea" x="246" y="499" w="1212" h="87" zOrder="8">
      <color>4294967295</color>
      <ShadowBlur>0,5</ShadowBlur>
      <font family="Segoe+UI" displayName="Segoe+UI" postScript="" weightStyle="Regular" weight="400" isBold="False" isItalic="False"/>
      <text>%23ljudi+%23pejza%C5%BE+%23bar%C5%BEa+%23brod+%23obala+%23priroda+</text>
      <textSize>30</textSize>
      <useDefaultTextSize>False</useDefaultTextSize>
      <selectedIndex>-1</selectedIndex>
    </control>
    <control controlID="E2738ABD-B183-4942-8E96-1D0DA6559432" controlTypeID="Label" x="34" y="627" w="58" h="38" zOrder="9">
      <ShadowBlur>0</ShadowBlur>
      <font family="Bradley+Hand+ITC" displayName="Bradley+Hand+ITC_%26_Bold" postScript="" weightStyle="Bold" weight="700" isBold="True" isItalic="False" useDefaultFontFamily="False"/>
      <text>Stil%3A</text>
      <textSize>30</textSize>
      <lineSpacing>0</lineSpacing>
      <textStyles>[fsBold]</textStyles>
      <useDefaultTextSize>False</useDefaultTextSize>
      <selectedIndex>-1</selectedIndex>
    </control>
    <control controlID="2C31545B-AAF7-4C5A-AD36-298C2804BDF7" controlTypeID="CompositeComboBox" x="246" y="630" w="200" h="35" zOrder="10">
      <borderColor>4286578432</borderColor>
      <ShadowBlur>0</ShadowBlur>
      <groupChildrenDescriptors>
        <control controlID="F958AB04-FB63-4186-8974-AB503D8DA061" controlTypeID="TextInput" x="0" y="0" w="177" h="35" zOrder="0">
          <locked>True</locked>
          <borderColor>4286578432</borderColor>
          <canMove>False</canMove>
          <alias>input</alias>
          <ShadowBlur>0</ShadowBlur>
          <font family="Segoe+UI" displayName="Segoe+UI" postScript="" weightStyle="Regular" weight="400" isBold="False" isItalic="False" useDefaultFontFamily="False"/>
          <text>Realizam</text>
          <textSize>28</textSize>
          <lineSpacing>0</lineSpacing>
          <selectedIndex>-1</selectedIndex>
        </control>
        <control controlID="CFB89DE2-3C94-49C3-A561-DEF6BCD5D558" controlTypeID="Button" x="176" y="0" w="24" h="35" zOrder="1">
          <locked>True</locked>
          <borderColor>4286578432</borderColor>
          <canMove>False</canMove>
          <alias>button</alias>
          <ShadowBlur>0</ShadowBlur>
          <font family="Segoe+UI" displayName="Segoe+UI" postScript="" weightStyle="Regular" weight="400" isBold="False" isItalic="False"/>
          <lineSpacing>0</lineSpacing>
          <selectedIndex>-1</selectedIndex>
          <radius>0</radius>
        </control>
        <control controlID="B973229B-F166-4455-A90B-A8090D33AD8F" controlTypeID="List" x="0" y="35" w="200" h="154" zOrder="2">
          <isShow>False</isShow>
          <borderColor>4286578432</borderColor>
          <canMove>False</canMove>
          <alias>dropDown</alias>
          <ShadowBlur>0</ShadowBlur>
          <font family="Segoe+UI" displayName="Segoe+UI" postScript="" weightStyle="Regular" weight="400" isBold="False" isItalic="False" useDefaultFontFamily="False"/>
          <text>Klasicizam%0D%0AKubizam%0D%0ABarok%0D%0ARealizam%0D%0A</text>
          <textSize>28</textSize>
          <lineSpacing>0</lineSpacing>
          <selectedIndex>3</selectedIndex>
          <itemHeight>38</itemHeight>
          <interlaceColor>4294967295</interlaceColor>
        </control>
      </groupChildrenDescriptors>
      <canInput>True</canInput>
      <baseHeight>35</baseHeight>
      <font family="Segoe+UI"/>
      <textSize>28</textSize>
    </control>
    <control controlID="92D90AB8-E027-4B50-BE84-DE83CD718F1D" controlTypeID="Label" x="34" y="721" w="186" h="45" zOrder="11">
      <ShadowBlur>0</ShadowBlur>
      <font family="Bradley+Hand+ITC" displayName="Bradley+Hand+ITC_%26_Bold" postScript="" weightStyle="Bold" weight="700" isBold="True" isItalic="False" useDefaultFontFamily="False"/>
      <text>Na%C4%8Din+prodaje%3A</text>
      <textSize>30</textSize>
      <lineSpacing>0</lineSpacing>
      <textStyles>[fsBold]</textStyles>
      <useDefaultTextSize>False</useDefaultTextSize>
      <selectedIndex>-1</selectedIndex>
    </control>
    <control controlID="F16DD8F5-20C5-4F2D-B0ED-DF8B96AE4DD7" controlTypeID="RadioButtonGroup" x="246" y="721" w="212" h="90" zOrder="12">
      <borderColor>4286578432</borderColor>
      <ShadowBlur>0</ShadowBlur>
      <links eventType="AtClick" animate="AmNone" animateAutoDelay="0" animateDuration="500">
        <link targetPageID="" linkType="ltPageLink" isApplyIncludePage="False" title="Aukcija">
          <area shape="0" alt="" ID="{3E259FCD-4044-4F24-B7B9-CAE909CFCFB9}" coords="(0,0,212,40)"/>
        </link>
        <link targetPageID="1BB21199-E019-4692-B605-808B78EA2AE1" linkType="ltPageLink" isApplyIncludePage="False" title="Prvom+kupcu">
          <area shape="0" alt="" ID="{BAF2D6D9-0D82-437B-A75B-E598EFD84788}" coords="(0,50,212,90)"/>
        </link>
      </links>
      <font family="Bradley+Hand+ITC" displayName="Bradley+Hand+ITC_%26_Bold" postScript="" weightStyle="Bold" weight="700" isBold="True" isItalic="False" useDefaultFontFamily="False"/>
      <text>Aukcija%0D%0APrvom+kupcu%0D%0A</text>
      <textColor>4281545523</textColor>
      <textSize>30</textSize>
      <lineSpacing>0</lineSpacing>
      <textStyles>[fsBold]</textStyles>
      <useDefaultTextSize>False</useDefaultTextSize>
      <itemHeight>40</itemHeight>
      <itemRect>[{"left":0,"top":0,"right":212,"bottom":40},{"left":0,"top":50,"right":212,"bottom":90}]</itemRect>
    </control>
    <control controlID="A0B9EF4A-F008-4F8F-A8A5-B825EF76A181" controlTypeID="Label" x="528" y="630" w="179" h="38" zOrder="13">
      <ShadowBlur>0</ShadowBlur>
      <font family="Bradley+Hand+ITC" displayName="Bradley+Hand+ITC_%26_Bold" postScript="" weightStyle="Bold" weight="700" isBold="True" isItalic="False" useDefaultFontFamily="False"/>
      <text>Vrsta+aukcije%3A</text>
      <textSize>30</textSize>
      <lineSpacing>0</lineSpacing>
      <textStyles>[fsBold]</textStyles>
      <useDefaultTextSize>False</useDefaultTextSize>
      <selectedIndex>-1</selectedIndex>
    </control>
    <control controlID="04DC81A0-960A-4E6B-B6CA-F495C94656DC" controlTypeID="Label" x="468" y="697" w="276" h="45" zOrder="14">
      <ShadowBlur>0</ShadowBlur>
      <font family="Bradley+Hand+ITC" displayName="Bradley+Hand+ITC_%26_Bold" postScript="" weightStyle="Bold" weight="700" isBold="True" isItalic="False" useDefaultFontFamily="False"/>
      <text>Po%C4%8Detna+cena+aukcije%3A</text>
      <textSize>30</textSize>
      <lineSpacing>0</lineSpacing>
      <textStyles>[fsBold]</textStyles>
      <useDefaultTextSize>False</useDefaultTextSize>
      <selectedIndex>-1</selectedIndex>
    </control>
    <control controlID="745717FC-0B51-4E52-8D0C-F78D711EFAC1" controlTypeID="CompositeComboBox" x="799" y="636" w="200" h="38" zOrder="15">
      <borderColor>4286578432</borderColor>
      <ShadowBlur>0</ShadowBlur>
      <groupChildrenDescriptors>
        <control controlID="239BB092-39D3-4AA8-BB01-5028F10ECAD1" controlTypeID="TextInput" x="0" y="0" w="177" h="38" zOrder="0">
          <locked>True</locked>
          <borderColor>4286578432</borderColor>
          <canMove>False</canMove>
          <alias>input</alias>
          <ShadowBlur>0</ShadowBlur>
          <font family="Segoe+UI" displayName="Segoe+UI" postScript="" weightStyle="Regular" weight="400" isBold="False" isItalic="False" useDefaultFontFamily="False"/>
          <text>Tajna+aukcija</text>
          <textSize>28</textSize>
          <lineSpacing>0</lineSpacing>
          <selectedIndex>-1</selectedIndex>
        </control>
        <control controlID="9E79E392-B4DA-429C-A64C-337740FEB7D7" controlTypeID="Button" x="176" y="0" w="24" h="38" zOrder="1">
          <locked>True</locked>
          <borderColor>4286578432</borderColor>
          <canMove>False</canMove>
          <alias>button</alias>
          <ShadowBlur>0</ShadowBlur>
          <font family="Segoe+UI" displayName="Segoe+UI" postScript="" weightStyle="Regular" weight="400" isBold="False" isItalic="False"/>
          <lineSpacing>0</lineSpacing>
          <selectedIndex>-1</selectedIndex>
          <radius>0</radius>
        </control>
        <control controlID="124CDEEE-ED03-48CF-88CA-1BC5A2BFC2DF" controlTypeID="List" x="0" y="38" w="200" h="78" zOrder="2">
          <isShow>False</isShow>
          <borderColor>4286578432</borderColor>
          <canMove>False</canMove>
          <alias>dropDown</alias>
          <ShadowBlur>0</ShadowBlur>
          <font family="Segoe+UI" displayName="Segoe+UI" postScript="" weightStyle="Regular" weight="400" isBold="False" isItalic="False" useDefaultFontFamily="False"/>
          <text>Tajna+aukcija%0D%0AJavna+aukcija%0D%0A</text>
          <textSize>28</textSize>
          <lineSpacing>0</lineSpacing>
          <itemHeight>38</itemHeight>
          <interlaceColor>4294967295</interlaceColor>
        </control>
      </groupChildrenDescriptors>
      <canInput>True</canInput>
      <baseHeight>38</baseHeight>
      <font family="Segoe+UI"/>
      <textSize>28</textSize>
    </control>
    <control controlID="A6E08FA9-D7DF-4194-94F0-EC5DA77C9776" controlTypeID="Label" x="468" y="773" w="318" h="38" zOrder="16">
      <ShadowBlur>0</ShadowBlur>
      <font family="Bradley+Hand+ITC" displayName="Bradley+Hand+ITC_%26_Bold" postScript="" weightStyle="Bold" weight="700" isBold="True" isItalic="False" useDefaultFontFamily="False"/>
      <text>Du%C5%BEina+trajanja+aukcije%3A</text>
      <textSize>30</textSize>
      <lineSpacing>0</lineSpacing>
      <textStyles>[fsBold]</textStyles>
      <useDefaultTextSize>False</useDefaultTextSize>
      <selectedIndex>-1</selectedIndex>
    </control>
    <control controlID="F310A258-D535-418D-8937-7275679CDE89" controlTypeID="TextInput" x="799" y="704" w="250" h="38" zOrder="17">
      <ShadowBlur>0</ShadowBlur>
      <font family="Bradley+Hand+ITC" displayName="Bradley+Hand+ITC" postScript="" weightStyle="Regular" weight="400" isBold="False" isItalic="False" useDefaultFontFamily="False"/>
      <textSize>20</textSize>
      <lineSpacing>0</lineSpacing>
      <useDefaultTextSize>False</useDefaultTextSize>
      <selectedIndex>-1</selectedIndex>
      <radius>16</radius>
    </control>
    <control controlID="AA399A9A-EF1F-4558-8904-04EFF51D4255" controlTypeID="TextInput" x="799" y="773" w="250" h="38" zOrder="18">
      <ShadowBlur>0</ShadowBlur>
      <font family="Bradley+Hand+ITC" displayName="Bradley+Hand+ITC" postScript="" weightStyle="Regular" weight="400" isBold="False" isItalic="False" useDefaultFontFamily="False"/>
      <textSize>20</textSize>
      <lineSpacing>0</lineSpacing>
      <useDefaultTextSize>False</useDefaultTextSize>
      <selectedIndex>-1</selectedIndex>
      <radius>16</radius>
    </control>
    <control controlID="2358770B-384A-41A5-8830-889694DCB4E2" controlTypeID="Button" x="1160" y="682" w="228" h="60" zOrder="19">
      <color>4286578432</color>
      <borderVisible>False</borderVisible>
      <ShadowBlur>0</ShadowBlur>
      <interactiveData>
        <entry title="">
          <area shape="0" alt="" ID="{6C07B40A-5794-4753-B6CD-6DE743BD7A9F}" coords="(0,0,228,60)"/>
          <events title="">
            <event eventType="atClick" isChecked="True">
              <behaviour title="" isChecked="True" isWait="False" isLoop="False" execMode="emParallel">
                <target targetID="14A0343C-98D2-449A-9C39-03CAA1931C5C" isChecked="True" isAutoRecovery="False" isLoop="False" execMode="emSequence">
                  <command name="Popup State Change" isChecked="True" descrition="">
                    <param name="AniInterpolation" value="0" varType="3" description=""/>
                    <param name="AniDuration" value="200" varType="3" description=""/>
                    <param name="AniAutoReverse" value="False" varType="11" description=""/>
                    <param name="AniLoop" value="False" varType="11" description=""/>
                    <param name="AniInterpolationTypeOut" value="False" varType="11" description=""/>
                    <param name="Delay" value="0" varType="3" description=""/>
                    <param name="Value" value="2" varType="3" description=""/>
                    <param name="AniType" value="0" varType="3" description=""/>
                  </command>
                </target>
              </behaviour>
            </event>
          </events>
        </entry>
      </interactiveData>
      <font family="Bradley+Hand+ITC" displayName="Bradley+Hand+ITC_%26_Bold" postScript="" weightStyle="Bold" weight="700" isBold="True" isItalic="False" useDefaultFontFamily="False"/>
      <text>Objavi+sliku</text>
      <textSize>28</textSize>
      <lineSpacing>0</lineSpacing>
      <textStyles>[fsBold]</textStyles>
      <useDefaultTextSize>False</useDefaultTextSize>
      <selectedIndex>-1</selectedIndex>
      <radius>100</radius>
      <radiusIsPercent>True</radiusIsPercent>
    </control>
    <control controlID="47B844BB-6583-4B9C-A2E7-2E5DE43B5864" controlTypeID="ColorPicker" x="1452" y="10" w="64" h="64" zOrder="20">
      <color>4281545523</color>
      <ShadowBlur>0</ShadowBlur>
    </control>
    <control controlID="406E5C03-69F2-478A-AB28-C7FF176A0DE5" controlTypeID="Image" x="1460" y="14" w="48" h="55" zOrder="21">
      <ShadowBlur>0,5</ShadowBlur>
      <URL>848195E271EF5E5ABCE0B97ACCFF830F.jpg</URL>
    </control>
    <control controlID="5AD8372A-2856-49BF-8E30-EF4EB6CC6271" controlTypeID="Button" x="1109" y="18" w="230" h="56" zOrder="22">
      <color>4286578432</color>
      <ShadowBlur>0</ShadowBlur>
      <links eventType="AtClick" animate="AmNone" animateAutoDelay="0" animateDuration="500">
        <link targetPageID="91FEBFE9-0A0D-4B07-BC0E-F90F8F7F2E06" linkType="ltPageLink" isApplyIncludePage="False" title="Profil+slikara">
          <area shape="0" alt="" ID="{4F81F35C-72B0-45DD-8C92-5B67568FA98D}" coords="(0,0,230,56)"/>
        </link>
      </links>
      <font family="Bradley+Hand+ITC" displayName="Bradley+Hand+ITC_%26_Bold" postScript="" weightStyle="Bold" weight="700" isBold="True" isItalic="False" useDefaultFontFamily="False"/>
      <text>Moj+profil</text>
      <textSize>30</textSize>
      <lineSpacing>0</lineSpacing>
      <textStyles>[fsBold]</textStyles>
      <useDefaultTextSize>False</useDefaultTextSize>
      <selectedIndex>-1</selectedIndex>
      <radius>24</radius>
    </control>
    <control controlID="2BBD4FED-C9E3-481C-87CC-C33CC0AF624D" controlTypeID="Label" x="774" y="159" w="156" h="38" zOrder="23">
      <ShadowBlur>0</ShadowBlur>
      <font family="Bradley+Hand+ITC" displayName="Bradley+Hand+ITC_%26_Bold" postScript="" weightStyle="Bold" weight="700" isBold="True" isItalic="False" useDefaultFontFamily="False"/>
      <text>Naziv+slike%3A</text>
      <textSize>30</textSize>
      <lineSpacing>0</lineSpacing>
      <textStyles>[fsBold]</textStyles>
      <useDefaultTextSize>False</useDefaultTextSize>
      <selectedIndex>-1</selectedIndex>
    </control>
    <control controlID="C4A00168-D561-48CD-8F8F-0FC5BF9DB497" controlTypeID="TextInput" x="995" y="159" w="250" h="43" zOrder="24">
      <ShadowBlur>0</ShadowBlur>
      <font family="Bradley+Hand+ITC" displayName="Bradley+Hand+ITC" postScript="" weightStyle="Regular" weight="400" isBold="False" isItalic="False" useDefaultFontFamily="False"/>
      <textSize>20</textSize>
      <lineSpacing>0</lineSpacing>
      <useDefaultTextSize>False</useDefaultTextSize>
      <selectedIndex>-1</selectedIndex>
      <radius>16</radius>
    </control>
    <control controlID="14A0343C-98D2-449A-9C39-03CAA1931C5C" controlTypeID="PopupPanel" x="1190" y="779" w="46" h="46" zOrder="25">
      <ShadowBlur>0</ShadowBlur>
      <groupChildrenDescriptors>
        <control controlID="9B332F0F-F897-4A16-A6E3-D98BF71BF2D5" controlTypeID="Panel" x="0" y="0" w="1536" h="864" zOrder="0">
          <locked>True</locked>
          <color>1879048192</color>
          <borderVisible>False</borderVisible>
          <canMove>False</canMove>
          <alias>background</alias>
          <ShadowBlur>0</ShadowBlur>
          <groupChildrenDescriptors>
            <control controlID="969B4905-EC58-486E-B0F5-4A843E5DCBEE" controlTypeID="Border" x="0" y="0" w="1536" h="864" zOrder="0">
              <borderVisible>False</borderVisible>
              <alias>borderLayer</alias>
              <ShadowBlur>0</ShadowBlur>
            </control>
          </groupChildrenDescriptors>
          <thinkness>1</thinkness>
        </control>
        <control controlID="AACFC52F-D436-4BE0-95E9-E0BBBCF30AE0" controlTypeID="PopupPanelContent" x="456" y="294" w="640" h="194" zOrder="1">
          <color>16777215</color>
          <alias>content</alias>
          <ShadowBlur>0</ShadowBlur>
          <groupChildrenDescriptors>
            <control controlID="EE144EDB-1C56-437B-A066-ABA82CC4FD31" controlTypeID="TextArea" x="0" y="0" w="640" h="194" zOrder="0">
              <color>4284900966</color>
              <borderColor>4286578432</borderColor>
              <borderVisible>True</borderVisible>
              <ShadowBlur>0</ShadowBlur>
              <links eventType="AtClick" animate="AmNone" animateAutoDelay="0" animateDuration="500">
                <link targetPageID="94C2C370-F2BB-4CD2-8734-AEC9E0486530" linkType="ltPageLink" isApplyIncludePage="False" title="Informacije+o+nalogu_kupac">
                  <area shape="0" alt="" ID="{7E7C10BD-58B6-41BE-8E50-2A9013557F90}" coords="(0,0,640,194)"/>
                </link>
              </links>
              <font family="Bradley+Hand+ITC" displayName="Bradley+Hand+ITC_%26_Bold" postScript="" weightStyle="Bold" weight="700" isBold="True" isItalic="False" useDefaultFontFamily="False"/>
              <text>Slika+objavljena</text>
              <textColor>4286578432</textColor>
              <textSize>55</textSize>
              <textAlign>HaCenter</textAlign>
              <textVAlign>VaMiddle</textVAlign>
              <textStyles>[fsBold]</textStyles>
              <useDefaultTextSize>False</useDefaultTextSize>
              <selectedIndex>-1</selectedIndex>
            </control>
          </groupChildrenDescriptors>
        </control>
      </groupChildrenDescriptors>
      <closeByClickMode>cmClickAllArea</closeByClickMode>
      <isShowBackground>True</isShowBackground>
      <positionPolicy>ppScreenFix</positionPolicy>
    </control>
  </controls>
  <param>
    <backgroundColor>4284900966</backgroundColor>
    <fontSize>14</fontSize>
    <fontFamily>Segoe+UI</fontFamily>
    <guideLines/>
  </param>
</mockup>