﻿<mockup version="5.3" minAllowVersion="5.3" ID="638935EC-822B-4537-83F7-B21E050301BF" platform="MtWeb" defaultW="1536" defaultH="864" measureW="1536" measureH="864" mobileScreenScale="0">
  <controls controlCount="7">
    <control controlID="D42F6C5A-3F45-4017-A5BA-B2C8A39F9503" controlTypeID="Image" x="0" y="0" w="1536" h="864" zOrder="0">
      <ShadowBlur>0</ShadowBlur>
      <URL>9353A407A077278C67C7F23C935D216B.png</URL>
    </control>
    <control controlID="3C6DC5B1-DD98-4AE5-B91E-B59044F884CE" controlTypeID="TextInput" x="662" y="349" w="422" h="38" zOrder="1">
      <ShadowBlur>0</ShadowBlur>
      <font family="Bradley+Hand+ITC" displayName="Bradley+Hand+ITC" postScript="" weightStyle="Regular" weight="400" isBold="False" isItalic="False" useDefaultFontFamily="False"/>
      <textSize>20</textSize>
      <lineSpacing>0</lineSpacing>
      <useDefaultTextSize>False</useDefaultTextSize>
      <selectedIndex>-1</selectedIndex>
      <inputModel>emPassword</inputModel>
      <radius>16</radius>
    </control>
    <control controlID="BCC161A7-89AE-4DDD-AA38-A923E7B5E0B3" controlTypeID="Label" x="206" y="349" w="375" h="38" zOrder="2">
      <ShadowBlur>0</ShadowBlur>
      <font family="Bradley+Hand+ITC" displayName="Bradley+Hand+ITC_%26_Bold" postScript="" weightStyle="Bold" weight="700" isBold="True" isItalic="False" useDefaultFontFamily="False"/>
      <text>Unesite+e-mail+va%C5%A1eg+naloga%3A</text>
      <textSize>30</textSize>
      <lineSpacing>0</lineSpacing>
      <textStyles>[fsBold]</textStyles>
      <useDefaultTextSize>False</useDefaultTextSize>
      <selectedIndex>-1</selectedIndex>
    </control>
    <control controlID="1431DDD6-CC30-4EFD-B7EF-0BBC454C089A" controlTypeID="Button" x="662" y="501" w="228" h="60" zOrder="3">
      <color>4286578432</color>
      <borderVisible>False</borderVisible>
      <ShadowBlur>0</ShadowBlur>
      <links eventType="AtClick" animate="AmNone" animateAutoDelay="0" animateDuration="500">
        <link targetPageID="4D766848-4742-4628-9C28-2877A7559DB6" linkType="ltPageLink" isApplyIncludePage="False" title="Log+In">
          <area shape="0" alt="" ID="{D0710EBC-D47A-4805-9BDA-507D0F775626}" coords="(0,0,228,60)"/>
        </link>
      </links>
      <font family="Bradley+Hand+ITC" displayName="Bradley+Hand+ITC_%26_Bold" postScript="" weightStyle="Bold" weight="700" isBold="True" isItalic="False" useDefaultFontFamily="False"/>
      <text>Po%C5%A1alji+lozinku</text>
      <textSize>28</textSize>
      <lineSpacing>0</lineSpacing>
      <textStyles>[fsBold]</textStyles>
      <useDefaultTextSize>False</useDefaultTextSize>
      <selectedIndex>-1</selectedIndex>
      <radius>100</radius>
      <radiusIsPercent>True</radiusIsPercent>
    </control>
    <control controlID="016EF190-31DB-4659-BCBD-3273F5935262" controlTypeID="HRule" x="0" y="84" w="1536" h="12" zOrder="4">
      <color>4281545523</color>
      <ShadowBlur>0</ShadowBlur>
    </control>
    <control controlID="128E3359-5138-450C-ACC8-54B515965E2A" controlTypeID="Image" x="1391" y="5" w="135" h="84" zOrder="5">
      <ShadowBlur>0</ShadowBlur>
      <URL>553C79B8BB334A24B76BC57838CE7B5A.png</URL>
    </control>
    <control controlID="33D15EB1-2C88-4818-907F-1B30AE5B2F4D" controlTypeID="Button" x="626" y="733" w="300" h="60" zOrder="6">
      <color>4286578432</color>
      <ShadowBlur>0</ShadowBlur>
      <links eventType="AtClick" animate="AmNone" animateAutoDelay="0" animateDuration="500">
        <link targetPageID="0F18B6CE-10F8-478F-9479-FE0C6A014CCD" linkType="ltPageLink" isApplyIncludePage="False" title="Home+neregistrovani+korisnici">
          <area shape="0" alt="" ID="{6D3CB4F9-95D2-4937-80A8-7C9D10B30F3D}" coords="(0,0,300,60)"/>
        </link>
      </links>
      <font family="Bradley+Hand+ITC" displayName="Bradley+Hand+ITC_%26_Bold" postScript="" weightStyle="Bold" weight="700" isBold="True" isItalic="False" useDefaultFontFamily="False"/>
      <text>Povratak+na+po%C4%8Detnu</text>
      <textSize>30</textSize>
      <lineSpacing>0</lineSpacing>
      <textStyles>[fsBold]</textStyles>
      <useDefaultTextSize>False</useDefaultTextSize>
      <selectedIndex>-1</selectedIndex>
      <radius>30</radius>
    </control>
  </controls>
  <param>
    <backgroundColor>4284900966</backgroundColor>
    <fontSize>14</fontSize>
    <fontFamily>Segoe+UI</fontFamily>
    <guideLines/>
  </param>
</mockup>