﻿<mockup version="5.3" minAllowVersion="5.3" ID="6CEA136E-EA67-40C9-933E-0BAEAB318295" platform="MtWeb" defaultW="1536" defaultH="864" measureW="1536" measureH="864" mobileScreenScale="0">
  <controls controlCount="116">
    <control controlID="0660BF32-D2B9-43E3-BBC5-831F47782B96" controlTypeID="Image" x="0" y="0" w="1536" h="864" zOrder="0">
      <ShadowBlur>0</ShadowBlur>
      <URL>9353A407A077278C67C7F23C935D216B.png</URL>
    </control>
    <control controlID="D9BC5A29-4036-4086-9D29-BA8995C3CAC4" controlTypeID="HRule" x="0" y="84" w="1536" h="12" zOrder="1">
      <color>4281545523</color>
      <ShadowBlur>0</ShadowBlur>
    </control>
    <control controlID="5CF97531-D026-4E50-85A7-0DE7A6EBBFAF" controlTypeID="CompositeComboBox" x="717" y="24" w="200" h="32" zOrder="2">
      <borderColor>4286578432</borderColor>
      <ShadowBlur>0</ShadowBlur>
      <groupChildrenDescriptors>
        <control controlID="BCE80B79-FBEF-4060-BD4D-EA92CCA4CC20" controlTypeID="TextInput" x="0" y="0" w="177" h="32" zOrder="0">
          <locked>True</locked>
          <borderColor>4286578432</borderColor>
          <canMove>False</canMove>
          <alias>input</alias>
          <ShadowBlur>0</ShadowBlur>
          <font family="Segoe+UI" displayName="Segoe+UI" postScript="" weightStyle="Regular" weight="400" isBold="False" isItalic="False" useDefaultFontFamily="False"/>
          <text>Romantizam</text>
          <lineSpacing>0</lineSpacing>
          <selectedIndex>-1</selectedIndex>
        </control>
        <control controlID="51CA05CC-C5FA-4BAD-A4D3-F9DB68E9F382" controlTypeID="Button" x="176" y="0" w="24" h="32" zOrder="1">
          <locked>True</locked>
          <borderColor>4286578432</borderColor>
          <canMove>False</canMove>
          <alias>button</alias>
          <ShadowBlur>0</ShadowBlur>
          <font family="Segoe+UI" displayName="Segoe+UI" postScript="" weightStyle="Regular" weight="400" isBold="False" isItalic="False"/>
          <lineSpacing>0</lineSpacing>
          <selectedIndex>-1</selectedIndex>
          <radius>0</radius>
        </control>
        <control controlID="514A8444-F9C2-41A4-9C6C-AC6992644B47" controlTypeID="List" x="0" y="32" w="200" h="162" zOrder="2">
          <isShow>False</isShow>
          <borderColor>4286578432</borderColor>
          <canMove>False</canMove>
          <alias>dropDown</alias>
          <ShadowBlur>0</ShadowBlur>
          <font family="Segoe+UI" displayName="Segoe+UI" postScript="" weightStyle="Regular" weight="400" isBold="False" isItalic="False" useDefaultFontFamily="False"/>
          <text>Romantizam%0D%0AStil%0D%0AKlasicizam%0D%0AKubizam%0D%0ABarok</text>
          <textSize>14</textSize>
          <lineSpacing>0</lineSpacing>
          <itemHeight>32</itemHeight>
          <interlaceColor>4294967295</interlaceColor>
        </control>
      </groupChildrenDescriptors>
      <canInput>True</canInput>
      <baseHeight>32</baseHeight>
      <font family="Segoe+UI"/>
      <textSize>14</textSize>
    </control>
    <control controlID="BE7289C6-3CF3-44E5-A92B-15699113D71B" controlTypeID="Button" x="985" y="24" w="100" h="32" zOrder="3">
      <color>4281545523</color>
      <ShadowBlur>0</ShadowBlur>
      <font family="Bradley+Hand+ITC" displayName="Bradley+Hand+ITC_%26_Bold" postScript="" weightStyle="Bold" weight="700" isBold="True" isItalic="False" useDefaultFontFamily="False"/>
      <text>Pretra%C5%BEi</text>
      <textColor>4286578432</textColor>
      <textSize>24</textSize>
      <lineSpacing>0</lineSpacing>
      <textStyles>[fsBold]</textStyles>
      <useDefaultTextSize>False</useDefaultTextSize>
      <selectedIndex>-1</selectedIndex>
      <radius>100</radius>
      <radiusIsPercent>True</radiusIsPercent>
    </control>
    <control controlID="2DFFB827-A6DB-44A7-98BE-FA7E14DB567B" controlTypeID="TextInput" x="70" y="24" w="250" h="32" zOrder="4">
      <ShadowBlur>0</ShadowBlur>
      <font family="Bradley+Hand+ITC" displayName="Bradley+Hand+ITC" postScript="" weightStyle="Regular" weight="400" isBold="False" isItalic="False" useDefaultFontFamily="False"/>
      <textSize>20</textSize>
      <lineSpacing>0</lineSpacing>
      <useDefaultTextSize>False</useDefaultTextSize>
      <selectedIndex>-1</selectedIndex>
      <placeHolder>Slikar</placeHolder>
      <radius>16</radius>
    </control>
    <control controlID="5A2FB3E5-FDF1-41AA-B0B6-AE9AB3D86F80" controlTypeID="TextInput" x="393" y="24" w="250" h="32" zOrder="5">
      <ShadowBlur>0</ShadowBlur>
      <font family="Bradley+Hand+ITC" displayName="Bradley+Hand+ITC" postScript="" weightStyle="Regular" weight="400" isBold="False" isItalic="False" useDefaultFontFamily="False"/>
      <textSize>20</textSize>
      <lineSpacing>0</lineSpacing>
      <useDefaultTextSize>False</useDefaultTextSize>
      <selectedIndex>-1</selectedIndex>
      <placeHolder>Tematika</placeHolder>
      <radius>16</radius>
    </control>
    <control controlID="214657F1-6756-49CF-83C3-092AB994C049" controlTypeID="Icon" x="1352" y="10" w="64" h="64" zOrder="6">
      <color>4281545523</color>
      <ShadowBlur>0</ShadowBlur>
      <links eventType="AtClick" animate="AmNone" animateAutoDelay="0" animateDuration="500">
        <link targetPageID="A8D85D53-56A9-41E5-AF5C-15DAF5E050EC" linkType="ltPageLink" isApplyIncludePage="False" title="Korpa">
          <area shape="0" alt="" ID="{080A8D63-3F8D-4E02-BCCC-EB5A62E62C24}" coords="(0,0,64,64)"/>
        </link>
      </links>
      <icon>
        <ID/>
        <iconFontName>jdIcoFont</iconFontName>
        <iconCode>59230</iconCode>
      </icon>
      <URL>1D76A1953ACB7053D75125F70C5D5E2C.svg</URL>
    </control>
    <control controlID="F4F23B56-8BEE-4BBD-A42F-0A0B9C8CE534" controlTypeID="ColorPicker" x="1452" y="10" w="64" h="64" zOrder="7">
      <color>4281545523</color>
      <ShadowBlur>0</ShadowBlur>
    </control>
    <control controlID="DF61EE93-D1CD-4A34-BD02-F33551C49D5B" controlTypeID="Image" x="1460" y="14" w="48" h="55" zOrder="8">
      <ShadowBlur>0</ShadowBlur>
      <URL>82F81C14AEE290F8A65EB9D1267CFB47.jpg</URL>
    </control>
    <control controlID="86AA9E6B-BA17-4BEA-B0C7-74BFCE062E7A" controlTypeID="Image" x="1381" y="760" w="135" h="84" zOrder="9">
      <ShadowBlur>0</ShadowBlur>
      <URL>553C79B8BB334A24B76BC57838CE7B5A.png</URL>
    </control>
    <control controlID="A5616E77-E3BC-46C1-8C9D-1B62CA2641D3" controlTypeID="ImageCarousel" x="20" y="106" w="984" h="738" zOrder="10">
      <color>4284900966</color>
      <ShadowBlur>0</ShadowBlur>
      <groupChildrenDescriptors>
        <control controlID="F69304C0-5B8F-4BE0-BC61-5A7BAC340F9C" controlTypeID="ImageBackground" x="0" y="0" w="984" h="738" zOrder="0">
          <caption>Alexander+and+Diogenes</caption>
          <ShadowBlur>0</ShadowBlur>
          <groupChildrenDescriptors/>
          <URL>C60DDFBA67A314BB5833314FBACE3F4C.png</URL>
        </control>
        <control controlID="11DF4FD9-7AED-4EBF-ACFC-7F77BA9789BE" controlTypeID="ImageBackground" x="0" y="0" w="984" h="738" zOrder="1">
          <caption>Doubtful+Crumbs</caption>
          <ShadowBlur>0</ShadowBlur>
          <groupChildrenDescriptors/>
          <URL>838F59539FF7A8648C1AD3D45024B70A.png</URL>
        </control>
        <control controlID="2B54700E-EB12-4852-AFD7-C09C04F00E8B" controlTypeID="ImageBackground" x="0" y="0" w="984" h="738" zOrder="2">
          <caption>Monarch+of+the+Glen</caption>
          <ShadowBlur>0</ShadowBlur>
          <groupChildrenDescriptors/>
          <URL>F713F7F9372171F0466AF50A4574BEFC.png</URL>
        </control>
        <control controlID="7FB58B1A-9BC9-4167-BA76-9CD5D4826F56" controlTypeID="ImageBackground" x="0" y="0" w="984" h="738" zOrder="3">
          <caption>The+Arab+Tent</caption>
          <color>4284900966</color>
          <ShadowBlur>0</ShadowBlur>
          <groupChildrenDescriptors/>
          <URL>0D9D39D1FD335FDF2A2F70F4EDCBBE60.png</URL>
        </control>
      </groupChildrenDescriptors>
      <aniType>spaSlide</aniType>
      <isAutoPlay>False</isAutoPlay>
      <indicatorDirection>sidTop</indicatorDirection>
      <indicatorType>SiRectangle</indicatorType>
      <fitMode>fmStretchFit</fitMode>
    </control>
    <control controlID="08D8F021-8BBF-4465-ABA8-4ED6A808CDBF" controlTypeID="Label" x="1180" y="347" w="321" h="40" zOrder="11">
      <ShadowBlur>0</ShadowBlur>
      <font family="Bradley+Hand+ITC" displayName="Bradley+Hand+ITC" postScript="" weightStyle="Regular" weight="400" isBold="False" isItalic="False" useDefaultFontFamily="False"/>
      <text>Alexander+and+Diogenes</text>
      <textSize>32</textSize>
      <lineSpacing>0</lineSpacing>
      <useDefaultTextSize>False</useDefaultTextSize>
      <selectedIndex>-1</selectedIndex>
    </control>
    <control controlID="CE9E7B40-CDB6-41D9-817C-9C9947F98D25" controlTypeID="Label" x="1062" y="347" w="83" h="40" zOrder="12">
      <ShadowBlur>0</ShadowBlur>
      <font family="Bradley+Hand+ITC" displayName="Bradley+Hand+ITC" postScript="" weightStyle="Regular" weight="400" isBold="False" isItalic="False" useDefaultFontFamily="False"/>
      <text>Slika%3A</text>
      <textSize>32</textSize>
      <lineSpacing>0</lineSpacing>
      <useDefaultTextSize>False</useDefaultTextSize>
      <selectedIndex>-1</selectedIndex>
    </control>
    <control controlID="DB69A600-D220-435D-8FFD-8EB314F04FFD" controlTypeID="Label" x="1069" y="200" w="392" h="50" zOrder="13">
      <ShadowBlur>0</ShadowBlur>
      <font family="Bradley+Hand+ITC" displayName="Bradley+Hand+ITC" postScript="" weightStyle="Regular" weight="400" isBold="False" isItalic="False" useDefaultFontFamily="False"/>
      <text>Edwin+Henry+Landseer</text>
      <textSize>40</textSize>
      <lineSpacing>0</lineSpacing>
      <useDefaultTextSize>False</useDefaultTextSize>
      <selectedIndex>-1</selectedIndex>
    </control>
    <control controlID="535B50C2-1247-4836-8B4A-7C0CBFD686FD" controlTypeID="Label" x="1028" y="412" w="117" h="40" zOrder="14">
      <ShadowBlur>0</ShadowBlur>
      <font family="Bradley+Hand+ITC" displayName="Bradley+Hand+ITC" postScript="" weightStyle="Regular" weight="400" isBold="False" isItalic="False" useDefaultFontFamily="False"/>
      <text>Tehnika%3A</text>
      <textSize>32</textSize>
      <lineSpacing>0</lineSpacing>
      <useDefaultTextSize>False</useDefaultTextSize>
      <selectedIndex>-1</selectedIndex>
    </control>
    <control controlID="9125096B-E24F-46DA-8B17-A94085403313" controlTypeID="Label" x="1180" y="412" w="193" h="40" zOrder="15">
      <ShadowBlur>0</ShadowBlur>
      <font family="Bradley+Hand+ITC" displayName="Bradley+Hand+ITC" postScript="" weightStyle="Regular" weight="400" isBold="False" isItalic="False" useDefaultFontFamily="False"/>
      <text>Ulje+na+platnu</text>
      <textSize>32</textSize>
      <lineSpacing>0</lineSpacing>
      <useDefaultTextSize>False</useDefaultTextSize>
      <selectedIndex>-1</selectedIndex>
    </control>
    <control controlID="1B78AFA5-8442-4B4F-A7A8-F77878F782FC" controlTypeID="Label" x="1086" y="474" w="59" h="40" zOrder="16">
      <ShadowBlur>0</ShadowBlur>
      <font family="Bradley+Hand+ITC" displayName="Bradley+Hand+ITC" postScript="" weightStyle="Regular" weight="400" isBold="False" isItalic="False" useDefaultFontFamily="False"/>
      <text>Stil%3A</text>
      <textSize>32</textSize>
      <lineSpacing>0</lineSpacing>
      <useDefaultTextSize>False</useDefaultTextSize>
      <selectedIndex>-1</selectedIndex>
    </control>
    <control controlID="67AB15BC-88A5-4E87-9CD9-67CB1E9A5E60" controlTypeID="Label" x="1180" y="474" w="181" h="40" zOrder="17">
      <ShadowBlur>0</ShadowBlur>
      <font family="Bradley+Hand+ITC" displayName="Bradley+Hand+ITC" postScript="" weightStyle="Regular" weight="400" isBold="False" isItalic="False" useDefaultFontFamily="False"/>
      <text>Romantizam</text>
      <textSize>32</textSize>
      <lineSpacing>0</lineSpacing>
      <useDefaultTextSize>False</useDefaultTextSize>
      <selectedIndex>-1</selectedIndex>
    </control>
    <control controlID="7B5ADFA4-B21A-48BB-AE0D-AA705BC4348E" controlTypeID="Button" x="1180" y="556" w="170" h="60" zOrder="18">
      <color>4284900966</color>
      <borderColor>4282598211</borderColor>
      <ShadowBlur>0</ShadowBlur>
      <font family="Bradley+Hand+ITC" displayName="Bradley+Hand+ITC_%26_Bold" postScript="" weightStyle="Bold" weight="700" isBold="True" isItalic="False" useDefaultFontFamily="False"/>
      <text>PRIKA%C5%BDI</text>
      <textColor>4286578432</textColor>
      <textSize>32</textSize>
      <lineSpacing>0</lineSpacing>
      <textStyles>[fsBold]</textStyles>
      <useDefaultTextSize>False</useDefaultTextSize>
      <selectedIndex>-1</selectedIndex>
      <radius>16</radius>
    </control>
    <control controlID="5F9AFAA8-AB8C-415E-8988-3B90F15336AD" controlTypeID="Icon" x="1028" y="784" w="60" h="60" zOrder="19">
      <icon>
        <ID/>
        <iconFontName>jdIonicons</iconFontName>
        <iconCode>62367</iconCode>
      </icon>
      <URL>A80D6A7386217507CD46AA24148CB327.svg</URL>
    </control>
    <control controlID="B5402C18-6683-421D-BF80-FE718C73A383" controlTypeID="Icon" x="1112" y="784" w="60" h="60" zOrder="20">
      <icon>
        <ID/>
        <iconFontName>jdIonicons</iconFontName>
        <iconCode>61767</iconCode>
      </icon>
      <URL>EE2FB2571F0389F770A92264D8E66DFA.svg</URL>
    </control>
    <control controlID="E4D28DF6-7069-4CA3-A9CB-BD5E7A9F41BA" controlTypeID="Icon" x="1196" y="784" w="60" h="60" zOrder="21">
      <icon>
        <ID/>
        <iconFontName>jdFontAwesome</iconFontName>
        <iconCode>61948</iconCode>
      </icon>
      <URL>E86C54C882D78F9C0D69762891BF2E52.svg</URL>
    </control>
    <control controlID="32755B99-52D0-412F-8062-9DF02732C440" controlTypeID="Image" x="0" y="0" w="1536" h="864" zOrder="22">
      <ShadowBlur>0</ShadowBlur>
      <URL>9353A407A077278C67C7F23C935D216B.png</URL>
    </control>
    <control controlID="B9530E06-DD7E-4FC6-8010-CBFD9970B57A" controlTypeID="HRule" x="0" y="84" w="1536" h="12" zOrder="23">
      <color>4281545523</color>
      <ShadowBlur>0</ShadowBlur>
    </control>
    <control controlID="CBB6E872-B421-44A9-8193-F87E1AA72D5A" controlTypeID="CompositeComboBox" x="717" y="24" w="200" h="32" zOrder="24">
      <borderColor>4286578432</borderColor>
      <ShadowBlur>0</ShadowBlur>
      <groupChildrenDescriptors>
        <control controlID="8B3FD2A3-CBB6-4F1F-9165-81E1801E5A2B" controlTypeID="TextInput" x="0" y="0" w="177" h="32" zOrder="0">
          <locked>True</locked>
          <borderColor>4286578432</borderColor>
          <canMove>False</canMove>
          <alias>input</alias>
          <ShadowBlur>0</ShadowBlur>
          <font family="Segoe+UI" displayName="Segoe+UI" postScript="" weightStyle="Regular" weight="400" isBold="False" isItalic="False" useDefaultFontFamily="False"/>
          <text>Stil</text>
          <lineSpacing>0</lineSpacing>
          <selectedIndex>-1</selectedIndex>
        </control>
        <control controlID="96E7DC7A-7B98-4A6C-9B8A-1606B16D8E83" controlTypeID="Button" x="176" y="0" w="24" h="32" zOrder="1">
          <locked>True</locked>
          <borderColor>4286578432</borderColor>
          <canMove>False</canMove>
          <alias>button</alias>
          <ShadowBlur>0</ShadowBlur>
          <font family="Segoe+UI" displayName="Segoe+UI" postScript="" weightStyle="Regular" weight="400" isBold="False" isItalic="False"/>
          <lineSpacing>0</lineSpacing>
          <selectedIndex>-1</selectedIndex>
          <radius>0</radius>
        </control>
        <control controlID="9C5F52D2-8ABC-4325-89B9-3BFC69D045A4" controlTypeID="List" x="0" y="32" w="200" h="130" zOrder="2">
          <isShow>False</isShow>
          <borderColor>4286578432</borderColor>
          <canMove>False</canMove>
          <alias>dropDown</alias>
          <ShadowBlur>0</ShadowBlur>
          <font family="Segoe+UI" displayName="Segoe+UI" postScript="" weightStyle="Regular" weight="400" isBold="False" isItalic="False" useDefaultFontFamily="False"/>
          <text>Stil%0D%0AKlasicizam%0D%0AKubizam%0D%0ABarok</text>
          <textSize>14</textSize>
          <lineSpacing>0</lineSpacing>
          <itemHeight>32</itemHeight>
          <interlaceColor>4294967295</interlaceColor>
        </control>
      </groupChildrenDescriptors>
      <canInput>True</canInput>
      <baseHeight>32</baseHeight>
      <font family="Segoe+UI"/>
      <textSize>14</textSize>
    </control>
    <control controlID="0B9E1CFB-9C42-4E5C-B9B7-4F38E8CBE041" controlTypeID="Button" x="985" y="24" w="100" h="32" zOrder="25">
      <color>4281545523</color>
      <ShadowBlur>0</ShadowBlur>
      <font family="Bradley+Hand+ITC" displayName="Bradley+Hand+ITC_%26_Bold" postScript="" weightStyle="Bold" weight="700" isBold="True" isItalic="False" useDefaultFontFamily="False"/>
      <text>Pretra%C5%BEi</text>
      <textColor>4286578432</textColor>
      <textSize>24</textSize>
      <lineSpacing>0</lineSpacing>
      <textStyles>[fsBold]</textStyles>
      <useDefaultTextSize>False</useDefaultTextSize>
      <selectedIndex>-1</selectedIndex>
      <radius>100</radius>
      <radiusIsPercent>True</radiusIsPercent>
    </control>
    <control controlID="6C8D9F31-354F-443B-B6B6-98ECA1EA8C60" controlTypeID="TextInput" x="70" y="24" w="250" h="32" zOrder="26">
      <ShadowBlur>0</ShadowBlur>
      <font family="Bradley+Hand+ITC" displayName="Bradley+Hand+ITC" postScript="" weightStyle="Regular" weight="400" isBold="False" isItalic="False" useDefaultFontFamily="False"/>
      <textSize>20</textSize>
      <lineSpacing>0</lineSpacing>
      <useDefaultTextSize>False</useDefaultTextSize>
      <selectedIndex>-1</selectedIndex>
      <placeHolder>Slikar</placeHolder>
      <radius>16</radius>
    </control>
    <control controlID="E7B72C8A-96B7-4E9C-A363-1C9D6C1F8093" controlTypeID="TextInput" x="393" y="24" w="250" h="32" zOrder="27">
      <ShadowBlur>0</ShadowBlur>
      <font family="Bradley+Hand+ITC" displayName="Bradley+Hand+ITC" postScript="" weightStyle="Regular" weight="400" isBold="False" isItalic="False" useDefaultFontFamily="False"/>
      <text>Zivotinje</text>
      <textSize>20</textSize>
      <lineSpacing>0</lineSpacing>
      <useDefaultTextSize>False</useDefaultTextSize>
      <selectedIndex>-1</selectedIndex>
      <radius>16</radius>
    </control>
    <control controlID="290D05B7-F012-48E8-97FC-0375C12E7DE0" controlTypeID="Icon" x="1352" y="10" w="64" h="64" zOrder="28">
      <color>4281545523</color>
      <ShadowBlur>0</ShadowBlur>
      <links eventType="AtClick" animate="AmNone" animateAutoDelay="0" animateDuration="500">
        <link targetPageID="A8D85D53-56A9-41E5-AF5C-15DAF5E050EC" linkType="ltPageLink" isApplyIncludePage="False" title="Korpa">
          <area shape="0" alt="" ID="{080A8D63-3F8D-4E02-BCCC-EB5A62E62C24}" coords="(0,0,64,64)"/>
        </link>
      </links>
      <icon>
        <ID/>
        <iconFontName>jdIcoFont</iconFontName>
        <iconCode>59230</iconCode>
      </icon>
      <URL>1D76A1953ACB7053D75125F70C5D5E2C.svg</URL>
    </control>
    <control controlID="F0AF651E-D4EF-46A2-9C72-F4B49FAE9EC6" controlTypeID="ColorPicker" x="1452" y="10" w="64" h="64" zOrder="29">
      <color>4281545523</color>
      <ShadowBlur>0</ShadowBlur>
    </control>
    <control controlID="7B39203A-F29B-4F23-B7C3-2A7C9AF06BA8" controlTypeID="Image" x="1460" y="14" w="48" h="55" zOrder="30">
      <ShadowBlur>0</ShadowBlur>
      <URL>82F81C14AEE290F8A65EB9D1267CFB47.jpg</URL>
    </control>
    <control controlID="B4095BDA-4411-4CF9-A436-D522AFFC7AC1" controlTypeID="Image" x="1381" y="760" w="135" h="84" zOrder="31">
      <ShadowBlur>0</ShadowBlur>
      <URL>553C79B8BB334A24B76BC57838CE7B5A.png</URL>
    </control>
    <control controlID="D3DCECEC-F86A-4FC7-8649-9A8C4F5A679F" controlTypeID="ImageCarousel" x="20" y="106" w="984" h="738" zOrder="32">
      <color>4284900966</color>
      <ShadowBlur>0</ShadowBlur>
      <groupChildrenDescriptors>
        <control controlID="5925DABF-4298-4D1D-8439-67521CA0442A" controlTypeID="ImageBackground" x="0" y="0" w="984" h="738" zOrder="0">
          <caption>Alexander+and+Diogenes</caption>
          <ShadowBlur>0</ShadowBlur>
          <groupChildrenDescriptors/>
          <URL>C60DDFBA67A314BB5833314FBACE3F4C.png</URL>
        </control>
        <control controlID="78626799-0D63-4654-B63A-5DCB77932158" controlTypeID="ImageBackground" x="0" y="0" w="984" h="738" zOrder="1">
          <caption>Doubtful+Crumbs</caption>
          <ShadowBlur>0</ShadowBlur>
          <groupChildrenDescriptors/>
          <URL>838F59539FF7A8648C1AD3D45024B70A.png</URL>
        </control>
        <control controlID="FD70D5A3-DDE1-4A16-8830-A300E1D67F31" controlTypeID="ImageBackground" x="0" y="0" w="984" h="738" zOrder="2">
          <caption>Monarch+of+the+Glen</caption>
          <ShadowBlur>0</ShadowBlur>
          <groupChildrenDescriptors/>
          <URL>F713F7F9372171F0466AF50A4574BEFC.png</URL>
        </control>
        <control controlID="F0A43EF5-B06A-4BE4-A638-F26DC573FCE3" controlTypeID="ImageBackground" x="0" y="0" w="984" h="738" zOrder="3">
          <caption>The+Arab+Tent</caption>
          <color>4284900966</color>
          <ShadowBlur>0</ShadowBlur>
          <groupChildrenDescriptors/>
          <URL>0D9D39D1FD335FDF2A2F70F4EDCBBE60.png</URL>
        </control>
      </groupChildrenDescriptors>
      <aniType>spaSlide</aniType>
      <isAutoPlay>False</isAutoPlay>
      <indicatorDirection>sidTop</indicatorDirection>
      <indicatorType>SiRectangle</indicatorType>
      <fitMode>fmStretchFit</fitMode>
    </control>
    <control controlID="B8F661A3-672C-4EA1-9C04-216B73D8DCE3" controlTypeID="Label" x="1180" y="347" w="321" h="40" zOrder="33">
      <ShadowBlur>0</ShadowBlur>
      <font family="Bradley+Hand+ITC" displayName="Bradley+Hand+ITC" postScript="" weightStyle="Regular" weight="400" isBold="False" isItalic="False" useDefaultFontFamily="False"/>
      <text>Alexander+and+Diogenes</text>
      <textSize>32</textSize>
      <lineSpacing>0</lineSpacing>
      <useDefaultTextSize>False</useDefaultTextSize>
      <selectedIndex>-1</selectedIndex>
    </control>
    <control controlID="2EA522FC-7BBD-4D1E-972F-7AC976AD8AA6" controlTypeID="Label" x="1062" y="347" w="83" h="40" zOrder="34">
      <ShadowBlur>0</ShadowBlur>
      <font family="Bradley+Hand+ITC" displayName="Bradley+Hand+ITC" postScript="" weightStyle="Regular" weight="400" isBold="False" isItalic="False" useDefaultFontFamily="False"/>
      <text>Slika%3A</text>
      <textSize>32</textSize>
      <lineSpacing>0</lineSpacing>
      <useDefaultTextSize>False</useDefaultTextSize>
      <selectedIndex>-1</selectedIndex>
    </control>
    <control controlID="57FC8939-1952-4160-991C-852D323C615D" controlTypeID="Label" x="1069" y="200" w="392" h="50" zOrder="35">
      <ShadowBlur>0</ShadowBlur>
      <font family="Bradley+Hand+ITC" displayName="Bradley+Hand+ITC" postScript="" weightStyle="Regular" weight="400" isBold="False" isItalic="False" useDefaultFontFamily="False"/>
      <text>Edwin+Henry+Landseer</text>
      <textSize>40</textSize>
      <lineSpacing>0</lineSpacing>
      <useDefaultTextSize>False</useDefaultTextSize>
      <selectedIndex>-1</selectedIndex>
    </control>
    <control controlID="65FE7481-1E8A-43D5-9DE8-799429256CF9" controlTypeID="Label" x="1028" y="412" w="117" h="40" zOrder="36">
      <ShadowBlur>0</ShadowBlur>
      <font family="Bradley+Hand+ITC" displayName="Bradley+Hand+ITC" postScript="" weightStyle="Regular" weight="400" isBold="False" isItalic="False" useDefaultFontFamily="False"/>
      <text>Tehnika%3A</text>
      <textSize>32</textSize>
      <lineSpacing>0</lineSpacing>
      <useDefaultTextSize>False</useDefaultTextSize>
      <selectedIndex>-1</selectedIndex>
    </control>
    <control controlID="1E643C80-254D-4063-83A1-01DDC275BEA9" controlTypeID="Label" x="1180" y="412" w="193" h="40" zOrder="37">
      <ShadowBlur>0</ShadowBlur>
      <font family="Bradley+Hand+ITC" displayName="Bradley+Hand+ITC" postScript="" weightStyle="Regular" weight="400" isBold="False" isItalic="False" useDefaultFontFamily="False"/>
      <text>Ulje+na+platnu</text>
      <textSize>32</textSize>
      <lineSpacing>0</lineSpacing>
      <useDefaultTextSize>False</useDefaultTextSize>
      <selectedIndex>-1</selectedIndex>
    </control>
    <control controlID="D6EC85CD-4D73-422A-BE66-BDB71D4F1B8E" controlTypeID="Label" x="1086" y="474" w="59" h="40" zOrder="38">
      <ShadowBlur>0</ShadowBlur>
      <font family="Bradley+Hand+ITC" displayName="Bradley+Hand+ITC" postScript="" weightStyle="Regular" weight="400" isBold="False" isItalic="False" useDefaultFontFamily="False"/>
      <text>Stil%3A</text>
      <textSize>32</textSize>
      <lineSpacing>0</lineSpacing>
      <useDefaultTextSize>False</useDefaultTextSize>
      <selectedIndex>-1</selectedIndex>
    </control>
    <control controlID="1F25C230-6646-4927-87F7-955F94F9E1C4" controlTypeID="Label" x="1180" y="474" w="181" h="40" zOrder="39">
      <ShadowBlur>0</ShadowBlur>
      <font family="Bradley+Hand+ITC" displayName="Bradley+Hand+ITC" postScript="" weightStyle="Regular" weight="400" isBold="False" isItalic="False" useDefaultFontFamily="False"/>
      <text>Romantizam</text>
      <textSize>32</textSize>
      <lineSpacing>0</lineSpacing>
      <useDefaultTextSize>False</useDefaultTextSize>
      <selectedIndex>-1</selectedIndex>
    </control>
    <control controlID="C596225F-0B4E-4CC2-9D90-8A2F89E07741" controlTypeID="Button" x="1180" y="556" w="170" h="60" zOrder="40">
      <color>4284900966</color>
      <borderColor>4282598211</borderColor>
      <ShadowBlur>0</ShadowBlur>
      <font family="Bradley+Hand+ITC" displayName="Bradley+Hand+ITC_%26_Bold" postScript="" weightStyle="Bold" weight="700" isBold="True" isItalic="False" useDefaultFontFamily="False"/>
      <text>PRIKA%C5%BDI</text>
      <textColor>4286578432</textColor>
      <textSize>32</textSize>
      <lineSpacing>0</lineSpacing>
      <textStyles>[fsBold]</textStyles>
      <useDefaultTextSize>False</useDefaultTextSize>
      <selectedIndex>-1</selectedIndex>
      <radius>16</radius>
    </control>
    <control controlID="8FA0D9EB-8775-4299-AE14-72092C7BD57A" controlTypeID="Icon" x="1028" y="784" w="60" h="60" zOrder="41">
      <icon>
        <ID/>
        <iconFontName>jdIonicons</iconFontName>
        <iconCode>62367</iconCode>
      </icon>
      <URL>A80D6A7386217507CD46AA24148CB327.svg</URL>
    </control>
    <control controlID="305C22F6-6181-46DB-A29D-8309B9286B31" controlTypeID="Icon" x="1112" y="784" w="60" h="60" zOrder="42">
      <icon>
        <ID/>
        <iconFontName>jdIonicons</iconFontName>
        <iconCode>61767</iconCode>
      </icon>
      <URL>EE2FB2571F0389F770A92264D8E66DFA.svg</URL>
    </control>
    <control controlID="ACD9582D-F647-4AE7-A11B-B43FEE64B4E9" controlTypeID="Icon" x="1196" y="784" w="60" h="60" zOrder="43">
      <icon>
        <ID/>
        <iconFontName>jdFontAwesome</iconFontName>
        <iconCode>61948</iconCode>
      </icon>
      <URL>E86C54C882D78F9C0D69762891BF2E52.svg</URL>
    </control>
    <control controlID="504CA9E6-3BC7-4953-BE6C-E2F53F032F7B" controlTypeID="Image" x="0" y="0" w="1536" h="864" zOrder="44">
      <ShadowBlur>0</ShadowBlur>
      <URL>9353A407A077278C67C7F23C935D216B.png</URL>
    </control>
    <control controlID="59C32C4A-99CD-46E1-AF9F-CC206DAB987A" controlTypeID="HRule" x="0" y="84" w="1536" h="12" zOrder="45">
      <color>4281545523</color>
      <ShadowBlur>0</ShadowBlur>
    </control>
    <control controlID="2EF6F8EE-B785-480D-85D5-5BA5977412F8" controlTypeID="CompositeComboBox" x="717" y="24" w="200" h="32" zOrder="46">
      <borderColor>4286578432</borderColor>
      <ShadowBlur>0</ShadowBlur>
      <groupChildrenDescriptors>
        <control controlID="FDE5EBD3-7B31-4375-A40C-421342EA73B4" controlTypeID="TextInput" x="0" y="0" w="177" h="32" zOrder="0">
          <locked>True</locked>
          <borderColor>4286578432</borderColor>
          <canMove>False</canMove>
          <alias>input</alias>
          <ShadowBlur>0</ShadowBlur>
          <font family="Segoe+UI" displayName="Segoe+UI" postScript="" weightStyle="Regular" weight="400" isBold="False" isItalic="False" useDefaultFontFamily="False"/>
          <text>Stil</text>
          <lineSpacing>0</lineSpacing>
          <selectedIndex>-1</selectedIndex>
        </control>
        <control controlID="4A0113EC-F657-4D9D-9B31-ACE633653DBE" controlTypeID="Button" x="176" y="0" w="24" h="32" zOrder="1">
          <locked>True</locked>
          <borderColor>4286578432</borderColor>
          <canMove>False</canMove>
          <alias>button</alias>
          <ShadowBlur>0</ShadowBlur>
          <font family="Segoe+UI" displayName="Segoe+UI" postScript="" weightStyle="Regular" weight="400" isBold="False" isItalic="False"/>
          <lineSpacing>0</lineSpacing>
          <selectedIndex>-1</selectedIndex>
          <radius>0</radius>
        </control>
        <control controlID="71A012A1-E594-49F1-A1F2-6D0069AA98BB" controlTypeID="List" x="0" y="32" w="200" h="130" zOrder="2">
          <isShow>False</isShow>
          <borderColor>4286578432</borderColor>
          <canMove>False</canMove>
          <alias>dropDown</alias>
          <ShadowBlur>0</ShadowBlur>
          <font family="Segoe+UI" displayName="Segoe+UI" postScript="" weightStyle="Regular" weight="400" isBold="False" isItalic="False" useDefaultFontFamily="False"/>
          <text>Stil%0D%0AKlasicizam%0D%0AKubizam%0D%0ABarok</text>
          <textSize>14</textSize>
          <lineSpacing>0</lineSpacing>
          <itemHeight>32</itemHeight>
          <interlaceColor>4294967295</interlaceColor>
        </control>
      </groupChildrenDescriptors>
      <canInput>True</canInput>
      <baseHeight>32</baseHeight>
      <font family="Segoe+UI"/>
      <textSize>14</textSize>
    </control>
    <control controlID="14C4A285-7882-4710-9951-24FDBBFADB51" controlTypeID="Button" x="985" y="24" w="100" h="32" zOrder="47">
      <color>4281545523</color>
      <ShadowBlur>0</ShadowBlur>
      <font family="Bradley+Hand+ITC" displayName="Bradley+Hand+ITC_%26_Bold" postScript="" weightStyle="Bold" weight="700" isBold="True" isItalic="False" useDefaultFontFamily="False"/>
      <text>Pretra%C5%BEi</text>
      <textColor>4286578432</textColor>
      <textSize>24</textSize>
      <lineSpacing>0</lineSpacing>
      <textStyles>[fsBold]</textStyles>
      <useDefaultTextSize>False</useDefaultTextSize>
      <selectedIndex>-1</selectedIndex>
      <radius>100</radius>
      <radiusIsPercent>True</radiusIsPercent>
    </control>
    <control controlID="00039B1E-CEDB-4E2A-9BE7-FE0EB015D9D3" controlTypeID="TextInput" x="70" y="24" w="250" h="32" zOrder="48">
      <ShadowBlur>0</ShadowBlur>
      <font family="Bradley+Hand+ITC" displayName="Bradley+Hand+ITC" postScript="" weightStyle="Regular" weight="400" isBold="False" isItalic="False" useDefaultFontFamily="False"/>
      <textSize>20</textSize>
      <lineSpacing>0</lineSpacing>
      <useDefaultTextSize>False</useDefaultTextSize>
      <selectedIndex>-1</selectedIndex>
      <placeHolder>Slikar</placeHolder>
      <radius>16</radius>
    </control>
    <control controlID="47CDD2A7-7520-4DFA-804C-02FC48D25065" controlTypeID="TextInput" x="393" y="24" w="250" h="32" zOrder="49">
      <ShadowBlur>0</ShadowBlur>
      <font family="Bradley+Hand+ITC" displayName="Bradley+Hand+ITC" postScript="" weightStyle="Regular" weight="400" isBold="False" isItalic="False" useDefaultFontFamily="False"/>
      <text>Zivotinje</text>
      <textSize>20</textSize>
      <lineSpacing>0</lineSpacing>
      <useDefaultTextSize>False</useDefaultTextSize>
      <selectedIndex>-1</selectedIndex>
      <radius>16</radius>
    </control>
    <control controlID="ACF9D7C0-FD4F-4090-A1FF-CFCB916CBE32" controlTypeID="Icon" x="1352" y="10" w="64" h="64" zOrder="50">
      <color>4281545523</color>
      <ShadowBlur>0</ShadowBlur>
      <links eventType="AtClick" animate="AmNone" animateAutoDelay="0" animateDuration="500">
        <link targetPageID="A8D85D53-56A9-41E5-AF5C-15DAF5E050EC" linkType="ltPageLink" isApplyIncludePage="False" title="Korpa">
          <area shape="0" alt="" ID="{080A8D63-3F8D-4E02-BCCC-EB5A62E62C24}" coords="(0,0,64,64)"/>
        </link>
      </links>
      <icon>
        <ID/>
        <iconFontName>jdIcoFont</iconFontName>
        <iconCode>59230</iconCode>
      </icon>
      <URL>1D76A1953ACB7053D75125F70C5D5E2C.svg</URL>
    </control>
    <control controlID="7A439D7E-F8ED-4A9D-B8A8-925145708C0D" controlTypeID="ColorPicker" x="1452" y="10" w="64" h="64" zOrder="51">
      <color>4281545523</color>
      <ShadowBlur>0</ShadowBlur>
    </control>
    <control controlID="778D93FD-B970-49F8-9DD7-FE99CDE4FC8D" controlTypeID="Image" x="1460" y="14" w="48" h="55" zOrder="52">
      <ShadowBlur>0</ShadowBlur>
      <URL>82F81C14AEE290F8A65EB9D1267CFB47.jpg</URL>
    </control>
    <control controlID="E0254FAB-705D-4641-B484-48855ACB727A" controlTypeID="Image" x="1381" y="760" w="135" h="84" zOrder="53">
      <ShadowBlur>0</ShadowBlur>
      <URL>553C79B8BB334A24B76BC57838CE7B5A.png</URL>
    </control>
    <control controlID="99CF0F4B-D244-4BFA-AC93-2E0C02272747" controlTypeID="ImageCarousel" x="20" y="106" w="984" h="738" zOrder="54">
      <color>4284900966</color>
      <ShadowBlur>0</ShadowBlur>
      <groupChildrenDescriptors>
        <control controlID="8BC2818A-4AB7-4D03-B7E8-DBC64B9DF205" controlTypeID="ImageBackground" x="0" y="0" w="984" h="738" zOrder="0">
          <caption>Alexander+and+Diogenes</caption>
          <ShadowBlur>0</ShadowBlur>
          <groupChildrenDescriptors/>
          <URL>C60DDFBA67A314BB5833314FBACE3F4C.png</URL>
        </control>
        <control controlID="9BB30CB0-0C22-44F6-B56F-CBE72F20462F" controlTypeID="ImageBackground" x="0" y="0" w="984" h="738" zOrder="1">
          <caption>Doubtful+Crumbs</caption>
          <ShadowBlur>0</ShadowBlur>
          <groupChildrenDescriptors/>
          <URL>838F59539FF7A8648C1AD3D45024B70A.png</URL>
        </control>
        <control controlID="FDC8A057-00EC-4E72-B577-DFC99C21EC19" controlTypeID="ImageBackground" x="0" y="0" w="984" h="738" zOrder="2">
          <caption>Monarch+of+the+Glen</caption>
          <ShadowBlur>0</ShadowBlur>
          <groupChildrenDescriptors/>
          <URL>F713F7F9372171F0466AF50A4574BEFC.png</URL>
        </control>
        <control controlID="CDD0ED8A-D0B1-4058-A33E-0829DFD91B1D" controlTypeID="ImageBackground" x="0" y="0" w="984" h="738" zOrder="3">
          <caption>The+Arab+Tent</caption>
          <color>4284900966</color>
          <ShadowBlur>0</ShadowBlur>
          <groupChildrenDescriptors/>
          <URL>0D9D39D1FD335FDF2A2F70F4EDCBBE60.png</URL>
        </control>
      </groupChildrenDescriptors>
      <aniType>spaSlide</aniType>
      <isAutoPlay>False</isAutoPlay>
      <indicatorDirection>sidTop</indicatorDirection>
      <indicatorType>SiRectangle</indicatorType>
      <fitMode>fmStretchFit</fitMode>
    </control>
    <control controlID="F9808D37-0D58-43CE-8A83-473EABC8C518" controlTypeID="Label" x="1180" y="347" w="321" h="40" zOrder="55">
      <ShadowBlur>0</ShadowBlur>
      <font family="Bradley+Hand+ITC" displayName="Bradley+Hand+ITC" postScript="" weightStyle="Regular" weight="400" isBold="False" isItalic="False" useDefaultFontFamily="False"/>
      <text>Alexander+and+Diogenes</text>
      <textSize>32</textSize>
      <lineSpacing>0</lineSpacing>
      <useDefaultTextSize>False</useDefaultTextSize>
      <selectedIndex>-1</selectedIndex>
    </control>
    <control controlID="ADE02E1C-EF8D-43E3-895C-7E3B7EC919AC" controlTypeID="Label" x="1062" y="347" w="83" h="40" zOrder="56">
      <ShadowBlur>0</ShadowBlur>
      <font family="Bradley+Hand+ITC" displayName="Bradley+Hand+ITC" postScript="" weightStyle="Regular" weight="400" isBold="False" isItalic="False" useDefaultFontFamily="False"/>
      <text>Slika%3A</text>
      <textSize>32</textSize>
      <lineSpacing>0</lineSpacing>
      <useDefaultTextSize>False</useDefaultTextSize>
      <selectedIndex>-1</selectedIndex>
    </control>
    <control controlID="BA1E91DF-E0A8-4918-8B6A-282C73440124" controlTypeID="Label" x="1069" y="200" w="392" h="50" zOrder="57">
      <ShadowBlur>0</ShadowBlur>
      <font family="Bradley+Hand+ITC" displayName="Bradley+Hand+ITC" postScript="" weightStyle="Regular" weight="400" isBold="False" isItalic="False" useDefaultFontFamily="False"/>
      <text>Edwin+Henry+Landseer</text>
      <textSize>40</textSize>
      <lineSpacing>0</lineSpacing>
      <useDefaultTextSize>False</useDefaultTextSize>
      <selectedIndex>-1</selectedIndex>
    </control>
    <control controlID="672A32FB-D13A-4BDD-9A98-49FE3DE9D1B5" controlTypeID="Label" x="1028" y="412" w="117" h="40" zOrder="58">
      <ShadowBlur>0</ShadowBlur>
      <font family="Bradley+Hand+ITC" displayName="Bradley+Hand+ITC" postScript="" weightStyle="Regular" weight="400" isBold="False" isItalic="False" useDefaultFontFamily="False"/>
      <text>Tehnika%3A</text>
      <textSize>32</textSize>
      <lineSpacing>0</lineSpacing>
      <useDefaultTextSize>False</useDefaultTextSize>
      <selectedIndex>-1</selectedIndex>
    </control>
    <control controlID="6D81B47F-09CB-42E9-B41D-A48C38963D8B" controlTypeID="Label" x="1180" y="412" w="193" h="40" zOrder="59">
      <ShadowBlur>0</ShadowBlur>
      <font family="Bradley+Hand+ITC" displayName="Bradley+Hand+ITC" postScript="" weightStyle="Regular" weight="400" isBold="False" isItalic="False" useDefaultFontFamily="False"/>
      <text>Ulje+na+platnu</text>
      <textSize>32</textSize>
      <lineSpacing>0</lineSpacing>
      <useDefaultTextSize>False</useDefaultTextSize>
      <selectedIndex>-1</selectedIndex>
    </control>
    <control controlID="35509E35-EF06-4071-8A49-4A514B1B235A" controlTypeID="Label" x="1086" y="474" w="59" h="40" zOrder="60">
      <ShadowBlur>0</ShadowBlur>
      <font family="Bradley+Hand+ITC" displayName="Bradley+Hand+ITC" postScript="" weightStyle="Regular" weight="400" isBold="False" isItalic="False" useDefaultFontFamily="False"/>
      <text>Stil%3A</text>
      <textSize>32</textSize>
      <lineSpacing>0</lineSpacing>
      <useDefaultTextSize>False</useDefaultTextSize>
      <selectedIndex>-1</selectedIndex>
    </control>
    <control controlID="E3E6F066-2BFC-4196-A9C2-482CA98A7E3F" controlTypeID="Label" x="1180" y="474" w="181" h="40" zOrder="61">
      <ShadowBlur>0</ShadowBlur>
      <font family="Bradley+Hand+ITC" displayName="Bradley+Hand+ITC" postScript="" weightStyle="Regular" weight="400" isBold="False" isItalic="False" useDefaultFontFamily="False"/>
      <text>Romantizam</text>
      <textSize>32</textSize>
      <lineSpacing>0</lineSpacing>
      <useDefaultTextSize>False</useDefaultTextSize>
      <selectedIndex>-1</selectedIndex>
    </control>
    <control controlID="A47D54FA-6B52-4152-AE16-641E2BBDBBFC" controlTypeID="Button" x="1180" y="556" w="170" h="60" zOrder="62">
      <color>4284900966</color>
      <borderColor>4282598211</borderColor>
      <ShadowBlur>0</ShadowBlur>
      <font family="Bradley+Hand+ITC" displayName="Bradley+Hand+ITC_%26_Bold" postScript="" weightStyle="Bold" weight="700" isBold="True" isItalic="False" useDefaultFontFamily="False"/>
      <text>PRIKA%C5%BDI</text>
      <textColor>4286578432</textColor>
      <textSize>32</textSize>
      <lineSpacing>0</lineSpacing>
      <textStyles>[fsBold]</textStyles>
      <useDefaultTextSize>False</useDefaultTextSize>
      <selectedIndex>-1</selectedIndex>
      <radius>16</radius>
    </control>
    <control controlID="9872B157-D156-4617-A5E9-904157606F42" controlTypeID="Icon" x="1028" y="784" w="60" h="60" zOrder="63">
      <icon>
        <ID/>
        <iconFontName>jdIonicons</iconFontName>
        <iconCode>62367</iconCode>
      </icon>
      <URL>A80D6A7386217507CD46AA24148CB327.svg</URL>
    </control>
    <control controlID="688E13F2-BB64-46E7-B5B1-93FC908724DF" controlTypeID="Icon" x="1112" y="784" w="60" h="60" zOrder="64">
      <icon>
        <ID/>
        <iconFontName>jdIonicons</iconFontName>
        <iconCode>61767</iconCode>
      </icon>
      <URL>EE2FB2571F0389F770A92264D8E66DFA.svg</URL>
    </control>
    <control controlID="D28FF852-466E-403E-8674-FFEDE2558E9A" controlTypeID="Icon" x="1196" y="784" w="60" h="60" zOrder="65">
      <icon>
        <ID/>
        <iconFontName>jdFontAwesome</iconFontName>
        <iconCode>61948</iconCode>
      </icon>
      <URL>E86C54C882D78F9C0D69762891BF2E52.svg</URL>
    </control>
    <control controlID="A24ADC4F-93B8-4BC1-AA63-7618E4D1B744" controlTypeID="Image" x="0" y="0" w="1536" h="864" zOrder="66">
      <ShadowBlur>0</ShadowBlur>
      <URL>9353A407A077278C67C7F23C935D216B.png</URL>
    </control>
    <control controlID="C064DBE0-2EFC-4F3A-8552-672219763012" controlTypeID="HRule" x="0" y="84" w="1536" h="12" zOrder="67">
      <color>4281545523</color>
      <ShadowBlur>0</ShadowBlur>
    </control>
    <control controlID="F23F97C5-81C3-47F5-B746-BE3D38F1621D" controlTypeID="CompositeComboBox" x="717" y="24" w="200" h="32" zOrder="68">
      <borderColor>4286578432</borderColor>
      <ShadowBlur>0</ShadowBlur>
      <groupChildrenDescriptors>
        <control controlID="4F5C0460-F221-4971-82F3-DD16AA2F5C13" controlTypeID="TextInput" x="0" y="0" w="177" h="32" zOrder="0">
          <locked>True</locked>
          <borderColor>4286578432</borderColor>
          <canMove>False</canMove>
          <alias>input</alias>
          <ShadowBlur>0</ShadowBlur>
          <font family="Segoe+UI" displayName="Segoe+UI" postScript="" weightStyle="Regular" weight="400" isBold="False" isItalic="False" useDefaultFontFamily="False"/>
          <text>Stil</text>
          <lineSpacing>0</lineSpacing>
          <selectedIndex>-1</selectedIndex>
        </control>
        <control controlID="4A822442-C5C6-4D52-BD15-77DB2CCEDC94" controlTypeID="Button" x="176" y="0" w="24" h="32" zOrder="1">
          <locked>True</locked>
          <borderColor>4286578432</borderColor>
          <canMove>False</canMove>
          <alias>button</alias>
          <ShadowBlur>0</ShadowBlur>
          <font family="Segoe+UI" displayName="Segoe+UI" postScript="" weightStyle="Regular" weight="400" isBold="False" isItalic="False"/>
          <lineSpacing>0</lineSpacing>
          <selectedIndex>-1</selectedIndex>
          <radius>0</radius>
        </control>
        <control controlID="8B49966F-6194-43A8-8718-73607626747B" controlTypeID="List" x="0" y="32" w="200" h="130" zOrder="2">
          <isShow>False</isShow>
          <borderColor>4286578432</borderColor>
          <canMove>False</canMove>
          <alias>dropDown</alias>
          <ShadowBlur>0</ShadowBlur>
          <font family="Segoe+UI" displayName="Segoe+UI" postScript="" weightStyle="Regular" weight="400" isBold="False" isItalic="False" useDefaultFontFamily="False"/>
          <text>Stil%0D%0AKlasicizam%0D%0AKubizam%0D%0ABarok</text>
          <textSize>14</textSize>
          <lineSpacing>0</lineSpacing>
          <itemHeight>32</itemHeight>
          <interlaceColor>4294967295</interlaceColor>
        </control>
      </groupChildrenDescriptors>
      <canInput>True</canInput>
      <baseHeight>32</baseHeight>
      <font family="Segoe+UI"/>
      <textSize>14</textSize>
    </control>
    <control controlID="93665A53-1143-45BC-9E93-96D8A8D863B8" controlTypeID="Button" x="985" y="24" w="100" h="32" zOrder="69">
      <color>4281545523</color>
      <ShadowBlur>0</ShadowBlur>
      <font family="Bradley+Hand+ITC" displayName="Bradley+Hand+ITC_%26_Bold" postScript="" weightStyle="Bold" weight="700" isBold="True" isItalic="False" useDefaultFontFamily="False"/>
      <text>Pretra%C5%BEi</text>
      <textColor>4286578432</textColor>
      <textSize>24</textSize>
      <lineSpacing>0</lineSpacing>
      <textStyles>[fsBold]</textStyles>
      <useDefaultTextSize>False</useDefaultTextSize>
      <selectedIndex>-1</selectedIndex>
      <radius>100</radius>
      <radiusIsPercent>True</radiusIsPercent>
    </control>
    <control controlID="F521B82B-A0F4-447E-A440-58B54AAA7FA4" controlTypeID="TextInput" x="70" y="24" w="250" h="32" zOrder="70">
      <ShadowBlur>0</ShadowBlur>
      <font family="Bradley+Hand+ITC" displayName="Bradley+Hand+ITC" postScript="" weightStyle="Regular" weight="400" isBold="False" isItalic="False" useDefaultFontFamily="False"/>
      <textSize>20</textSize>
      <lineSpacing>0</lineSpacing>
      <useDefaultTextSize>False</useDefaultTextSize>
      <selectedIndex>-1</selectedIndex>
      <placeHolder>Slikar</placeHolder>
      <radius>16</radius>
    </control>
    <control controlID="5969C9C0-CD4D-4F99-BC50-56B93E805173" controlTypeID="TextInput" x="393" y="24" w="250" h="32" zOrder="71">
      <ShadowBlur>0</ShadowBlur>
      <font family="Bradley+Hand+ITC" displayName="Bradley+Hand+ITC" postScript="" weightStyle="Regular" weight="400" isBold="False" isItalic="False" useDefaultFontFamily="False"/>
      <text>Zivotinje</text>
      <textSize>20</textSize>
      <lineSpacing>0</lineSpacing>
      <useDefaultTextSize>False</useDefaultTextSize>
      <selectedIndex>-1</selectedIndex>
      <radius>16</radius>
    </control>
    <control controlID="63FEE374-1E03-4DD2-B525-650795389CA2" controlTypeID="Icon" x="1352" y="10" w="64" h="64" zOrder="72">
      <color>4281545523</color>
      <ShadowBlur>0</ShadowBlur>
      <links eventType="AtClick" animate="AmNone" animateAutoDelay="0" animateDuration="500">
        <link targetPageID="A8D85D53-56A9-41E5-AF5C-15DAF5E050EC" linkType="ltPageLink" isApplyIncludePage="False" title="Korpa">
          <area shape="0" alt="" ID="{080A8D63-3F8D-4E02-BCCC-EB5A62E62C24}" coords="(0,0,64,64)"/>
        </link>
      </links>
      <icon>
        <ID/>
        <iconFontName>jdIcoFont</iconFontName>
        <iconCode>59230</iconCode>
      </icon>
      <URL>1D76A1953ACB7053D75125F70C5D5E2C.svg</URL>
    </control>
    <control controlID="8F9B4618-A767-48A7-8A5A-6690DCC4E7D5" controlTypeID="ColorPicker" x="1452" y="10" w="64" h="64" zOrder="73">
      <color>4281545523</color>
      <ShadowBlur>0</ShadowBlur>
    </control>
    <control controlID="C3F8F93E-AEF5-4727-B694-33EB75A199C1" controlTypeID="Image" x="1460" y="14" w="48" h="55" zOrder="74">
      <ShadowBlur>0</ShadowBlur>
      <URL>82F81C14AEE290F8A65EB9D1267CFB47.jpg</URL>
    </control>
    <control controlID="D9BF375D-7192-4E16-BA27-C289D3740340" controlTypeID="Image" x="1381" y="760" w="135" h="84" zOrder="75">
      <ShadowBlur>0</ShadowBlur>
      <URL>553C79B8BB334A24B76BC57838CE7B5A.png</URL>
    </control>
    <control controlID="0710ABA4-CBA4-4743-B8F3-BC2236E5B8F0" controlTypeID="ImageCarousel" x="20" y="106" w="984" h="738" zOrder="76">
      <color>4284900966</color>
      <ShadowBlur>0</ShadowBlur>
      <groupChildrenDescriptors>
        <control controlID="18525590-BDBC-46E5-9341-3A3CDDFBE795" controlTypeID="ImageBackground" x="0" y="0" w="984" h="738" zOrder="0">
          <caption>Alexander+and+Diogenes</caption>
          <ShadowBlur>0</ShadowBlur>
          <groupChildrenDescriptors/>
          <URL>C60DDFBA67A314BB5833314FBACE3F4C.png</URL>
        </control>
        <control controlID="C26FD3AB-289A-48ED-9B57-7682429F97F0" controlTypeID="ImageBackground" x="0" y="0" w="984" h="738" zOrder="1">
          <caption>Doubtful+Crumbs</caption>
          <ShadowBlur>0</ShadowBlur>
          <groupChildrenDescriptors/>
          <URL>838F59539FF7A8648C1AD3D45024B70A.png</URL>
        </control>
        <control controlID="54884BE0-8666-41A4-904B-9CAD94C8EB20" controlTypeID="ImageBackground" x="0" y="0" w="984" h="738" zOrder="2">
          <caption>Monarch+of+the+Glen</caption>
          <ShadowBlur>0</ShadowBlur>
          <groupChildrenDescriptors/>
          <URL>F713F7F9372171F0466AF50A4574BEFC.png</URL>
        </control>
        <control controlID="EF3F2CBE-A8E5-423F-A998-BE9D14A311FD" controlTypeID="ImageBackground" x="0" y="0" w="984" h="738" zOrder="3">
          <caption>The+Arab+Tent</caption>
          <color>4284900966</color>
          <ShadowBlur>0</ShadowBlur>
          <groupChildrenDescriptors/>
          <URL>0D9D39D1FD335FDF2A2F70F4EDCBBE60.png</URL>
        </control>
      </groupChildrenDescriptors>
      <aniType>spaSlide</aniType>
      <isAutoPlay>False</isAutoPlay>
      <indicatorDirection>sidTop</indicatorDirection>
      <indicatorType>SiRectangle</indicatorType>
      <fitMode>fmStretchFit</fitMode>
    </control>
    <control controlID="F2E0B7E5-2131-4F00-B7F4-02BF385BAE07" controlTypeID="Label" x="1180" y="347" w="321" h="40" zOrder="77">
      <ShadowBlur>0</ShadowBlur>
      <font family="Bradley+Hand+ITC" displayName="Bradley+Hand+ITC" postScript="" weightStyle="Regular" weight="400" isBold="False" isItalic="False" useDefaultFontFamily="False"/>
      <text>Alexander+and+Diogenes</text>
      <textSize>32</textSize>
      <lineSpacing>0</lineSpacing>
      <useDefaultTextSize>False</useDefaultTextSize>
      <selectedIndex>-1</selectedIndex>
    </control>
    <control controlID="56B6FB21-8582-4658-B058-56DD09ACAB01" controlTypeID="Label" x="1062" y="347" w="83" h="40" zOrder="78">
      <ShadowBlur>0</ShadowBlur>
      <font family="Bradley+Hand+ITC" displayName="Bradley+Hand+ITC" postScript="" weightStyle="Regular" weight="400" isBold="False" isItalic="False" useDefaultFontFamily="False"/>
      <text>Slika%3A</text>
      <textSize>32</textSize>
      <lineSpacing>0</lineSpacing>
      <useDefaultTextSize>False</useDefaultTextSize>
      <selectedIndex>-1</selectedIndex>
    </control>
    <control controlID="D7DB9905-0C73-4D04-B37A-1832467B7E15" controlTypeID="Label" x="1069" y="200" w="392" h="50" zOrder="79">
      <ShadowBlur>0</ShadowBlur>
      <font family="Bradley+Hand+ITC" displayName="Bradley+Hand+ITC" postScript="" weightStyle="Regular" weight="400" isBold="False" isItalic="False" useDefaultFontFamily="False"/>
      <text>Edwin+Henry+Landseer</text>
      <textSize>40</textSize>
      <lineSpacing>0</lineSpacing>
      <useDefaultTextSize>False</useDefaultTextSize>
      <selectedIndex>-1</selectedIndex>
    </control>
    <control controlID="03DBA4B8-DA16-407B-A08A-7C62BA12E09E" controlTypeID="Label" x="1028" y="412" w="117" h="40" zOrder="80">
      <ShadowBlur>0</ShadowBlur>
      <font family="Bradley+Hand+ITC" displayName="Bradley+Hand+ITC" postScript="" weightStyle="Regular" weight="400" isBold="False" isItalic="False" useDefaultFontFamily="False"/>
      <text>Tehnika%3A</text>
      <textSize>32</textSize>
      <lineSpacing>0</lineSpacing>
      <useDefaultTextSize>False</useDefaultTextSize>
      <selectedIndex>-1</selectedIndex>
    </control>
    <control controlID="16498A71-D9EF-4206-A5E3-316A638C1457" controlTypeID="Label" x="1180" y="412" w="193" h="40" zOrder="81">
      <ShadowBlur>0</ShadowBlur>
      <font family="Bradley+Hand+ITC" displayName="Bradley+Hand+ITC" postScript="" weightStyle="Regular" weight="400" isBold="False" isItalic="False" useDefaultFontFamily="False"/>
      <text>Ulje+na+platnu</text>
      <textSize>32</textSize>
      <lineSpacing>0</lineSpacing>
      <useDefaultTextSize>False</useDefaultTextSize>
      <selectedIndex>-1</selectedIndex>
    </control>
    <control controlID="CECBA9B1-F25D-4201-ABA6-6E86B83C2604" controlTypeID="Label" x="1086" y="474" w="59" h="40" zOrder="82">
      <ShadowBlur>0</ShadowBlur>
      <font family="Bradley+Hand+ITC" displayName="Bradley+Hand+ITC" postScript="" weightStyle="Regular" weight="400" isBold="False" isItalic="False" useDefaultFontFamily="False"/>
      <text>Stil%3A</text>
      <textSize>32</textSize>
      <lineSpacing>0</lineSpacing>
      <useDefaultTextSize>False</useDefaultTextSize>
      <selectedIndex>-1</selectedIndex>
    </control>
    <control controlID="F2E04359-C021-49B0-BB65-9064152B2F0E" controlTypeID="Label" x="1180" y="474" w="181" h="40" zOrder="83">
      <ShadowBlur>0</ShadowBlur>
      <font family="Bradley+Hand+ITC" displayName="Bradley+Hand+ITC" postScript="" weightStyle="Regular" weight="400" isBold="False" isItalic="False" useDefaultFontFamily="False"/>
      <text>Romantizam</text>
      <textSize>32</textSize>
      <lineSpacing>0</lineSpacing>
      <useDefaultTextSize>False</useDefaultTextSize>
      <selectedIndex>-1</selectedIndex>
    </control>
    <control controlID="8ACB1E56-DDB7-432C-A17B-06881758B713" controlTypeID="Button" x="1180" y="556" w="170" h="60" zOrder="84">
      <color>4284900966</color>
      <borderColor>4282598211</borderColor>
      <ShadowBlur>0</ShadowBlur>
      <font family="Bradley+Hand+ITC" displayName="Bradley+Hand+ITC_%26_Bold" postScript="" weightStyle="Bold" weight="700" isBold="True" isItalic="False" useDefaultFontFamily="False"/>
      <text>PRIKA%C5%BDI</text>
      <textColor>4286578432</textColor>
      <textSize>32</textSize>
      <lineSpacing>0</lineSpacing>
      <textStyles>[fsBold]</textStyles>
      <useDefaultTextSize>False</useDefaultTextSize>
      <selectedIndex>-1</selectedIndex>
      <radius>16</radius>
    </control>
    <control controlID="F6F543E9-4DCD-45EA-BC81-E6487322BFB4" controlTypeID="Icon" x="1028" y="784" w="60" h="60" zOrder="85">
      <icon>
        <ID/>
        <iconFontName>jdIonicons</iconFontName>
        <iconCode>62367</iconCode>
      </icon>
      <URL>A80D6A7386217507CD46AA24148CB327.svg</URL>
    </control>
    <control controlID="66361832-0DD7-487A-B771-01C7F586464C" controlTypeID="Icon" x="1112" y="784" w="60" h="60" zOrder="86">
      <icon>
        <ID/>
        <iconFontName>jdIonicons</iconFontName>
        <iconCode>61767</iconCode>
      </icon>
      <URL>EE2FB2571F0389F770A92264D8E66DFA.svg</URL>
    </control>
    <control controlID="988E58BF-33CB-44CE-9040-F5C6253197BA" controlTypeID="Icon" x="1196" y="784" w="60" h="60" zOrder="87">
      <icon>
        <ID/>
        <iconFontName>jdFontAwesome</iconFontName>
        <iconCode>61948</iconCode>
      </icon>
      <URL>E86C54C882D78F9C0D69762891BF2E52.svg</URL>
    </control>
  </controls>
  <param>
    <backgroundColor>4284900966</backgroundColor>
    <fontSize>14</fontSize>
    <fontFamily>Segoe+UI</fontFamily>
    <guideLines/>
  </param>
</mockup>