﻿<mockup version="5.3" minAllowVersion="5.3" ID="741DF355-93B8-4323-A0A9-7656D11E2529" platform="MtWeb" defaultW="1536" defaultH="864" measureW="1536" measureH="864" mobileScreenScale="0">
  <controls controlCount="58">
    <control controlID="0660BF32-D2B9-43E3-BBC5-831F47782B96" controlTypeID="Image" x="0" y="0" w="1536" h="864" zOrder="0">
      <ShadowBlur>0</ShadowBlur>
      <URL>9353A407A077278C67C7F23C935D216B.png</URL>
    </control>
    <control controlID="D9BC5A29-4036-4086-9D29-BA8995C3CAC4" controlTypeID="HRule" x="0" y="84" w="1536" h="12" zOrder="1">
      <color>4281545523</color>
      <ShadowBlur>0</ShadowBlur>
    </control>
    <control controlID="5CF97531-D026-4E50-85A7-0DE7A6EBBFAF" controlTypeID="CompositeComboBox" x="717" y="24" w="200" h="32" zOrder="2">
      <borderColor>4286578432</borderColor>
      <ShadowBlur>0</ShadowBlur>
      <groupChildrenDescriptors>
        <control controlID="BCE80B79-FBEF-4060-BD4D-EA92CCA4CC20" controlTypeID="TextInput" x="0" y="0" w="177" h="32" zOrder="0">
          <locked>True</locked>
          <borderColor>4286578432</borderColor>
          <canMove>False</canMove>
          <alias>input</alias>
          <ShadowBlur>0</ShadowBlur>
          <font family="Segoe+UI" displayName="Segoe+UI" postScript="" weightStyle="Regular" weight="400" isBold="False" isItalic="False" useDefaultFontFamily="False"/>
          <text>Romantizam</text>
          <lineSpacing>0</lineSpacing>
          <selectedIndex>-1</selectedIndex>
        </control>
        <control controlID="51CA05CC-C5FA-4BAD-A4D3-F9DB68E9F382" controlTypeID="Button" x="176" y="0" w="24" h="32" zOrder="1">
          <locked>True</locked>
          <borderColor>4286578432</borderColor>
          <canMove>False</canMove>
          <alias>button</alias>
          <ShadowBlur>0</ShadowBlur>
          <font family="Segoe+UI" displayName="Segoe+UI" postScript="" weightStyle="Regular" weight="400" isBold="False" isItalic="False"/>
          <lineSpacing>0</lineSpacing>
          <selectedIndex>-1</selectedIndex>
          <radius>0</radius>
        </control>
        <control controlID="514A8444-F9C2-41A4-9C6C-AC6992644B47" controlTypeID="List" x="0" y="32" w="200" h="162" zOrder="2">
          <isShow>False</isShow>
          <borderColor>4286578432</borderColor>
          <canMove>False</canMove>
          <alias>dropDown</alias>
          <ShadowBlur>0</ShadowBlur>
          <font family="Segoe+UI" displayName="Segoe+UI" postScript="" weightStyle="Regular" weight="400" isBold="False" isItalic="False" useDefaultFontFamily="False"/>
          <text>Romantizam%0D%0AStil%0D%0AKlasicizam%0D%0AKubizam%0D%0ABarok</text>
          <textSize>14</textSize>
          <lineSpacing>0</lineSpacing>
          <itemHeight>32</itemHeight>
          <interlaceColor>4294967295</interlaceColor>
        </control>
      </groupChildrenDescriptors>
      <canInput>True</canInput>
      <baseHeight>32</baseHeight>
      <font family="Segoe+UI"/>
      <textSize>14</textSize>
    </control>
    <control controlID="BE7289C6-3CF3-44E5-A92B-15699113D71B" controlTypeID="Button" x="985" y="24" w="100" h="32" zOrder="3">
      <color>4281545523</color>
      <ShadowBlur>0</ShadowBlur>
      <font family="Bradley+Hand+ITC" displayName="Bradley+Hand+ITC_%26_Bold" postScript="" weightStyle="Bold" weight="700" isBold="True" isItalic="False" useDefaultFontFamily="False"/>
      <text>Pretra%C5%BEi</text>
      <textColor>4286578432</textColor>
      <textSize>24</textSize>
      <lineSpacing>0</lineSpacing>
      <textStyles>[fsBold]</textStyles>
      <useDefaultTextSize>False</useDefaultTextSize>
      <selectedIndex>-1</selectedIndex>
      <radius>100</radius>
      <radiusIsPercent>True</radiusIsPercent>
    </control>
    <control controlID="2DFFB827-A6DB-44A7-98BE-FA7E14DB567B" controlTypeID="TextInput" x="70" y="24" w="250" h="32" zOrder="4">
      <ShadowBlur>0</ShadowBlur>
      <font family="Bradley+Hand+ITC" displayName="Bradley+Hand+ITC" postScript="" weightStyle="Regular" weight="400" isBold="False" isItalic="False" useDefaultFontFamily="False"/>
      <textSize>20</textSize>
      <lineSpacing>0</lineSpacing>
      <useDefaultTextSize>False</useDefaultTextSize>
      <selectedIndex>-1</selectedIndex>
      <placeHolder>Slikar</placeHolder>
      <radius>16</radius>
    </control>
    <control controlID="5A2FB3E5-FDF1-41AA-B0B6-AE9AB3D86F80" controlTypeID="TextInput" x="393" y="24" w="250" h="32" zOrder="5">
      <ShadowBlur>0</ShadowBlur>
      <font family="Bradley+Hand+ITC" displayName="Bradley+Hand+ITC" postScript="" weightStyle="Regular" weight="400" isBold="False" isItalic="False" useDefaultFontFamily="False"/>
      <textSize>20</textSize>
      <lineSpacing>0</lineSpacing>
      <useDefaultTextSize>False</useDefaultTextSize>
      <selectedIndex>-1</selectedIndex>
      <placeHolder>Tematika</placeHolder>
      <radius>16</radius>
    </control>
    <control controlID="214657F1-6756-49CF-83C3-092AB994C049" controlTypeID="Icon" x="1352" y="10" w="64" h="64" zOrder="6">
      <color>4281545523</color>
      <ShadowBlur>0</ShadowBlur>
      <links eventType="AtClick" animate="AmNone" animateAutoDelay="0" animateDuration="500">
        <link targetPageID="A8D85D53-56A9-41E5-AF5C-15DAF5E050EC" linkType="ltPageLink" isApplyIncludePage="False" title="Korpa">
          <area shape="0" alt="" ID="{080A8D63-3F8D-4E02-BCCC-EB5A62E62C24}" coords="(0,0,64,64)"/>
        </link>
      </links>
      <icon>
        <ID/>
        <iconFontName>jdIcoFont</iconFontName>
        <iconCode>59230</iconCode>
      </icon>
      <URL>1D76A1953ACB7053D75125F70C5D5E2C.svg</URL>
    </control>
    <control controlID="F4F23B56-8BEE-4BBD-A42F-0A0B9C8CE534" controlTypeID="ColorPicker" x="1452" y="10" w="64" h="64" zOrder="7">
      <color>4281545523</color>
      <ShadowBlur>0</ShadowBlur>
    </control>
    <control controlID="DF61EE93-D1CD-4A34-BD02-F33551C49D5B" controlTypeID="Image" x="1460" y="14" w="48" h="55" zOrder="8">
      <ShadowBlur>0</ShadowBlur>
      <URL>82F81C14AEE290F8A65EB9D1267CFB47.jpg</URL>
    </control>
    <control controlID="86AA9E6B-BA17-4BEA-B0C7-74BFCE062E7A" controlTypeID="Image" x="1381" y="760" w="135" h="84" zOrder="9">
      <ShadowBlur>0</ShadowBlur>
      <URL>553C79B8BB334A24B76BC57838CE7B5A.png</URL>
    </control>
    <control controlID="A5616E77-E3BC-46C1-8C9D-1B62CA2641D3" controlTypeID="ImageCarousel" x="20" y="106" w="984" h="738" zOrder="10">
      <color>4284900966</color>
      <ShadowBlur>0</ShadowBlur>
      <groupChildrenDescriptors>
        <control controlID="F69304C0-5B8F-4BE0-BC61-5A7BAC340F9C" controlTypeID="ImageBackground" x="0" y="0" w="984" h="738" zOrder="0">
          <caption>Alexander+and+Diogenes</caption>
          <ShadowBlur>0</ShadowBlur>
          <groupChildrenDescriptors/>
          <URL>C60DDFBA67A314BB5833314FBACE3F4C.png</URL>
        </control>
        <control controlID="11DF4FD9-7AED-4EBF-ACFC-7F77BA9789BE" controlTypeID="ImageBackground" x="0" y="0" w="984" h="738" zOrder="1">
          <caption>Doubtful+Crumbs</caption>
          <ShadowBlur>0</ShadowBlur>
          <groupChildrenDescriptors/>
          <URL>838F59539FF7A8648C1AD3D45024B70A.png</URL>
        </control>
        <control controlID="2B54700E-EB12-4852-AFD7-C09C04F00E8B" controlTypeID="ImageBackground" x="0" y="0" w="984" h="738" zOrder="2">
          <caption>Monarch+of+the+Glen</caption>
          <ShadowBlur>0</ShadowBlur>
          <groupChildrenDescriptors/>
          <URL>F713F7F9372171F0466AF50A4574BEFC.png</URL>
        </control>
        <control controlID="7FB58B1A-9BC9-4167-BA76-9CD5D4826F56" controlTypeID="ImageBackground" x="0" y="0" w="984" h="738" zOrder="3">
          <caption>The+Arab+Tent</caption>
          <color>4284900966</color>
          <ShadowBlur>0</ShadowBlur>
          <groupChildrenDescriptors/>
          <URL>0D9D39D1FD335FDF2A2F70F4EDCBBE60.png</URL>
        </control>
      </groupChildrenDescriptors>
      <aniType>spaSlide</aniType>
      <isAutoPlay>False</isAutoPlay>
      <indicatorDirection>sidTop</indicatorDirection>
      <indicatorType>SiRectangle</indicatorType>
      <fitMode>fmStretchFit</fitMode>
    </control>
    <control controlID="08D8F021-8BBF-4465-ABA8-4ED6A808CDBF" controlTypeID="Label" x="1180" y="347" w="321" h="40" zOrder="11">
      <ShadowBlur>0</ShadowBlur>
      <font family="Bradley+Hand+ITC" displayName="Bradley+Hand+ITC" postScript="" weightStyle="Regular" weight="400" isBold="False" isItalic="False" useDefaultFontFamily="False"/>
      <text>Alexander+and+Diogenes</text>
      <textSize>32</textSize>
      <lineSpacing>0</lineSpacing>
      <useDefaultTextSize>False</useDefaultTextSize>
      <selectedIndex>-1</selectedIndex>
    </control>
    <control controlID="CE9E7B40-CDB6-41D9-817C-9C9947F98D25" controlTypeID="Label" x="1062" y="347" w="83" h="40" zOrder="12">
      <ShadowBlur>0</ShadowBlur>
      <font family="Bradley+Hand+ITC" displayName="Bradley+Hand+ITC" postScript="" weightStyle="Regular" weight="400" isBold="False" isItalic="False" useDefaultFontFamily="False"/>
      <text>Slika%3A</text>
      <textSize>32</textSize>
      <lineSpacing>0</lineSpacing>
      <useDefaultTextSize>False</useDefaultTextSize>
      <selectedIndex>-1</selectedIndex>
    </control>
    <control controlID="DB69A600-D220-435D-8FFD-8EB314F04FFD" controlTypeID="Label" x="1069" y="200" w="392" h="50" zOrder="13">
      <ShadowBlur>0</ShadowBlur>
      <font family="Bradley+Hand+ITC" displayName="Bradley+Hand+ITC" postScript="" weightStyle="Regular" weight="400" isBold="False" isItalic="False" useDefaultFontFamily="False"/>
      <text>Edwin+Henry+Landseer</text>
      <textSize>40</textSize>
      <lineSpacing>0</lineSpacing>
      <useDefaultTextSize>False</useDefaultTextSize>
      <selectedIndex>-1</selectedIndex>
    </control>
    <control controlID="535B50C2-1247-4836-8B4A-7C0CBFD686FD" controlTypeID="Label" x="1028" y="412" w="117" h="40" zOrder="14">
      <ShadowBlur>0</ShadowBlur>
      <font family="Bradley+Hand+ITC" displayName="Bradley+Hand+ITC" postScript="" weightStyle="Regular" weight="400" isBold="False" isItalic="False" useDefaultFontFamily="False"/>
      <text>Tehnika%3A</text>
      <textSize>32</textSize>
      <lineSpacing>0</lineSpacing>
      <useDefaultTextSize>False</useDefaultTextSize>
      <selectedIndex>-1</selectedIndex>
    </control>
    <control controlID="9125096B-E24F-46DA-8B17-A94085403313" controlTypeID="Label" x="1180" y="412" w="193" h="40" zOrder="15">
      <ShadowBlur>0</ShadowBlur>
      <font family="Bradley+Hand+ITC" displayName="Bradley+Hand+ITC" postScript="" weightStyle="Regular" weight="400" isBold="False" isItalic="False" useDefaultFontFamily="False"/>
      <text>Ulje+na+platnu</text>
      <textSize>32</textSize>
      <lineSpacing>0</lineSpacing>
      <useDefaultTextSize>False</useDefaultTextSize>
      <selectedIndex>-1</selectedIndex>
    </control>
    <control controlID="1B78AFA5-8442-4B4F-A7A8-F77878F782FC" controlTypeID="Label" x="1086" y="474" w="59" h="40" zOrder="16">
      <ShadowBlur>0</ShadowBlur>
      <font family="Bradley+Hand+ITC" displayName="Bradley+Hand+ITC" postScript="" weightStyle="Regular" weight="400" isBold="False" isItalic="False" useDefaultFontFamily="False"/>
      <text>Stil%3A</text>
      <textSize>32</textSize>
      <lineSpacing>0</lineSpacing>
      <useDefaultTextSize>False</useDefaultTextSize>
      <selectedIndex>-1</selectedIndex>
    </control>
    <control controlID="67AB15BC-88A5-4E87-9CD9-67CB1E9A5E60" controlTypeID="Label" x="1180" y="474" w="181" h="40" zOrder="17">
      <ShadowBlur>0</ShadowBlur>
      <font family="Bradley+Hand+ITC" displayName="Bradley+Hand+ITC" postScript="" weightStyle="Regular" weight="400" isBold="False" isItalic="False" useDefaultFontFamily="False"/>
      <text>Romantizam</text>
      <textSize>32</textSize>
      <lineSpacing>0</lineSpacing>
      <useDefaultTextSize>False</useDefaultTextSize>
      <selectedIndex>-1</selectedIndex>
    </control>
    <control controlID="7B5ADFA4-B21A-48BB-AE0D-AA705BC4348E" controlTypeID="Button" x="1180" y="556" w="170" h="60" zOrder="18">
      <color>4284900966</color>
      <borderColor>4282598211</borderColor>
      <ShadowBlur>0</ShadowBlur>
      <font family="Bradley+Hand+ITC" displayName="Bradley+Hand+ITC_%26_Bold" postScript="" weightStyle="Bold" weight="700" isBold="True" isItalic="False" useDefaultFontFamily="False"/>
      <text>PRIKA%C5%BDI</text>
      <textColor>4286578432</textColor>
      <textSize>32</textSize>
      <lineSpacing>0</lineSpacing>
      <textStyles>[fsBold]</textStyles>
      <useDefaultTextSize>False</useDefaultTextSize>
      <selectedIndex>-1</selectedIndex>
      <radius>16</radius>
    </control>
    <control controlID="5F9AFAA8-AB8C-415E-8988-3B90F15336AD" controlTypeID="Icon" x="1028" y="784" w="60" h="60" zOrder="19">
      <icon>
        <ID/>
        <iconFontName>jdIonicons</iconFontName>
        <iconCode>62367</iconCode>
      </icon>
      <URL>A80D6A7386217507CD46AA24148CB327.svg</URL>
    </control>
    <control controlID="B5402C18-6683-421D-BF80-FE718C73A383" controlTypeID="Icon" x="1112" y="784" w="60" h="60" zOrder="20">
      <icon>
        <ID/>
        <iconFontName>jdIonicons</iconFontName>
        <iconCode>61767</iconCode>
      </icon>
      <URL>EE2FB2571F0389F770A92264D8E66DFA.svg</URL>
    </control>
    <control controlID="E4D28DF6-7069-4CA3-A9CB-BD5E7A9F41BA" controlTypeID="Icon" x="1196" y="784" w="60" h="60" zOrder="21">
      <icon>
        <ID/>
        <iconFontName>jdFontAwesome</iconFontName>
        <iconCode>61948</iconCode>
      </icon>
      <URL>E86C54C882D78F9C0D69762891BF2E52.svg</URL>
    </control>
    <control controlID="3342131D-8F7A-46E4-B19C-36578917D668" controlTypeID="Image" x="0" y="0" w="1536" h="864" zOrder="22">
      <ShadowBlur>0</ShadowBlur>
      <URL>9353A407A077278C67C7F23C935D216B.png</URL>
    </control>
    <control controlID="508ABAD4-307B-4C73-845B-A5A36399EED1" controlTypeID="HRule" x="0" y="84" w="1536" h="12" zOrder="23">
      <color>4281545523</color>
      <ShadowBlur>0</ShadowBlur>
    </control>
    <control controlID="327B7AD0-DBCA-449E-95C7-DDC507A53314" controlTypeID="CompositeComboBox" x="717" y="24" w="200" h="32" zOrder="24">
      <borderColor>4286578432</borderColor>
      <ShadowBlur>0</ShadowBlur>
      <groupChildrenDescriptors>
        <control controlID="F0E39312-DF68-46AA-AB8D-C1A3946B9502" controlTypeID="TextInput" x="0" y="0" w="177" h="32" zOrder="0">
          <locked>True</locked>
          <borderColor>4286578432</borderColor>
          <canMove>False</canMove>
          <alias>input</alias>
          <ShadowBlur>0</ShadowBlur>
          <font family="Segoe+UI" displayName="Segoe+UI" postScript="" weightStyle="Regular" weight="400" isBold="False" isItalic="False" useDefaultFontFamily="False"/>
          <text>Romantizam</text>
          <lineSpacing>0</lineSpacing>
          <selectedIndex>-1</selectedIndex>
        </control>
        <control controlID="6B245E56-0750-42E7-9F2A-01D62245CCD1" controlTypeID="Button" x="176" y="0" w="24" h="32" zOrder="1">
          <locked>True</locked>
          <borderColor>4286578432</borderColor>
          <canMove>False</canMove>
          <alias>button</alias>
          <ShadowBlur>0</ShadowBlur>
          <font family="Segoe+UI" displayName="Segoe+UI" postScript="" weightStyle="Regular" weight="400" isBold="False" isItalic="False"/>
          <lineSpacing>0</lineSpacing>
          <selectedIndex>-1</selectedIndex>
          <radius>0</radius>
        </control>
        <control controlID="5A6DB76B-1373-4917-83B5-D9939FD520CE" controlTypeID="List" x="0" y="32" w="200" h="162" zOrder="2">
          <isShow>False</isShow>
          <borderColor>4286578432</borderColor>
          <canMove>False</canMove>
          <alias>dropDown</alias>
          <ShadowBlur>0</ShadowBlur>
          <font family="Segoe+UI" displayName="Segoe+UI" postScript="" weightStyle="Regular" weight="400" isBold="False" isItalic="False" useDefaultFontFamily="False"/>
          <text>Romantizam%0D%0AStil%0D%0AKlasicizam%0D%0AKubizam%0D%0ABarok</text>
          <textSize>14</textSize>
          <lineSpacing>0</lineSpacing>
          <itemHeight>32</itemHeight>
          <interlaceColor>4294967295</interlaceColor>
        </control>
      </groupChildrenDescriptors>
      <canInput>True</canInput>
      <baseHeight>32</baseHeight>
      <font family="Segoe+UI"/>
      <textSize>14</textSize>
    </control>
    <control controlID="E62D1AF5-E69C-4739-8F84-A00DFF97F60C" controlTypeID="Button" x="985" y="24" w="100" h="32" zOrder="25">
      <color>4281545523</color>
      <ShadowBlur>0</ShadowBlur>
      <font family="Bradley+Hand+ITC" displayName="Bradley+Hand+ITC_%26_Bold" postScript="" weightStyle="Bold" weight="700" isBold="True" isItalic="False" useDefaultFontFamily="False"/>
      <text>Pretra%C5%BEi</text>
      <textColor>4286578432</textColor>
      <textSize>24</textSize>
      <lineSpacing>0</lineSpacing>
      <textStyles>[fsBold]</textStyles>
      <useDefaultTextSize>False</useDefaultTextSize>
      <selectedIndex>-1</selectedIndex>
      <radius>100</radius>
      <radiusIsPercent>True</radiusIsPercent>
    </control>
    <control controlID="B14A4ACE-683A-4DE2-B201-6B88314FCBA8" controlTypeID="TextInput" x="70" y="24" w="250" h="32" zOrder="26">
      <ShadowBlur>0</ShadowBlur>
      <font family="Bradley+Hand+ITC" displayName="Bradley+Hand+ITC" postScript="" weightStyle="Regular" weight="400" isBold="False" isItalic="False" useDefaultFontFamily="False"/>
      <textSize>20</textSize>
      <lineSpacing>0</lineSpacing>
      <useDefaultTextSize>False</useDefaultTextSize>
      <selectedIndex>-1</selectedIndex>
      <placeHolder>Slikar</placeHolder>
      <radius>16</radius>
    </control>
    <control controlID="A2DDC9EA-6E90-4C01-8A45-DA055006B0FB" controlTypeID="TextInput" x="393" y="24" w="250" h="32" zOrder="27">
      <ShadowBlur>0</ShadowBlur>
      <font family="Bradley+Hand+ITC" displayName="Bradley+Hand+ITC" postScript="" weightStyle="Regular" weight="400" isBold="False" isItalic="False" useDefaultFontFamily="False"/>
      <textSize>20</textSize>
      <lineSpacing>0</lineSpacing>
      <useDefaultTextSize>False</useDefaultTextSize>
      <selectedIndex>-1</selectedIndex>
      <placeHolder>Tematika</placeHolder>
      <radius>16</radius>
    </control>
    <control controlID="40889BA7-B7CA-45C1-8069-A4079CE61C2D" controlTypeID="Icon" x="1352" y="10" w="64" h="64" zOrder="28">
      <color>4281545523</color>
      <ShadowBlur>0</ShadowBlur>
      <links eventType="AtClick" animate="AmNone" animateAutoDelay="0" animateDuration="500">
        <link targetPageID="A8D85D53-56A9-41E5-AF5C-15DAF5E050EC" linkType="ltPageLink" isApplyIncludePage="False" title="Korpa">
          <area shape="0" alt="" ID="{080A8D63-3F8D-4E02-BCCC-EB5A62E62C24}" coords="(0,0,64,64)"/>
        </link>
      </links>
      <icon>
        <ID/>
        <iconFontName>jdIcoFont</iconFontName>
        <iconCode>59230</iconCode>
      </icon>
      <URL>1D76A1953ACB7053D75125F70C5D5E2C.svg</URL>
    </control>
    <control controlID="6DA0BF91-18FA-4B8A-A235-9F04E37921B3" controlTypeID="ColorPicker" x="1452" y="10" w="64" h="64" zOrder="29">
      <color>4281545523</color>
      <ShadowBlur>0</ShadowBlur>
    </control>
    <control controlID="D6B03BB0-584B-430E-AA81-418354EA99F3" controlTypeID="Image" x="1460" y="14" w="48" h="55" zOrder="30">
      <ShadowBlur>0</ShadowBlur>
      <URL>82F81C14AEE290F8A65EB9D1267CFB47.jpg</URL>
    </control>
    <control controlID="85A3CA1E-1986-4548-B7BE-3C1572C5049A" controlTypeID="Image" x="1381" y="760" w="135" h="84" zOrder="31">
      <ShadowBlur>0</ShadowBlur>
      <URL>553C79B8BB334A24B76BC57838CE7B5A.png</URL>
    </control>
    <control controlID="469753FD-92FE-440B-A564-FA8D316EEFD1" controlTypeID="ImageCarousel" x="20" y="106" w="984" h="738" zOrder="32">
      <color>4284900966</color>
      <ShadowBlur>0</ShadowBlur>
      <groupChildrenDescriptors>
        <control controlID="D51889BC-0810-459E-929B-BBE3B0ADEB65" controlTypeID="ImageBackground" x="0" y="0" w="984" h="738" zOrder="0">
          <caption>Alexander+and+Diogenes</caption>
          <ShadowBlur>0</ShadowBlur>
          <groupChildrenDescriptors/>
          <URL>C60DDFBA67A314BB5833314FBACE3F4C.png</URL>
        </control>
        <control controlID="18F42622-48FF-4101-85B5-A2B167D35AB3" controlTypeID="ImageBackground" x="0" y="0" w="984" h="738" zOrder="1">
          <caption>Doubtful+Crumbs</caption>
          <ShadowBlur>0</ShadowBlur>
          <groupChildrenDescriptors/>
          <URL>838F59539FF7A8648C1AD3D45024B70A.png</URL>
        </control>
        <control controlID="2747C227-4EE7-44EA-84DB-900E0002E756" controlTypeID="ImageBackground" x="0" y="0" w="984" h="738" zOrder="2">
          <caption>Monarch+of+the+Glen</caption>
          <ShadowBlur>0</ShadowBlur>
          <groupChildrenDescriptors/>
          <URL>F713F7F9372171F0466AF50A4574BEFC.png</URL>
        </control>
        <control controlID="0AB5AF3B-0DF4-4FD6-81AC-A744086C1631" controlTypeID="ImageBackground" x="0" y="0" w="984" h="738" zOrder="3">
          <caption>The+Arab+Tent</caption>
          <color>4284900966</color>
          <ShadowBlur>0</ShadowBlur>
          <groupChildrenDescriptors/>
          <URL>0D9D39D1FD335FDF2A2F70F4EDCBBE60.png</URL>
        </control>
      </groupChildrenDescriptors>
      <aniType>spaSlide</aniType>
      <isAutoPlay>False</isAutoPlay>
      <indicatorDirection>sidTop</indicatorDirection>
      <indicatorType>SiRectangle</indicatorType>
      <fitMode>fmStretchFit</fitMode>
    </control>
    <control controlID="2388291F-D463-4576-918C-D44A97B941E1" controlTypeID="Label" x="1180" y="347" w="321" h="40" zOrder="33">
      <ShadowBlur>0</ShadowBlur>
      <font family="Bradley+Hand+ITC" displayName="Bradley+Hand+ITC" postScript="" weightStyle="Regular" weight="400" isBold="False" isItalic="False" useDefaultFontFamily="False"/>
      <text>Alexander+and+Diogenes</text>
      <textSize>32</textSize>
      <lineSpacing>0</lineSpacing>
      <useDefaultTextSize>False</useDefaultTextSize>
      <selectedIndex>-1</selectedIndex>
    </control>
    <control controlID="F6421FAB-5797-460F-9A8D-8E72442BBE4F" controlTypeID="Label" x="1062" y="347" w="83" h="40" zOrder="34">
      <ShadowBlur>0</ShadowBlur>
      <font family="Bradley+Hand+ITC" displayName="Bradley+Hand+ITC" postScript="" weightStyle="Regular" weight="400" isBold="False" isItalic="False" useDefaultFontFamily="False"/>
      <text>Slika%3A</text>
      <textSize>32</textSize>
      <lineSpacing>0</lineSpacing>
      <useDefaultTextSize>False</useDefaultTextSize>
      <selectedIndex>-1</selectedIndex>
    </control>
    <control controlID="A0AF4C2B-DCCA-45FB-BA7D-36B4F45B35FC" controlTypeID="Label" x="1069" y="200" w="392" h="50" zOrder="35">
      <ShadowBlur>0</ShadowBlur>
      <font family="Bradley+Hand+ITC" displayName="Bradley+Hand+ITC" postScript="" weightStyle="Regular" weight="400" isBold="False" isItalic="False" useDefaultFontFamily="False"/>
      <text>Edwin+Henry+Landseer</text>
      <textSize>40</textSize>
      <lineSpacing>0</lineSpacing>
      <useDefaultTextSize>False</useDefaultTextSize>
      <selectedIndex>-1</selectedIndex>
    </control>
    <control controlID="26D084E5-1A8C-4D7C-B5B5-F589E573DF95" controlTypeID="Label" x="1028" y="412" w="117" h="40" zOrder="36">
      <ShadowBlur>0</ShadowBlur>
      <font family="Bradley+Hand+ITC" displayName="Bradley+Hand+ITC" postScript="" weightStyle="Regular" weight="400" isBold="False" isItalic="False" useDefaultFontFamily="False"/>
      <text>Tehnika%3A</text>
      <textSize>32</textSize>
      <lineSpacing>0</lineSpacing>
      <useDefaultTextSize>False</useDefaultTextSize>
      <selectedIndex>-1</selectedIndex>
    </control>
    <control controlID="949B13D8-80BA-4EF8-BFE2-FDC8DA9E8C80" controlTypeID="Label" x="1180" y="412" w="193" h="40" zOrder="37">
      <ShadowBlur>0</ShadowBlur>
      <font family="Bradley+Hand+ITC" displayName="Bradley+Hand+ITC" postScript="" weightStyle="Regular" weight="400" isBold="False" isItalic="False" useDefaultFontFamily="False"/>
      <text>Ulje+na+platnu</text>
      <textSize>32</textSize>
      <lineSpacing>0</lineSpacing>
      <useDefaultTextSize>False</useDefaultTextSize>
      <selectedIndex>-1</selectedIndex>
    </control>
    <control controlID="DB41CE61-B0B4-497D-9855-C4AADF289FF1" controlTypeID="Label" x="1086" y="474" w="59" h="40" zOrder="38">
      <ShadowBlur>0</ShadowBlur>
      <font family="Bradley+Hand+ITC" displayName="Bradley+Hand+ITC" postScript="" weightStyle="Regular" weight="400" isBold="False" isItalic="False" useDefaultFontFamily="False"/>
      <text>Stil%3A</text>
      <textSize>32</textSize>
      <lineSpacing>0</lineSpacing>
      <useDefaultTextSize>False</useDefaultTextSize>
      <selectedIndex>-1</selectedIndex>
    </control>
    <control controlID="6E57AFDB-7C60-4BD9-8D83-8808B8975B38" controlTypeID="Label" x="1180" y="474" w="181" h="40" zOrder="39">
      <ShadowBlur>0</ShadowBlur>
      <font family="Bradley+Hand+ITC" displayName="Bradley+Hand+ITC" postScript="" weightStyle="Regular" weight="400" isBold="False" isItalic="False" useDefaultFontFamily="False"/>
      <text>Romantizam</text>
      <textSize>32</textSize>
      <lineSpacing>0</lineSpacing>
      <useDefaultTextSize>False</useDefaultTextSize>
      <selectedIndex>-1</selectedIndex>
    </control>
    <control controlID="4AA39D04-9CC8-411B-AB36-18955A306912" controlTypeID="Button" x="1180" y="556" w="170" h="60" zOrder="40">
      <color>4284900966</color>
      <borderColor>4282598211</borderColor>
      <ShadowBlur>0</ShadowBlur>
      <font family="Bradley+Hand+ITC" displayName="Bradley+Hand+ITC_%26_Bold" postScript="" weightStyle="Bold" weight="700" isBold="True" isItalic="False" useDefaultFontFamily="False"/>
      <text>PRIKA%C5%BDI</text>
      <textColor>4286578432</textColor>
      <textSize>32</textSize>
      <lineSpacing>0</lineSpacing>
      <textStyles>[fsBold]</textStyles>
      <useDefaultTextSize>False</useDefaultTextSize>
      <selectedIndex>-1</selectedIndex>
      <radius>16</radius>
    </control>
    <control controlID="B5809E2F-FC5E-49E2-A63C-535D18E6F139" controlTypeID="Icon" x="1028" y="784" w="60" h="60" zOrder="41">
      <icon>
        <ID/>
        <iconFontName>jdIonicons</iconFontName>
        <iconCode>62367</iconCode>
      </icon>
      <URL>A80D6A7386217507CD46AA24148CB327.svg</URL>
    </control>
    <control controlID="922D31AC-59E4-4B27-8CAE-17426874D623" controlTypeID="Icon" x="1112" y="784" w="60" h="60" zOrder="42">
      <icon>
        <ID/>
        <iconFontName>jdIonicons</iconFontName>
        <iconCode>61767</iconCode>
      </icon>
      <URL>EE2FB2571F0389F770A92264D8E66DFA.svg</URL>
    </control>
    <control controlID="90624627-08D1-4F00-9957-59C22BD074A7" controlTypeID="Icon" x="1196" y="784" w="60" h="60" zOrder="43">
      <icon>
        <ID/>
        <iconFontName>jdFontAwesome</iconFontName>
        <iconCode>61948</iconCode>
      </icon>
      <URL>E86C54C882D78F9C0D69762891BF2E52.svg</URL>
    </control>
  </controls>
  <param>
    <backgroundColor>4284900966</backgroundColor>
    <fontSize>14</fontSize>
    <fontFamily>Segoe+UI</fontFamily>
    <guideLines/>
  </param>
</mockup>