﻿<mockup version="5.3" minAllowVersion="5.3" ID="902BD651-6353-4494-A3C9-DF8EBA44DD16" platform="MtWeb" defaultW="1536" defaultH="864" measureW="1536" measureH="864" mobileScreenScale="0">
  <controls controlCount="18">
    <control controlID="D42F6C5A-3F45-4017-A5BA-B2C8A39F9503" controlTypeID="Image" x="0" y="0" w="1536" h="864" zOrder="0">
      <ShadowBlur>0</ShadowBlur>
      <URL>9353A407A077278C67C7F23C935D216B.png</URL>
    </control>
    <control controlID="3C6DC5B1-DD98-4AE5-B91E-B59044F884CE" controlTypeID="TextInput" x="760" y="337" w="354" h="38" zOrder="1">
      <ShadowBlur>0</ShadowBlur>
      <font family="Bradley+Hand+ITC" displayName="Bradley+Hand+ITC" postScript="" weightStyle="Regular" weight="400" isBold="False" isItalic="False" useDefaultFontFamily="False"/>
      <textSize>20</textSize>
      <lineSpacing>0</lineSpacing>
      <useDefaultTextSize>False</useDefaultTextSize>
      <selectedIndex>-1</selectedIndex>
      <inputModel>emPassword</inputModel>
      <radius>16</radius>
    </control>
    <control controlID="BCC161A7-89AE-4DDD-AA38-A923E7B5E0B3" controlTypeID="Label" x="412" y="337" w="289" h="38" zOrder="2">
      <ShadowBlur>0</ShadowBlur>
      <font family="Bradley+Hand+ITC" displayName="Bradley+Hand+ITC_%26_Bold" postScript="" weightStyle="Bold" weight="700" isBold="True" isItalic="False" useDefaultFontFamily="False"/>
      <text>Unesite+novu+lozinku%3A</text>
      <textSize>30</textSize>
      <lineSpacing>0</lineSpacing>
      <textStyles>[fsBold]</textStyles>
      <useDefaultTextSize>False</useDefaultTextSize>
      <selectedIndex>-1</selectedIndex>
    </control>
    <control controlID="1431DDD6-CC30-4EFD-B7EF-0BBC454C089A" controlTypeID="Button" x="654" y="593" w="228" h="60" zOrder="3">
      <color>4286578432</color>
      <borderVisible>False</borderVisible>
      <ShadowBlur>0</ShadowBlur>
      <interactiveData>
        <entry title="">
          <area shape="0" alt="" ID="{0BFF71BE-D3A5-49BE-AB19-33E912E581F5}" coords="(0,0,228,60)"/>
          <events title="">
            <event eventType="atClick" isChecked="True">
              <behaviour title="" isChecked="True" isWait="False" isLoop="False" execMode="emParallel">
                <target targetID="F7669D02-D745-4975-8A7A-96DC8C76D8DF" isChecked="True" isAutoRecovery="False" isLoop="False" execMode="emSequence">
                  <command name="Popup State Change" isChecked="True" descrition="">
                    <param name="AniInterpolation" value="0" varType="3" description=""/>
                    <param name="AniDuration" value="200" varType="3" description=""/>
                    <param name="AniAutoReverse" value="False" varType="11" description=""/>
                    <param name="AniLoop" value="False" varType="11" description=""/>
                    <param name="AniInterpolationTypeOut" value="False" varType="11" description=""/>
                    <param name="Delay" value="0" varType="3" description=""/>
                    <param name="Value" value="2" varType="3" description=""/>
                    <param name="AniType" value="0" varType="3" description=""/>
                  </command>
                </target>
              </behaviour>
            </event>
          </events>
        </entry>
      </interactiveData>
      <font family="Bradley+Hand+ITC" displayName="Bradley+Hand+ITC_%26_Bold" postScript="" weightStyle="Bold" weight="700" isBold="True" isItalic="False" useDefaultFontFamily="False"/>
      <text>Promeni+lozinku</text>
      <textSize>28</textSize>
      <lineSpacing>0</lineSpacing>
      <textStyles>[fsBold]</textStyles>
      <useDefaultTextSize>False</useDefaultTextSize>
      <selectedIndex>-1</selectedIndex>
      <radius>100</radius>
      <radiusIsPercent>True</radiusIsPercent>
    </control>
    <control controlID="016EF190-31DB-4659-BCBD-3273F5935262" controlTypeID="HRule" x="0" y="84" w="1536" h="12" zOrder="4">
      <color>4281545523</color>
      <ShadowBlur>0</ShadowBlur>
    </control>
    <control controlID="128E3359-5138-450C-ACC8-54B515965E2A" controlTypeID="Image" x="1381" y="760" w="135" h="84" zOrder="5">
      <ShadowBlur>0</ShadowBlur>
      <URL>553C79B8BB334A24B76BC57838CE7B5A.png</URL>
    </control>
    <control controlID="8A3AF010-376A-4C03-B6D1-B7C350911A82" controlTypeID="TextInput" x="760" y="429" w="354" h="38" zOrder="6">
      <ShadowBlur>0</ShadowBlur>
      <font family="Bradley+Hand+ITC" displayName="Bradley+Hand+ITC" postScript="" weightStyle="Regular" weight="400" isBold="False" isItalic="False" useDefaultFontFamily="False"/>
      <textSize>20</textSize>
      <lineSpacing>0</lineSpacing>
      <useDefaultTextSize>False</useDefaultTextSize>
      <selectedIndex>-1</selectedIndex>
      <inputModel>emPassword</inputModel>
      <radius>16</radius>
    </control>
    <control controlID="751E1B69-7228-4CAD-BC63-62C99CAB3B9A" controlTypeID="Label" x="412" y="429" w="299" h="38" zOrder="7">
      <ShadowBlur>0</ShadowBlur>
      <font family="Bradley+Hand+ITC" displayName="Bradley+Hand+ITC_%26_Bold" postScript="" weightStyle="Bold" weight="700" isBold="True" isItalic="False" useDefaultFontFamily="False"/>
      <text>Ponovite+novu+lozinku%3A</text>
      <textSize>30</textSize>
      <lineSpacing>0</lineSpacing>
      <textStyles>[fsBold]</textStyles>
      <useDefaultTextSize>False</useDefaultTextSize>
      <selectedIndex>-1</selectedIndex>
    </control>
    <control controlID="250C7019-23A8-4163-ABDF-2006779E9407" controlTypeID="TextInput" x="760" y="243" w="354" h="38" zOrder="8">
      <ShadowBlur>0</ShadowBlur>
      <font family="Bradley+Hand+ITC" displayName="Bradley+Hand+ITC" postScript="" weightStyle="Regular" weight="400" isBold="False" isItalic="False" useDefaultFontFamily="False"/>
      <textSize>20</textSize>
      <lineSpacing>0</lineSpacing>
      <useDefaultTextSize>False</useDefaultTextSize>
      <selectedIndex>-1</selectedIndex>
      <inputModel>emPassword</inputModel>
      <radius>16</radius>
    </control>
    <control controlID="30CC522B-61E7-4320-A41C-A2C8284C137B" controlTypeID="Label" x="412" y="243" w="294" h="38" zOrder="9">
      <ShadowBlur>0</ShadowBlur>
      <font family="Bradley+Hand+ITC" displayName="Bradley+Hand+ITC_%26_Bold" postScript="" weightStyle="Bold" weight="700" isBold="True" isItalic="False" useDefaultFontFamily="False"/>
      <text>Unesite+staru+lozinku%3A</text>
      <textSize>30</textSize>
      <lineSpacing>0</lineSpacing>
      <textStyles>[fsBold]</textStyles>
      <useDefaultTextSize>False</useDefaultTextSize>
      <selectedIndex>-1</selectedIndex>
    </control>
    <control controlID="C8DD707C-81F3-4769-8203-F0343B7A11A4" controlTypeID="ColorPicker" x="1452" y="10" w="64" h="64" zOrder="10">
      <color>4281545523</color>
      <ShadowBlur>0</ShadowBlur>
    </control>
    <control controlID="3D816DA7-E234-4E7E-89C4-03EAC6E429F3" controlTypeID="Image" x="1460" y="14" w="48" h="55" zOrder="11">
      <ShadowBlur>0</ShadowBlur>
      <links eventType="AtClick" animate="AmNone" animateAutoDelay="0" animateDuration="500">
        <link targetPageID="94C2C370-F2BB-4CD2-8734-AEC9E0486530" linkType="ltPageLink" isApplyIncludePage="False" title="Informacije+o+nalogu">
          <area shape="0" alt="" ID="{5F4A0A2B-B0FD-48C9-837D-E10A0C1B32DC}" coords="(0,0,48,55)"/>
        </link>
      </links>
      <URL>82F81C14AEE290F8A65EB9D1267CFB47.jpg</URL>
    </control>
    <control controlID="BBFD767C-E753-4575-94E0-12E04434F747" controlTypeID="Button" x="632" y="703" w="273" h="57" zOrder="12">
      <color>4286578432</color>
      <ShadowBlur>0</ShadowBlur>
      <links eventType="AtClick" animate="AmNone" animateAutoDelay="0" animateDuration="500">
        <link targetPageID="94C2C370-F2BB-4CD2-8734-AEC9E0486530" linkType="ltPageLink" isApplyIncludePage="False" title="Informacije+o+nalogu_kupac+tasha">
          <area shape="0" alt="" ID="{486BE317-C765-40D9-8A0C-9C69AE274832}" coords="(0,0,273,57)"/>
        </link>
      </links>
      <font family="Bradley+Hand+ITC" displayName="Bradley+Hand+ITC_%26_Bold" postScript="" weightStyle="Bold" weight="700" isBold="True" isItalic="False" useDefaultFontFamily="False"/>
      <text>Povratak+na+profil</text>
      <textSize>30</textSize>
      <lineSpacing>0</lineSpacing>
      <textStyles>[fsBold]</textStyles>
      <useDefaultTextSize>False</useDefaultTextSize>
      <selectedIndex>-1</selectedIndex>
      <radius>24</radius>
    </control>
    <control controlID="F7669D02-D745-4975-8A7A-96DC8C76D8DF" controlTypeID="PopupPanel" x="1270" y="733" w="46" h="46" zOrder="13">
      <ShadowBlur>0</ShadowBlur>
      <groupChildrenDescriptors>
        <control controlID="77EBB80B-CDBC-481C-A0DE-259F88B193F9" controlTypeID="Panel" x="0" y="0" w="1536" h="864" zOrder="0">
          <locked>True</locked>
          <color>1879048192</color>
          <borderVisible>False</borderVisible>
          <canMove>False</canMove>
          <alias>background</alias>
          <ShadowBlur>0</ShadowBlur>
          <groupChildrenDescriptors>
            <control controlID="2711B05B-6D3C-447A-8AA8-4AC2731CBC0F" controlTypeID="Border" x="0" y="0" w="1536" h="864" zOrder="0">
              <borderVisible>False</borderVisible>
              <alias>borderLayer</alias>
              <ShadowBlur>0</ShadowBlur>
            </control>
          </groupChildrenDescriptors>
          <thinkness>1</thinkness>
        </control>
        <control controlID="026A24AA-13A2-4B6B-A722-0E59A46E0ED3" controlTypeID="PopupPanelContent" x="448" y="366" w="640" h="194" zOrder="1">
          <color>16777215</color>
          <alias>content</alias>
          <ShadowBlur>0</ShadowBlur>
          <groupChildrenDescriptors>
            <control controlID="8FE71251-6C55-40F8-9067-354A57A5D8D6" controlTypeID="TextArea" x="0" y="0" w="640" h="194" zOrder="0">
              <color>4284900966</color>
              <borderColor>4286578432</borderColor>
              <borderVisible>True</borderVisible>
              <ShadowBlur>0</ShadowBlur>
              <links eventType="AtClick" animate="AmNone" animateAutoDelay="0" animateDuration="500">
                <link targetPageID="94C2C370-F2BB-4CD2-8734-AEC9E0486530" linkType="ltPageLink" isApplyIncludePage="False" title="Informacije+o+nalogu_kupac">
                  <area shape="0" alt="" ID="{7E7C10BD-58B6-41BE-8E50-2A9013557F90}" coords="(0,0,640,194)"/>
                </link>
              </links>
              <font family="Bradley+Hand+ITC" displayName="Bradley+Hand+ITC_%26_Bold" postScript="" weightStyle="Bold" weight="700" isBold="True" isItalic="False" useDefaultFontFamily="False"/>
              <text>Lozinka+uspe%C5%A1no+promenjena</text>
              <textColor>4286578432</textColor>
              <textSize>55</textSize>
              <textAlign>HaCenter</textAlign>
              <textVAlign>VaMiddle</textVAlign>
              <textStyles>[fsBold]</textStyles>
              <useDefaultTextSize>False</useDefaultTextSize>
              <selectedIndex>-1</selectedIndex>
            </control>
          </groupChildrenDescriptors>
        </control>
      </groupChildrenDescriptors>
      <closeByClickMode>cmClickAllArea</closeByClickMode>
      <isShowBackground>True</isShowBackground>
      <positionPolicy>ppScreenFix</positionPolicy>
    </control>
  </controls>
  <param>
    <backgroundColor>4284900966</backgroundColor>
    <fontSize>14</fontSize>
    <fontFamily>Segoe+UI</fontFamily>
    <guideLines/>
  </param>
</mockup>