﻿<mockup version="5.3" minAllowVersion="5.3" ID="0F18B6CE-10F8-478F-9479-FE0C6A014CCD" platform="MtWeb" defaultW="1536" defaultH="864" measureW="1536" measureH="864" mobileScreenScale="0">
  <controls controlCount="15">
    <control controlID="10481CD2-AF64-455E-88F6-3A351126C368" controlTypeID="HRule" x="0" y="84" w="1536" h="12" zOrder="0">
      <color>4286578432</color>
    </control>
    <control controlID="911E1A82-766F-4D1A-8F08-7C108FDE97B5" controlTypeID="Image" x="1401" y="0" w="135" h="84" zOrder="1">
      <URL>553C79B8BB334A24B76BC57838CE7B5A.png</URL>
    </control>
    <control controlID="1148A522-5C0D-4E22-84EF-BCAF100F513D" controlTypeID="Tab" x="-5" y="90" w="1541" h="774" zOrder="2">
      <color>4288256409</color>
      <borderColor>4286578432</borderColor>
      <borderVisible>False</borderVisible>
      <links eventType="AtClick" animate="AmNone" animateAutoDelay="0" animateDuration="500">
        <link targetPageID="0F18B6CE-10F8-478F-9479-FE0C6A014CCD" linkType="ltPageLink" isApplyIncludePage="False" title="Log+In">
          <area shape="0" alt="" ID="{669EE59F-6B7C-4C7B-AE65-808E7FE2A57B}" coords="(621,0,771,50)"/>
        </link>
        <link targetPageID="" linkType="ltPageLink" isApplyIncludePage="False" title="+Register">
          <area shape="0" alt="" ID="{9AE7774D-7920-455C-94E0-759CF5E9BDC9}" coords="(770,0,920,50)"/>
        </link>
      </links>
      <font family="Bradley+Hand+ITC" displayName="Bradley+Hand+ITC" postScript="" weightStyle="Regular" weight="400" isBold="False" isItalic="False" useDefaultFontFamily="False"/>
      <text>Log+In%2C+Register</text>
      <textSize>24</textSize>
      <lineSpacing>0</lineSpacing>
      <useDefaultTextSize>False</useDefaultTextSize>
      <selectedIndex>1</selectedIndex>
      <selectedColor>4288256409</selectedColor>
      <tabPosition>HaCenter</tabPosition>
      <tabColor>4286578432</tabColor>
      <tabEdge>32</tabEdge>
      <tabHeight>50</tabHeight>
      <tabWidth>150</tabWidth>
    </control>
    <control controlID="4EECBABB-280E-4FA8-BC2B-1C354A2443B6" controlTypeID="CompositeComboBox" x="717" y="24" w="200" h="32" zOrder="3">
      <borderColor>4286578432</borderColor>
      <groupChildrenDescriptors>
        <control controlID="145DD8C8-DD6D-4E21-BA66-68E99A3A05D3" controlTypeID="TextInput" x="0" y="0" w="177" h="32" zOrder="0">
          <locked>True</locked>
          <borderColor>4286578432</borderColor>
          <canMove>False</canMove>
          <alias>input</alias>
          <font family="Bradley+Hand+ITC" displayName="Bradley+Hand+ITC" postScript="" weightStyle="Regular" weight="400" isBold="False" isItalic="False" useDefaultFontFamily="False"/>
          <text>Stil</text>
          <textSize>20</textSize>
          <lineSpacing>0</lineSpacing>
          <selectedIndex>-1</selectedIndex>
        </control>
        <control controlID="AA498DB8-D40A-4AC5-AC25-F1D6201A7923" controlTypeID="Button" x="176" y="0" w="24" h="32" zOrder="1">
          <locked>True</locked>
          <borderColor>4286578432</borderColor>
          <canMove>False</canMove>
          <alias>button</alias>
          <font family="Segoe+UI" displayName="Segoe+UI" postScript="" weightStyle="Regular" weight="400" isBold="False" isItalic="False"/>
          <lineSpacing>0</lineSpacing>
          <selectedIndex>-1</selectedIndex>
          <radius>0</radius>
        </control>
        <control controlID="452BCCDC-14DA-43C9-A2A2-FBA4020A859B" controlTypeID="List" x="0" y="32" w="200" h="138" zOrder="2">
          <isShow>False</isShow>
          <borderColor>4286578432</borderColor>
          <canMove>False</canMove>
          <alias>dropDown</alias>
          <font family="Bradley+Hand+ITC" displayName="Bradley+Hand+ITC" postScript="" weightStyle="Regular" weight="400" isBold="False" isItalic="False" useDefaultFontFamily="False"/>
          <text>Stil%0D%0AKlasicizam%0D%0AKubizam%0D%0ABarok</text>
          <textSize>20</textSize>
          <lineSpacing>0</lineSpacing>
          <itemHeight>32</itemHeight>
          <interlaceColor>4294967295</interlaceColor>
        </control>
      </groupChildrenDescriptors>
      <canInput>True</canInput>
      <baseHeight>32</baseHeight>
      <font family="Bradley+Hand+ITC"/>
      <textSize>20</textSize>
    </control>
    <control controlID="A5BBE96F-E030-491E-A38E-3B43D45F2689" controlTypeID="Button" x="985" y="24" w="100" h="32" zOrder="4">
      <color>4286578432</color>
      <borderColor>4286578432</borderColor>
      <links eventType="AtClick" animate="AmNone" animateAutoDelay="0" animateDuration="500">
        <link targetPageID="DF6CAFA8-015A-4605-BB65-9C5B3E7955B5" linkType="ltPageLink" isApplyIncludePage="False" title="Page">
          <area shape="0" alt="" ID="{95C61238-9563-4A99-8175-00440DAB4131}" coords="(0,0,100,32)"/>
        </link>
      </links>
      <font family="Bradley+Hand+ITC" displayName="Bradley+Hand+ITC" postScript="" weightStyle="Regular" weight="400" isBold="False" isItalic="False" useDefaultFontFamily="False"/>
      <text>Pretra%C5%BEi</text>
      <textSize>20</textSize>
      <lineSpacing>0</lineSpacing>
      <useDefaultTextSize>False</useDefaultTextSize>
      <selectedIndex>-1</selectedIndex>
      <radius>16</radius>
    </control>
    <control controlID="07C77E19-CE05-4A02-9E34-2748B5CC88C2" controlTypeID="TextInput" x="70" y="24" w="250" h="32" zOrder="5">
      <font family="Bradley+Hand+ITC" displayName="Bradley+Hand+ITC" postScript="" weightStyle="Regular" weight="400" isBold="False" isItalic="False" useDefaultFontFamily="False"/>
      <textSize>20</textSize>
      <lineSpacing>0</lineSpacing>
      <useDefaultTextSize>False</useDefaultTextSize>
      <selectedIndex>-1</selectedIndex>
      <placeHolder>Slikar</placeHolder>
      <radius>16</radius>
    </control>
    <control controlID="BAB112EF-ED7E-4183-BAE3-3E672F0C7DAE" controlTypeID="TextInput" x="393" y="24" w="250" h="32" zOrder="6">
      <font family="Bradley+Hand+ITC" displayName="Bradley+Hand+ITC" postScript="" weightStyle="Regular" weight="400" isBold="False" isItalic="False" useDefaultFontFamily="False"/>
      <textSize>20</textSize>
      <lineSpacing>0</lineSpacing>
      <useDefaultTextSize>False</useDefaultTextSize>
      <selectedIndex>-1</selectedIndex>
      <placeHolder>Tematika</placeHolder>
      <radius>16</radius>
    </control>
    <control controlID="60106751-57DC-46AA-A419-275796444691" controlTypeID="TextInput" x="784" y="254" w="250" h="32" zOrder="7">
      <font family="Bradley+Hand+ITC" displayName="Bradley+Hand+ITC" postScript="" weightStyle="Regular" weight="400" isBold="False" isItalic="False" useDefaultFontFamily="False"/>
      <textSize>20</textSize>
      <lineSpacing>0</lineSpacing>
      <useDefaultTextSize>False</useDefaultTextSize>
      <selectedIndex>-1</selectedIndex>
      <radius>16</radius>
    </control>
    <control controlID="3C6DC5B1-DD98-4AE5-B91E-B59044F884CE" controlTypeID="TextInput" x="784" y="336" w="250" h="32" zOrder="8">
      <font family="Bradley+Hand+ITC" displayName="Bradley+Hand+ITC" postScript="" weightStyle="Regular" weight="400" isBold="False" isItalic="False" useDefaultFontFamily="False"/>
      <textSize>20</textSize>
      <lineSpacing>0</lineSpacing>
      <useDefaultTextSize>False</useDefaultTextSize>
      <selectedIndex>-1</selectedIndex>
      <inputModel>emPassword</inputModel>
      <radius>16</radius>
    </control>
    <control controlID="BCC161A7-89AE-4DDD-AA38-A923E7B5E0B3" controlTypeID="Label" x="546" y="247" w="200" h="45" zOrder="9">
      <font family="Bradley+Hand+ITC" displayName="Bradley+Hand+ITC_%26_Bold" postScript="" weightStyle="Bold" weight="700" isBold="True" isItalic="False" useDefaultFontFamily="False"/>
      <text>Korisni%C4%8Dko+ime</text>
      <textColor>4286578432</textColor>
      <textSize>30</textSize>
      <lineSpacing>0</lineSpacing>
      <textStyles>[fsBold]</textStyles>
      <useDefaultTextSize>False</useDefaultTextSize>
      <selectedIndex>-1</selectedIndex>
    </control>
    <control controlID="F95FD97C-C684-4B0C-94B2-879E2AF783F7" controlTypeID="Label" x="637" y="336" w="109" h="38" zOrder="10">
      <font family="Bradley+Hand+ITC" displayName="Bradley+Hand+ITC_%26_Bold" postScript="" weightStyle="Bold" weight="700" isBold="True" isItalic="False" useDefaultFontFamily="False"/>
      <text>Lozinka</text>
      <textColor>4286578432</textColor>
      <textSize>30</textSize>
      <lineSpacing>0</lineSpacing>
      <textStyles>[fsBold]</textStyles>
      <useDefaultTextSize>False</useDefaultTextSize>
      <selectedIndex>-1</selectedIndex>
    </control>
    <control controlID="1431DDD6-CC30-4EFD-B7EF-0BBC454C089A" controlTypeID="Button" x="697" y="425" w="142" h="50" zOrder="11">
      <color>4286578432</color>
      <borderVisible>False</borderVisible>
      <font family="Bradley+Hand+ITC" displayName="Bradley+Hand+ITC" postScript="" weightStyle="Regular" weight="400" isBold="False" isItalic="False" useDefaultFontFamily="False"/>
      <text>Prijavi+se</text>
      <textSize>28</textSize>
      <lineSpacing>0</lineSpacing>
      <useDefaultTextSize>False</useDefaultTextSize>
      <selectedIndex>-1</selectedIndex>
      <radius>100</radius>
      <radiusIsPercent>True</radiusIsPercent>
    </control>
  </controls>
  <param>
    <backgroundColor>4288256409</backgroundColor>
    <fontSize>14</fontSize>
    <fontFamily>Segoe+UI</fontFamily>
    <guideLines/>
  </param>
</mockup>