﻿<mockup version="5.3" minAllowVersion="5.3" ID="A5683721-CD89-488F-9822-E50EE97067F8" platform="MtWeb" defaultW="1536" defaultH="864" measureW="1536" measureH="864" mobileScreenScale="0">
  <controls controlCount="40">
    <control controlID="E44C407D-F8D0-4BE0-BF80-B7AC8C710AB3" controlTypeID="Image" x="0" y="0" w="1536" h="864" zOrder="0">
      <URL>9353A407A077278C67C7F23C935D216B.png</URL>
    </control>
    <control controlID="33AD1762-DD52-4EA0-811C-166890CA8B31" controlTypeID="ScrollView" x="-8" y="0" w="1544" h="864" zOrder="1">
      <color>4284900966</color>
      <borderVisible>False</borderVisible>
      <groupChildrenDescriptors>
        <control controlID="C05198F8-F2C0-4E8C-9FBB-D98995FF346E" controlTypeID="ScrollViewContentPanel" x="0" y="0" w="1616" h="2406" zOrder="0">
          <alias>contentPanel</alias>
          <groupChildrenDescriptors>
            <control controlID="81C72BDE-CA35-477A-AC7F-EF2525B643B5" controlTypeID="Image" x="0" y="0" w="1546" h="854" zOrder="0">
              <URL>9353A407A077278C67C7F23C935D216B.png</URL>
            </control>
            <control controlID="06F2B09D-FA08-46AE-B4CF-DFA93B96EC05" controlTypeID="Image" x="71" y="204" w="492" h="497" zOrder="1">
              <radiusIsPercent>True</radiusIsPercent>
              <URL>E46C34B11B1E4937836188E91D3FC6E5.jpg</URL>
              <fitMode>fmFit</fitMode>
            </control>
            <control controlID="73694974-8B3B-482F-A58A-3AC1CF32850D" controlTypeID="Label" x="114" y="720" w="93" h="38" zOrder="2">
              <font family="Bradley+Hand+ITC" displayName="Bradley+Hand+ITC_%26_Bold" postScript="" weightStyle="Bold" weight="700" isBold="True" isItalic="False" useDefaultFontFamily="False"/>
              <text>Slikar%3A</text>
              <textColor>4286578432</textColor>
              <textSize>30</textSize>
              <lineSpacing>0</lineSpacing>
              <textStyles>[fsBold]</textStyles>
              <useDefaultTextSize>False</useDefaultTextSize>
              <selectedIndex>-1</selectedIndex>
            </control>
            <control controlID="4E15D61B-F8E5-4553-BBD2-1B24065BE954" controlTypeID="Label" x="259" y="720" w="235" h="38" zOrder="3">
              <font family="Bradley+Hand+ITC" displayName="Bradley+Hand+ITC_%26_Bold" postScript="" weightStyle="Bold" weight="700" isBold="True" isItalic="False" useDefaultFontFamily="False"/>
              <text>Samantha+French</text>
              <textColor>4286578432</textColor>
              <textSize>30</textSize>
              <lineSpacing>0</lineSpacing>
              <textStyles>[fsBold]</textStyles>
              <useDefaultTextSize>False</useDefaultTextSize>
              <selectedIndex>-1</selectedIndex>
            </control>
            <control controlID="BDF58AA3-CB42-411E-BFC7-AB9B856F43AC" controlTypeID="Label" x="114" y="758" w="58" h="38" zOrder="4">
              <font family="Bradley+Hand+ITC" displayName="Bradley+Hand+ITC_%26_Bold" postScript="" weightStyle="Bold" weight="700" isBold="True" isItalic="False" useDefaultFontFamily="False"/>
              <text>Stil%3A</text>
              <textColor>4286578432</textColor>
              <textSize>30</textSize>
              <lineSpacing>0</lineSpacing>
              <textStyles>[fsBold]</textStyles>
              <useDefaultTextSize>False</useDefaultTextSize>
              <selectedIndex>-1</selectedIndex>
            </control>
            <control controlID="F8FD77D9-5A66-4CC8-A9BE-D200E741348D" controlTypeID="Label" x="259" y="758" w="111" h="38" zOrder="5">
              <font family="Bradley+Hand+ITC" displayName="Bradley+Hand+ITC_%26_Bold" postScript="" weightStyle="Bold" weight="700" isBold="True" isItalic="False" useDefaultFontFamily="False"/>
              <text>Moderna</text>
              <textColor>4286578432</textColor>
              <textSize>30</textSize>
              <lineSpacing>0</lineSpacing>
              <textStyles>[fsBold]</textStyles>
              <useDefaultTextSize>False</useDefaultTextSize>
              <selectedIndex>-1</selectedIndex>
            </control>
            <control controlID="0B1077E9-A2F6-4F24-91FF-1BC87A236867" controlTypeID="Label" x="114" y="796" w="77" h="38" zOrder="6">
              <font family="Bradley+Hand+ITC" displayName="Bradley+Hand+ITC_%26_Bold" postScript="" weightStyle="Bold" weight="700" isBold="True" isItalic="False" useDefaultFontFamily="False"/>
              <text>Tema%3A</text>
              <textColor>4286578432</textColor>
              <textSize>30</textSize>
              <lineSpacing>0</lineSpacing>
              <textStyles>[fsBold]</textStyles>
              <useDefaultTextSize>False</useDefaultTextSize>
              <selectedIndex>-1</selectedIndex>
            </control>
            <control controlID="62C3D6E4-223C-4627-8472-CF520F5C806E" controlTypeID="Label" x="259" y="796" w="152" h="38" zOrder="7">
              <font family="Bradley+Hand+ITC" displayName="Bradley+Hand+ITC_%26_Bold" postScript="" weightStyle="Bold" weight="700" isBold="True" isItalic="False" useDefaultFontFamily="False"/>
              <text>Underwater</text>
              <textColor>4286578432</textColor>
              <textSize>30</textSize>
              <lineSpacing>0</lineSpacing>
              <textStyles>[fsBold]</textStyles>
              <useDefaultTextSize>False</useDefaultTextSize>
              <selectedIndex>-1</selectedIndex>
            </control>
            <control controlID="32FDC709-D4E3-4201-9DCE-5A2F6F6EDA0D" controlTypeID="Button" x="118" y="112" w="400" h="72" zOrder="8">
              <color>4281545523</color>
              <borderVisible>False</borderVisible>
              <font family="Bradley+Hand+ITC" displayName="Bradley+Hand+ITC_%26_Bold" postScript="" weightStyle="Bold" weight="700" isBold="True" isItalic="False" useDefaultFontFamily="False"/>
              <text>Underwater+tranquility</text>
              <textColor>4286578432</textColor>
              <textSize>32</textSize>
              <lineSpacing>0</lineSpacing>
              <textStyles>[fsBold]</textStyles>
              <useDefaultTextSize>False</useDefaultTextSize>
              <selectedIndex>-1</selectedIndex>
              <radius>100</radius>
              <radiusIsPercent>True</radiusIsPercent>
              <thickness>7</thickness>
            </control>
          </groupChildrenDescriptors>
        </control>
        <control controlID="DBFE393C-B4B6-4367-8049-1332B33586DD" controlTypeID="Border" x="0" y="0" w="1544" h="864" zOrder="1">
          <color>4284900966</color>
          <borderColor>4278190080</borderColor>
          <borderVisible>False</borderVisible>
          <alias>borderLayer</alias>
        </control>
      </groupChildrenDescriptors>
      <canHoriScroll>True</canHoriScroll>
    </control>
    <control controlID="2AA74CF8-626A-46CB-AED4-52616E129440" controlTypeID="HRule" x="0" y="84" w="1536" h="12" zOrder="2">
      <color>4281545523</color>
    </control>
    <control controlID="CE2BB5AF-4091-4D42-BA59-C5572AA3A332" controlTypeID="CompositeComboBox" x="689" y="24" w="200" h="32" zOrder="3">
      <borderColor>4286578432</borderColor>
      <groupChildrenDescriptors>
        <control controlID="38D93E95-6299-4CDF-A762-3253F0E4F392" controlTypeID="TextInput" x="0" y="0" w="177" h="32" zOrder="0">
          <locked>True</locked>
          <borderColor>4286578432</borderColor>
          <canMove>False</canMove>
          <alias>input</alias>
          <font family="Segoe+UI" displayName="Segoe+UI" postScript="" weightStyle="Regular" weight="400" isBold="False" isItalic="False" useDefaultFontFamily="False"/>
          <text>Stil</text>
          <lineSpacing>0</lineSpacing>
          <selectedIndex>-1</selectedIndex>
        </control>
        <control controlID="57C3080E-7EE8-462F-9F7C-7F87B8ED0956" controlTypeID="Button" x="176" y="0" w="24" h="32" zOrder="1">
          <locked>True</locked>
          <borderColor>4286578432</borderColor>
          <canMove>False</canMove>
          <alias>button</alias>
          <font family="Segoe+UI" displayName="Segoe+UI" postScript="" weightStyle="Regular" weight="400" isBold="False" isItalic="False"/>
          <lineSpacing>0</lineSpacing>
          <selectedIndex>-1</selectedIndex>
          <radius>0</radius>
        </control>
        <control controlID="A9504E3F-44C6-4B95-B949-098D9E2D81B5" controlTypeID="List" x="0" y="32" w="200" h="138" zOrder="2">
          <isShow>False</isShow>
          <borderColor>4286578432</borderColor>
          <canMove>False</canMove>
          <alias>dropDown</alias>
          <font family="Segoe+UI" displayName="Segoe+UI" postScript="" weightStyle="Regular" weight="400" isBold="False" isItalic="False" useDefaultFontFamily="False"/>
          <text>Stil%0D%0AKlasicizam%0D%0AKubizam%0D%0ABarok</text>
          <textSize>14</textSize>
          <lineSpacing>0</lineSpacing>
          <itemHeight>32</itemHeight>
          <interlaceColor>4294967295</interlaceColor>
        </control>
      </groupChildrenDescriptors>
      <canInput>True</canInput>
      <baseHeight>32</baseHeight>
      <font family="Segoe+UI"/>
      <textSize>14</textSize>
    </control>
    <control controlID="866A8758-0D06-4F5B-8DF7-C6DB762ABB76" controlTypeID="Button" x="957" y="24" w="100" h="32" zOrder="4">
      <color>4281545523</color>
      <font family="Bradley+Hand+ITC" displayName="Bradley+Hand+ITC_%26_Bold" postScript="" weightStyle="Bold" weight="700" isBold="True" isItalic="False" useDefaultFontFamily="False"/>
      <text>Pretra%C5%BEi</text>
      <textColor>4286578432</textColor>
      <textSize>24</textSize>
      <lineSpacing>0</lineSpacing>
      <textStyles>[fsBold]</textStyles>
      <useDefaultTextSize>False</useDefaultTextSize>
      <selectedIndex>-1</selectedIndex>
      <radius>100</radius>
      <radiusIsPercent>True</radiusIsPercent>
    </control>
    <control controlID="FE7BB4ED-E3ED-4081-946E-22A282F13B8D" controlTypeID="TextInput" x="42" y="24" w="250" h="32" zOrder="5">
      <font family="Bradley+Hand+ITC" displayName="Bradley+Hand+ITC" postScript="" weightStyle="Regular" weight="400" isBold="False" isItalic="False" useDefaultFontFamily="False"/>
      <textSize>20</textSize>
      <lineSpacing>0</lineSpacing>
      <useDefaultTextSize>False</useDefaultTextSize>
      <selectedIndex>-1</selectedIndex>
      <placeHolder>Slikar</placeHolder>
      <radius>16</radius>
    </control>
    <control controlID="91F3AEE7-A49A-407C-9568-31512632C807" controlTypeID="TextInput" x="365" y="24" w="250" h="32" zOrder="6">
      <font family="Bradley+Hand+ITC" displayName="Bradley+Hand+ITC" postScript="" weightStyle="Regular" weight="400" isBold="False" isItalic="False" useDefaultFontFamily="False"/>
      <textSize>20</textSize>
      <lineSpacing>0</lineSpacing>
      <useDefaultTextSize>False</useDefaultTextSize>
      <selectedIndex>-1</selectedIndex>
      <placeHolder>Tematika</placeHolder>
      <radius>16</radius>
    </control>
    <control controlID="16571775-9FD1-41E2-A8B4-4883A2FF7D79" controlTypeID="Icon" x="1324" y="10" w="64" h="64" zOrder="7">
      <color>4281545523</color>
      <links eventType="AtClick" animate="AmNone" animateAutoDelay="0" animateDuration="500">
        <link targetPageID="7374C221-D31D-4E70-A88F-4EB2D9B74ECA" linkType="ltPageLink" isApplyIncludePage="False" title="Registracija">
          <area shape="0" alt="" ID="{080A8D63-3F8D-4E02-BCCC-EB5A62E62C24}" coords="(0,0,64,64)"/>
        </link>
      </links>
      <icon>
        <ID/>
        <iconFontName>jdIcoFont</iconFontName>
        <iconCode>59230</iconCode>
      </icon>
      <URL>1D76A1953ACB7053D75125F70C5D5E2C.svg</URL>
    </control>
    <control controlID="7C363F92-FEAC-4A45-9BE0-6B86D44EC281" controlTypeID="Icon" x="1424" y="10" w="64" h="64" zOrder="8">
      <color>4281545523</color>
      <icon>
        <ID/>
        <iconFontName>jdIonicons</iconFontName>
        <iconCode>62590</iconCode>
      </icon>
      <URL>5C55E17C830A8188121F30E4B3398557.svg</URL>
    </control>
    <control controlID="698D84BD-826E-45DB-B99F-7FBEB34A65DA" controlTypeID="Image" x="1359" y="766" w="135" h="84" zOrder="9">
      <URL>553C79B8BB334A24B76BC57838CE7B5A.png</URL>
    </control>
    <control controlID="BE0B6858-C4EB-48A0-895A-A2876FF83674" controlTypeID="Panel" x="638" y="250" w="870" h="464" zOrder="10">
      <color>4287006342</color>
      <groupChildrenDescriptors>
        <control controlID="8EB60C52-B138-4B79-A784-AFF1EF17A42A" controlTypeID="Border" x="0" y="0" w="870" h="464" zOrder="0">
          <alias>borderLayer</alias>
        </control>
      </groupChildrenDescriptors>
      <thinkness>1</thinkness>
    </control>
    <control controlID="8AA72F19-B85E-4EAE-9ED0-1F91829A7A4E" controlTypeID="TextArea" x="694" y="278" w="240" h="74" zOrder="11">
      <font family="Bradley+Hand+ITC" displayName="Bradley+Hand+ITC_%26_Bold+Italic" postScript="" weightStyle="Bold+Italic" weight="700" isBold="True" isItalic="True" useDefaultFontFamily="False"/>
      <text>KOMENTARI</text>
      <textSize>28</textSize>
      <textStyles>[fsBold,fsItalic]</textStyles>
      <useDefaultTextSize>False</useDefaultTextSize>
      <selectedIndex>-1</selectedIndex>
    </control>
    <control controlID="8AC22C89-EE7D-418A-AA4A-837D213A7E54" controlTypeID="Panel" x="672" y="368" w="602" h="72" zOrder="12">
      <groupChildrenDescriptors>
        <control controlID="CE41A8C5-5C4E-4A55-8145-A8575963584C" controlTypeID="Border" x="0" y="0" w="602" h="72" zOrder="0">
          <alias>borderLayer</alias>
        </control>
      </groupChildrenDescriptors>
      <thinkness>1</thinkness>
    </control>
    <control controlID="680B6A05-032D-4EB4-AB20-FA9FA002E7EB" controlTypeID="TextArea" x="684" y="340" w="240" h="74" zOrder="13">
      <font family="Bradley+Hand+ITC" displayName="Bradley+Hand+ITC_%26_Bold" postScript="" weightStyle="Bold" weight="700" isBold="True" isItalic="False" useDefaultFontFamily="False"/>
      <text>Bradley+Cooper</text>
      <textSize>24</textSize>
      <textStyles>[fsBold]</textStyles>
      <useDefaultTextSize>False</useDefaultTextSize>
      <selectedIndex>-1</selectedIndex>
    </control>
    <control controlID="442F8126-7C53-4551-AF89-C185523DEA36" controlTypeID="TextArea" x="684" y="368" w="240" h="74" zOrder="14">
      <font family="Segoe+UI" displayName="Segoe+UI" postScript="" weightStyle="Regular" weight="400" isBold="False" isItalic="False" useDefaultFontFamily="False"/>
      <text>Nice+work.+Beautiful+painting!</text>
      <textSize>20</textSize>
      <useDefaultTextSize>False</useDefaultTextSize>
      <selectedIndex>-1</selectedIndex>
    </control>
    <control controlID="FC1D30A9-8787-48AB-B8D4-E6C1DB7489BA" controlTypeID="Panel" x="672" y="494" w="594" h="80" zOrder="15">
      <groupChildrenDescriptors>
        <control controlID="AD75C225-307B-48C2-9405-5B19BF999978" controlTypeID="Border" x="0" y="0" w="594" h="80" zOrder="0">
          <alias>borderLayer</alias>
        </control>
      </groupChildrenDescriptors>
      <thinkness>1</thinkness>
    </control>
    <control controlID="AB1DB962-85F6-4CB0-9E12-3B18B1E4FA5A" controlTypeID="TextArea" x="684" y="452" w="240" h="74" zOrder="16">
      <font family="Bradley+Hand+ITC" displayName="Bradley+Hand+ITC_%26_Bold" postScript="" weightStyle="Bold" weight="700" isBold="True" isItalic="False" useDefaultFontFamily="False"/>
      <text>@tasha</text>
      <textSize>24</textSize>
      <textStyles>[fsBold]</textStyles>
      <useDefaultTextSize>False</useDefaultTextSize>
      <selectedIndex>-1</selectedIndex>
    </control>
    <control controlID="9BF799AE-4913-4F32-9A11-8042A49A24F1" controlTypeID="TextArea" x="680" y="496" w="240" h="74" zOrder="17">
      <font family="Segoe+UI" displayName="Segoe+UI" postScript="" weightStyle="Regular" weight="400" isBold="False" isItalic="False"/>
      <text>Slika+je+sjajna.+Samanta+je+jako+talentovana!</text>
      <textSize>20</textSize>
      <useDefaultTextSize>False</useDefaultTextSize>
      <selectedIndex>-1</selectedIndex>
    </control>
    <control controlID="0177B952-B0F0-4B24-AFC0-2A654A3E28DF" controlTypeID="Button" x="1302" y="368" w="150" h="54" zOrder="18">
      <color>4291611852</color>
      <borderColor>4278255360</borderColor>
      <font family="Segoe+UI" displayName="Segoe+UI" postScript="" weightStyle="Regular" weight="400" isBold="False" isItalic="False" useDefaultFontFamily="False"/>
      <text>Prijavi+komentar</text>
      <textSize>18</textSize>
      <lineSpacing>0</lineSpacing>
      <useDefaultTextSize>False</useDefaultTextSize>
      <selectedIndex>-1</selectedIndex>
      <radius>4</radius>
    </control>
    <control controlID="881CB38C-9247-40FA-9C4C-CD347812631F" controlTypeID="Button" x="654" y="742" w="172" h="44" zOrder="19">
      <color>4291611852</color>
      <borderColor>4286578432</borderColor>
      <font family="Segoe+UI" displayName="Segoe+UI" postScript="" weightStyle="Regular" weight="400" isBold="False" isItalic="False"/>
      <text>Dodaj+komentar</text>
      <textSize>20</textSize>
      <lineSpacing>0</lineSpacing>
      <useDefaultTextSize>False</useDefaultTextSize>
      <selectedIndex>-1</selectedIndex>
      <radius>4</radius>
    </control>
    <control controlID="416164AD-93F3-45D7-AC60-AB73A8D3C736" controlTypeID="Button" x="1302" y="516" w="150" h="47" zOrder="20">
      <color>4291611852</color>
      <borderColor>4278255360</borderColor>
      <font family="Segoe+UI" displayName="Segoe+UI" postScript="" weightStyle="Regular" weight="400" isBold="False" isItalic="False"/>
      <text>Ukloni</text>
      <textSize>20</textSize>
      <lineSpacing>0</lineSpacing>
      <useDefaultTextSize>False</useDefaultTextSize>
      <selectedIndex>-1</selectedIndex>
      <radius>4</radius>
    </control>
    <control controlID="B278715B-B6E7-4A78-92EF-FB10B3EC33E4" controlTypeID="TextArea" x="1268" y="116" w="240" h="118" zOrder="21">
      <font family="Bradley+Hand+ITC" displayName="Bradley+Hand+ITC_%26_Bold" postScript="" weightStyle="Bold" weight="700" isBold="True" isItalic="False" useDefaultFontFamily="False"/>
      <text>@tasha%0D%0A%0D%0Astatus%3A+korisnik</text>
      <textSize>28</textSize>
      <textStyles>[fsBold]</textStyles>
      <useDefaultTextSize>False</useDefaultTextSize>
      <selectedIndex>-1</selectedIndex>
    </control>
    <control controlID="2094E322-BB76-4AFD-B167-168260AE97CC" controlTypeID="Image" x="1434" y="14" w="60" h="55" zOrder="22">
      <ShadowBlur>0</ShadowBlur>
      <links eventType="AtClick" animate="AmNone" animateAutoDelay="0" animateDuration="500">
        <link targetPageID="94C2C370-F2BB-4CD2-8734-AEC9E0486530" linkType="ltPageLink" isApplyIncludePage="False" title="Informacije+o+nalogu">
          <area shape="0" alt="" ID="{905984D4-D0CB-4987-8E1F-E17C817AB7B5}" coords="(0,0,60,55)"/>
        </link>
      </links>
      <URL>82F81C14AEE290F8A65EB9D1267CFB47.jpg</URL>
    </control>
  </controls>
  <param>
    <backgroundColor>4284900966</backgroundColor>
    <fontSize>14</fontSize>
    <fontFamily>Segoe+UI</fontFamily>
    <guideLines/>
  </param>
</mockup>