﻿<mockup version="5.3" minAllowVersion="5.3" ID="A8D85D53-56A9-41E5-AF5C-15DAF5E050EC" platform="MtWeb" defaultW="1536" defaultH="864" measureW="1536" measureH="864" mobileScreenScale="0">
  <controls controlCount="72">
    <control controlID="771BB95E-ADF4-4D30-9BE8-A034D25AA964" controlTypeID="Image" x="0" y="0" w="1536" h="864" zOrder="0">
      <ShadowBlur>0</ShadowBlur>
      <URL>9353A407A077278C67C7F23C935D216B.png</URL>
    </control>
    <control controlID="10481CD2-AF64-455E-88F6-3A351126C368" controlTypeID="HRule" x="0" y="84" w="1536" h="12" zOrder="1">
      <color>4281545523</color>
      <ShadowBlur>0</ShadowBlur>
    </control>
    <control controlID="4EECBABB-280E-4FA8-BC2B-1C354A2443B6" controlTypeID="CompositeComboBox" x="717" y="24" w="200" h="32" zOrder="2">
      <borderColor>4286578432</borderColor>
      <ShadowBlur>0</ShadowBlur>
      <groupChildrenDescriptors>
        <control controlID="145DD8C8-DD6D-4E21-BA66-68E99A3A05D3" controlTypeID="TextInput" x="0" y="0" w="177" h="32" zOrder="0">
          <locked>True</locked>
          <borderColor>4286578432</borderColor>
          <canMove>False</canMove>
          <alias>input</alias>
          <ShadowBlur>0</ShadowBlur>
          <font family="Segoe+UI" displayName="Segoe+UI" postScript="" weightStyle="Regular" weight="400" isBold="False" isItalic="False" useDefaultFontFamily="False"/>
          <text>Stil</text>
          <lineSpacing>0</lineSpacing>
          <selectedIndex>-1</selectedIndex>
        </control>
        <control controlID="AA498DB8-D40A-4AC5-AC25-F1D6201A7923" controlTypeID="Button" x="176" y="0" w="24" h="32" zOrder="1">
          <locked>True</locked>
          <borderColor>4286578432</borderColor>
          <canMove>False</canMove>
          <alias>button</alias>
          <ShadowBlur>0</ShadowBlur>
          <font family="Segoe+UI" displayName="Segoe+UI" postScript="" weightStyle="Regular" weight="400" isBold="False" isItalic="False"/>
          <lineSpacing>0</lineSpacing>
          <selectedIndex>-1</selectedIndex>
          <radius>0</radius>
        </control>
        <control controlID="452BCCDC-14DA-43C9-A2A2-FBA4020A859B" controlTypeID="List" x="0" y="32" w="200" h="138" zOrder="2">
          <isShow>False</isShow>
          <borderColor>4286578432</borderColor>
          <canMove>False</canMove>
          <alias>dropDown</alias>
          <ShadowBlur>0</ShadowBlur>
          <font family="Segoe+UI" displayName="Segoe+UI" postScript="" weightStyle="Regular" weight="400" isBold="False" isItalic="False" useDefaultFontFamily="False"/>
          <text>Stil%0D%0AKlasicizam%0D%0AKubizam%0D%0ABarok</text>
          <textSize>14</textSize>
          <lineSpacing>0</lineSpacing>
          <itemHeight>32</itemHeight>
          <interlaceColor>4294967295</interlaceColor>
        </control>
      </groupChildrenDescriptors>
      <canInput>True</canInput>
      <baseHeight>32</baseHeight>
      <font family="Segoe+UI"/>
      <textSize>14</textSize>
    </control>
    <control controlID="A5BBE96F-E030-491E-A38E-3B43D45F2689" controlTypeID="Button" x="985" y="24" w="100" h="32" zOrder="3">
      <color>4281545523</color>
      <ShadowBlur>0</ShadowBlur>
      <font family="Bradley+Hand+ITC" displayName="Bradley+Hand+ITC_%26_Bold" postScript="" weightStyle="Bold" weight="700" isBold="True" isItalic="False" useDefaultFontFamily="False"/>
      <text>Pretra%C5%BEi</text>
      <textColor>4286578432</textColor>
      <textSize>24</textSize>
      <lineSpacing>0</lineSpacing>
      <textStyles>[fsBold]</textStyles>
      <useDefaultTextSize>False</useDefaultTextSize>
      <selectedIndex>-1</selectedIndex>
      <radius>100</radius>
      <radiusIsPercent>True</radiusIsPercent>
    </control>
    <control controlID="07C77E19-CE05-4A02-9E34-2748B5CC88C2" controlTypeID="TextInput" x="70" y="24" w="250" h="32" zOrder="4">
      <ShadowBlur>0</ShadowBlur>
      <font family="Bradley+Hand+ITC" displayName="Bradley+Hand+ITC" postScript="" weightStyle="Regular" weight="400" isBold="False" isItalic="False" useDefaultFontFamily="False"/>
      <textSize>20</textSize>
      <lineSpacing>0</lineSpacing>
      <useDefaultTextSize>False</useDefaultTextSize>
      <selectedIndex>-1</selectedIndex>
      <placeHolder>Slikar</placeHolder>
      <radius>16</radius>
    </control>
    <control controlID="BAB112EF-ED7E-4183-BAE3-3E672F0C7DAE" controlTypeID="TextInput" x="393" y="24" w="250" h="32" zOrder="5">
      <ShadowBlur>0</ShadowBlur>
      <font family="Bradley+Hand+ITC" displayName="Bradley+Hand+ITC" postScript="" weightStyle="Regular" weight="400" isBold="False" isItalic="False" useDefaultFontFamily="False"/>
      <textSize>20</textSize>
      <lineSpacing>0</lineSpacing>
      <useDefaultTextSize>False</useDefaultTextSize>
      <selectedIndex>-1</selectedIndex>
      <placeHolder>Tematika</placeHolder>
      <radius>16</radius>
    </control>
    <control controlID="3D8D68F4-544D-4942-BCEA-F4427AF24724" controlTypeID="ColorPicker" x="60" y="118" w="286" h="307" zOrder="6">
      <color>4286578432</color>
      <opacity>0</opacity>
      <ShadowBlur>0</ShadowBlur>
    </control>
    <control controlID="65EC9173-3D18-422A-A96E-8255FA358489" controlTypeID="Image" x="78" y="136" w="250" h="272" zOrder="7">
      <ShadowBlur>0</ShadowBlur>
      <interactiveData>
        <entry title="">
          <area shape="0" alt="" ID="{BACEA70F-0C3F-4A2B-B62E-CAAFE8812994}" coords="(0,0,250,272)"/>
          <events title="">
            <event eventType="atClick" isChecked="True">
              <behaviour title="" isChecked="True" isWait="False" isLoop="False" execMode="emParallel">
                <target targetID="6D577647-5AB3-4839-890C-B8328302A9A2" isChecked="True" isAutoRecovery="False" isLoop="False" execMode="emSequence">
                  <command name="Popup State Change" isChecked="True" descrition="">
                    <param name="AniInterpolation" value="0" varType="3" description=""/>
                    <param name="AniDuration" value="200" varType="3" description=""/>
                    <param name="AniAutoReverse" value="False" varType="11" description=""/>
                    <param name="AniLoop" value="False" varType="11" description=""/>
                    <param name="AniInterpolationTypeOut" value="False" varType="11" description=""/>
                    <param name="Delay" value="0" varType="3" description=""/>
                    <param name="Value" value="2" varType="3" description=""/>
                    <param name="AniType" value="0" varType="3" description=""/>
                  </command>
                </target>
              </behaviour>
            </event>
          </events>
        </entry>
      </interactiveData>
      <radiusIsPercent>True</radiusIsPercent>
      <URL>E46C34B11B1E4937836188E91D3FC6E5.jpg</URL>
      <fitMode>fmFill</fitMode>
    </control>
    <control controlID="C19AB99F-617A-4C6E-A58A-3B9732D781DA" controlTypeID="Icon" x="1352" y="10" w="64" h="64" zOrder="8">
      <color>4281545523</color>
      <ShadowBlur>0</ShadowBlur>
      <icon>
        <ID/>
        <iconFontName>jdIcoFont</iconFontName>
        <iconCode>59230</iconCode>
      </icon>
      <URL>1D76A1953ACB7053D75125F70C5D5E2C.svg</URL>
    </control>
    <control controlID="00D814BE-BF13-42D1-B682-0D87C7295E76" controlTypeID="Image" x="1381" y="760" w="135" h="84" zOrder="9">
      <ShadowBlur>0</ShadowBlur>
      <URL>553C79B8BB334A24B76BC57838CE7B5A.png</URL>
    </control>
    <control controlID="1F1828BC-BD33-4069-B4F8-FB11CACDA7E3" controlTypeID="ColorPicker" x="60" y="500" w="286" h="307" zOrder="10">
      <color>4286578432</color>
      <opacity>0</opacity>
      <ShadowBlur>0</ShadowBlur>
    </control>
    <control controlID="6D3DE42A-F19B-4DD5-B1F2-3A7441233142" controlTypeID="Image" x="78" y="518" w="250" h="272" zOrder="11">
      <ShadowBlur>0</ShadowBlur>
      <URL>BD69E9C1CECF8DF8A2348D45E5135B16.jpeg</URL>
    </control>
    <control controlID="32C16E7D-69A1-4EB0-9783-0428130AB631" controlTypeID="ColorPicker" x="757" y="118" w="286" h="307" zOrder="12">
      <color>4286578432</color>
      <opacity>0</opacity>
      <ShadowBlur>0</ShadowBlur>
    </control>
    <control controlID="8E166CC7-7CB7-432E-9E6E-BF3B453B1E3B" controlTypeID="Image" x="778" y="136" w="250" h="272" zOrder="13">
      <ShadowBlur>0</ShadowBlur>
      <URL>D94F7D0CEEA16DC7AC508C7CD6E330BA.jpeg</URL>
    </control>
    <control controlID="E883B4EC-2896-452E-8F06-416C89A56A34" controlTypeID="ColorPicker" x="757" y="500" w="286" h="307" zOrder="14">
      <color>4286578432</color>
      <opacity>0</opacity>
      <ShadowBlur>0</ShadowBlur>
    </control>
    <control controlID="8C07994C-CC4E-49ED-98ED-18785F605DB2" controlTypeID="Image" x="778" y="518" w="250" h="272" zOrder="15">
      <ShadowBlur>0</ShadowBlur>
      <URL>0957721A8869CD6E29BA3FCD98891987.jpeg</URL>
    </control>
    <control controlID="C7E0102C-48A4-49E7-B1CA-6D094104D178" controlTypeID="TextInput" x="358" y="377" w="124" h="48" zOrder="16">
      <ShadowBlur>0</ShadowBlur>
      <font family="Bradley+Hand+ITC" displayName="Bradley+Hand+ITC" postScript="" weightStyle="Regular" weight="400" isBold="False" isItalic="False" useDefaultFontFamily="False"/>
      <text>3500.00$</text>
      <textSize>20</textSize>
      <lineSpacing>0</lineSpacing>
      <useDefaultTextSize>False</useDefaultTextSize>
      <selectedIndex>-1</selectedIndex>
      <canInput>False</canInput>
      <radius>16</radius>
    </control>
    <control controlID="CD7540DE-54B1-4086-86A8-1A949CDE9E0A" controlTypeID="Panel" x="362" y="120" w="353" h="247" zOrder="17">
      <color>4284900966</color>
      <ShadowBlur>0</ShadowBlur>
      <groupChildrenDescriptors>
        <control controlID="D89B2490-2D35-4C25-ACEA-8008004D97E6" controlTypeID="Label" x="10" y="92" w="93" h="38" zOrder="0">
          <ShadowBlur>0</ShadowBlur>
          <font family="Bradley+Hand+ITC" displayName="Bradley+Hand+ITC_%26_Bold" postScript="" weightStyle="Bold" weight="700" isBold="True" isItalic="False" useDefaultFontFamily="False"/>
          <text>Slikar%3A</text>
          <textColor>4286578432</textColor>
          <textSize>30</textSize>
          <lineSpacing>0</lineSpacing>
          <textStyles>[fsBold]</textStyles>
          <useDefaultTextSize>False</useDefaultTextSize>
          <selectedIndex>-1</selectedIndex>
        </control>
        <control controlID="D9A701CF-0DC5-4E33-95E7-CD4197FF9329" controlTypeID="Label" x="34" y="130" w="235" h="38" zOrder="1">
          <ShadowBlur>0</ShadowBlur>
          <font family="Bradley+Hand+ITC" displayName="Bradley+Hand+ITC_%26_Bold" postScript="" weightStyle="Bold" weight="700" isBold="True" isItalic="False" useDefaultFontFamily="False"/>
          <text>Samantha+French</text>
          <textColor>4286578432</textColor>
          <textSize>30</textSize>
          <lineSpacing>0</lineSpacing>
          <textStyles>[fsBold]</textStyles>
          <useDefaultTextSize>False</useDefaultTextSize>
          <selectedIndex>-1</selectedIndex>
        </control>
        <control controlID="0B1CD093-E34B-406E-BA1E-630F343ADB05" controlTypeID="Label" x="10" y="16" w="81" h="38" zOrder="2">
          <ShadowBlur>0</ShadowBlur>
          <font family="Bradley+Hand+ITC" displayName="Bradley+Hand+ITC_%26_Bold" postScript="" weightStyle="Bold" weight="700" isBold="True" isItalic="False" useDefaultFontFamily="False"/>
          <text>Slika%3A</text>
          <textColor>4286578432</textColor>
          <textSize>30</textSize>
          <lineSpacing>0</lineSpacing>
          <textStyles>[fsBold]</textStyles>
          <useDefaultTextSize>False</useDefaultTextSize>
          <selectedIndex>-1</selectedIndex>
        </control>
        <control controlID="EE74CBEA-9DE9-4246-A1C7-129B851FE47F" controlTypeID="Label" x="34" y="54" w="309" h="38" zOrder="3">
          <ShadowBlur>0</ShadowBlur>
          <font family="Bradley+Hand+ITC" displayName="Bradley+Hand+ITC_%26_Bold" postScript="" weightStyle="Bold" weight="700" isBold="True" isItalic="False" useDefaultFontFamily="False"/>
          <text>Underwater+tranquility</text>
          <textColor>4286578432</textColor>
          <textSize>30</textSize>
          <lineSpacing>0</lineSpacing>
          <textStyles>[fsBold]</textStyles>
          <useDefaultTextSize>False</useDefaultTextSize>
          <selectedIndex>-1</selectedIndex>
        </control>
        <control controlID="5B718D4C-DCDF-46C9-B865-D718574910BC" controlTypeID="Border" x="0" y="0" w="353" h="247" zOrder="4">
          <alias>borderLayer</alias>
          <ShadowBlur>0</ShadowBlur>
        </control>
      </groupChildrenDescriptors>
      <thinkness>1</thinkness>
    </control>
    <control controlID="1D2CE658-EB18-496B-85F2-EC220CB0A78A" controlTypeID="Panel" x="1064" y="500" w="353" h="247" zOrder="18">
      <color>4284900966</color>
      <ShadowBlur>0</ShadowBlur>
      <groupChildrenDescriptors>
        <control controlID="A87C0D3F-BFB8-4538-8F1E-B4256B8E68DF" controlTypeID="Label" x="10" y="92" w="93" h="38" zOrder="0">
          <ShadowBlur>0</ShadowBlur>
          <font family="Bradley+Hand+ITC" displayName="Bradley+Hand+ITC_%26_Bold" postScript="" weightStyle="Bold" weight="700" isBold="True" isItalic="False" useDefaultFontFamily="False"/>
          <text>Slikar%3A</text>
          <textColor>4286578432</textColor>
          <textSize>30</textSize>
          <lineSpacing>0</lineSpacing>
          <textStyles>[fsBold]</textStyles>
          <useDefaultTextSize>False</useDefaultTextSize>
          <selectedIndex>-1</selectedIndex>
        </control>
        <control controlID="B4D83028-E302-4839-8DDF-679F6C2BC284" controlTypeID="Label" x="34" y="130" w="173" h="38" zOrder="1">
          <ShadowBlur>0</ShadowBlur>
          <font family="Bradley+Hand+ITC" displayName="Bradley+Hand+ITC_%26_Bold" postScript="" weightStyle="Bold" weight="700" isBold="True" isItalic="False" useDefaultFontFamily="False"/>
          <text>Gemma+Gene</text>
          <textColor>4286578432</textColor>
          <textSize>30</textSize>
          <lineSpacing>0</lineSpacing>
          <textStyles>[fsBold]</textStyles>
          <useDefaultTextSize>False</useDefaultTextSize>
          <selectedIndex>-1</selectedIndex>
        </control>
        <control controlID="EF606EA8-CD3F-4DE6-9535-92AC1B3FC38C" controlTypeID="Label" x="10" y="16" w="81" h="38" zOrder="2">
          <ShadowBlur>0</ShadowBlur>
          <font family="Bradley+Hand+ITC" displayName="Bradley+Hand+ITC_%26_Bold" postScript="" weightStyle="Bold" weight="700" isBold="True" isItalic="False" useDefaultFontFamily="False"/>
          <text>Slika%3A</text>
          <textColor>4286578432</textColor>
          <textSize>30</textSize>
          <lineSpacing>0</lineSpacing>
          <textStyles>[fsBold]</textStyles>
          <useDefaultTextSize>False</useDefaultTextSize>
          <selectedIndex>-1</selectedIndex>
        </control>
        <control controlID="6520457B-87B4-40F2-8E67-2BA94528C5E9" controlTypeID="Label" x="34" y="54" w="199" h="38" zOrder="3">
          <ShadowBlur>0</ShadowBlur>
          <font family="Bradley+Hand+ITC" displayName="Bradley+Hand+ITC_%26_Bold" postScript="" weightStyle="Bold" weight="700" isBold="True" isItalic="False" useDefaultFontFamily="False"/>
          <text>Helium+ballons</text>
          <textColor>4286578432</textColor>
          <textSize>30</textSize>
          <lineSpacing>0</lineSpacing>
          <textStyles>[fsBold]</textStyles>
          <useDefaultTextSize>False</useDefaultTextSize>
          <selectedIndex>-1</selectedIndex>
        </control>
        <control controlID="5D83EAAE-3926-49C5-B7E4-D0976D552B47" controlTypeID="Border" x="0" y="0" w="353" h="247" zOrder="4">
          <alias>borderLayer</alias>
          <ShadowBlur>0</ShadowBlur>
        </control>
      </groupChildrenDescriptors>
      <thinkness>1</thinkness>
    </control>
    <control controlID="D181E411-B9B6-4099-9244-65BA049CE344" controlTypeID="Panel" x="1063" y="120" w="353" h="247" zOrder="19">
      <color>4284900966</color>
      <ShadowBlur>0</ShadowBlur>
      <groupChildrenDescriptors>
        <control controlID="AC4ED17E-18EA-4A55-9F4B-CFD864442410" controlTypeID="Label" x="10" y="92" w="93" h="38" zOrder="0">
          <ShadowBlur>0</ShadowBlur>
          <font family="Bradley+Hand+ITC" displayName="Bradley+Hand+ITC_%26_Bold" postScript="" weightStyle="Bold" weight="700" isBold="True" isItalic="False" useDefaultFontFamily="False"/>
          <text>Slikar%3A</text>
          <textColor>4286578432</textColor>
          <textSize>30</textSize>
          <lineSpacing>0</lineSpacing>
          <textStyles>[fsBold]</textStyles>
          <useDefaultTextSize>False</useDefaultTextSize>
          <selectedIndex>-1</selectedIndex>
        </control>
        <control controlID="96E51A77-57D8-4125-852D-A0A77092BC46" controlTypeID="Label" x="34" y="130" w="235" h="38" zOrder="1">
          <ShadowBlur>0</ShadowBlur>
          <font family="Bradley+Hand+ITC" displayName="Bradley+Hand+ITC_%26_Bold" postScript="" weightStyle="Bold" weight="700" isBold="True" isItalic="False" useDefaultFontFamily="False"/>
          <text>Samantha+French</text>
          <textColor>4286578432</textColor>
          <textSize>30</textSize>
          <lineSpacing>0</lineSpacing>
          <textStyles>[fsBold]</textStyles>
          <useDefaultTextSize>False</useDefaultTextSize>
          <selectedIndex>-1</selectedIndex>
        </control>
        <control controlID="25390B31-B6F0-487F-A17C-809AB5FE1980" controlTypeID="Label" x="10" y="16" w="81" h="38" zOrder="2">
          <ShadowBlur>0</ShadowBlur>
          <font family="Bradley+Hand+ITC" displayName="Bradley+Hand+ITC_%26_Bold" postScript="" weightStyle="Bold" weight="700" isBold="True" isItalic="False" useDefaultFontFamily="False"/>
          <text>Slika%3A</text>
          <textColor>4286578432</textColor>
          <textSize>30</textSize>
          <lineSpacing>0</lineSpacing>
          <textStyles>[fsBold]</textStyles>
          <useDefaultTextSize>False</useDefaultTextSize>
          <selectedIndex>-1</selectedIndex>
        </control>
        <control controlID="4DBC096A-64CA-4EDD-85A2-D87FE6FDB37E" controlTypeID="Label" x="34" y="54" w="219" h="38" zOrder="3">
          <ShadowBlur>0</ShadowBlur>
          <font family="Bradley+Hand+ITC" displayName="Bradley+Hand+ITC_%26_Bold" postScript="" weightStyle="Bold" weight="700" isBold="True" isItalic="False" useDefaultFontFamily="False"/>
          <text>Doubtful+crumbs</text>
          <textColor>4286578432</textColor>
          <textSize>30</textSize>
          <lineSpacing>0</lineSpacing>
          <textStyles>[fsBold]</textStyles>
          <useDefaultTextSize>False</useDefaultTextSize>
          <selectedIndex>-1</selectedIndex>
        </control>
        <control controlID="0B6D65D7-C191-4293-9437-DEEFF6C40F3A" controlTypeID="Border" x="0" y="0" w="353" h="247" zOrder="4">
          <alias>borderLayer</alias>
          <ShadowBlur>0</ShadowBlur>
        </control>
      </groupChildrenDescriptors>
      <thinkness>1</thinkness>
    </control>
    <control controlID="25588842-0E49-49D4-8EBA-84978BC15D05" controlTypeID="Panel" x="362" y="500" w="353" h="247" zOrder="20">
      <color>4284900966</color>
      <ShadowBlur>0</ShadowBlur>
      <groupChildrenDescriptors>
        <control controlID="0248F4CF-4F74-41F6-A634-E7464BD883FC" controlTypeID="Label" x="10" y="92" w="93" h="38" zOrder="0">
          <ShadowBlur>0</ShadowBlur>
          <font family="Bradley+Hand+ITC" displayName="Bradley+Hand+ITC_%26_Bold" postScript="" weightStyle="Bold" weight="700" isBold="True" isItalic="False" useDefaultFontFamily="False"/>
          <text>Slikar%3A</text>
          <textColor>4286578432</textColor>
          <textSize>30</textSize>
          <lineSpacing>0</lineSpacing>
          <textStyles>[fsBold]</textStyles>
          <useDefaultTextSize>False</useDefaultTextSize>
          <selectedIndex>-1</selectedIndex>
        </control>
        <control controlID="9A6DC270-3908-4A0F-9F8A-0730721C6925" controlTypeID="Label" x="34" y="130" w="235" h="38" zOrder="1">
          <ShadowBlur>0</ShadowBlur>
          <font family="Bradley+Hand+ITC" displayName="Bradley+Hand+ITC_%26_Bold" postScript="" weightStyle="Bold" weight="700" isBold="True" isItalic="False" useDefaultFontFamily="False"/>
          <text>Samantha+French</text>
          <textColor>4286578432</textColor>
          <textSize>30</textSize>
          <lineSpacing>0</lineSpacing>
          <textStyles>[fsBold]</textStyles>
          <useDefaultTextSize>False</useDefaultTextSize>
          <selectedIndex>-1</selectedIndex>
        </control>
        <control controlID="11C526FA-FC73-42D0-8975-165CCF38BFBC" controlTypeID="Label" x="10" y="16" w="81" h="38" zOrder="2">
          <ShadowBlur>0</ShadowBlur>
          <font family="Bradley+Hand+ITC" displayName="Bradley+Hand+ITC_%26_Bold" postScript="" weightStyle="Bold" weight="700" isBold="True" isItalic="False" useDefaultFontFamily="False"/>
          <text>Slika%3A</text>
          <textColor>4286578432</textColor>
          <textSize>30</textSize>
          <lineSpacing>0</lineSpacing>
          <textStyles>[fsBold]</textStyles>
          <useDefaultTextSize>False</useDefaultTextSize>
          <selectedIndex>-1</selectedIndex>
        </control>
        <control controlID="0ED2AAC1-6FAF-4490-BC81-62076B9C414D" controlTypeID="Label" x="34" y="54" w="264" h="38" zOrder="3">
          <ShadowBlur>0</ShadowBlur>
          <font family="Bradley+Hand+ITC" displayName="Bradley+Hand+ITC_%26_Bold" postScript="" weightStyle="Bold" weight="700" isBold="True" isItalic="False" useDefaultFontFamily="False"/>
          <text>Monarch+of+the+Glen</text>
          <textColor>4286578432</textColor>
          <textSize>30</textSize>
          <lineSpacing>0</lineSpacing>
          <textStyles>[fsBold]</textStyles>
          <useDefaultTextSize>False</useDefaultTextSize>
          <selectedIndex>-1</selectedIndex>
        </control>
        <control controlID="D572839C-447F-4ECD-87FD-A2BA58A556A9" controlTypeID="Border" x="0" y="0" w="353" h="247" zOrder="4">
          <alias>borderLayer</alias>
          <ShadowBlur>0</ShadowBlur>
        </control>
      </groupChildrenDescriptors>
      <thinkness>1</thinkness>
    </control>
    <control controlID="961FF70D-FBFC-4E4D-BCC1-C3C6E93229FF" controlTypeID="TextInput" x="1064" y="377" w="124" h="48" zOrder="21">
      <ShadowBlur>0</ShadowBlur>
      <font family="Bradley+Hand+ITC" displayName="Bradley+Hand+ITC" postScript="" weightStyle="Regular" weight="400" isBold="False" isItalic="False" useDefaultFontFamily="False"/>
      <text>3500.00$</text>
      <textSize>20</textSize>
      <lineSpacing>0</lineSpacing>
      <useDefaultTextSize>False</useDefaultTextSize>
      <selectedIndex>-1</selectedIndex>
      <canInput>False</canInput>
      <radius>16</radius>
    </control>
    <control controlID="EAD17890-1859-4A05-B15E-AE1ADD35273C" controlTypeID="TextInput" x="1064" y="757" w="124" h="48" zOrder="22">
      <ShadowBlur>0</ShadowBlur>
      <font family="Bradley+Hand+ITC" displayName="Bradley+Hand+ITC" postScript="" weightStyle="Regular" weight="400" isBold="False" isItalic="False" useDefaultFontFamily="False"/>
      <text>3500.00$</text>
      <textSize>20</textSize>
      <lineSpacing>0</lineSpacing>
      <useDefaultTextSize>False</useDefaultTextSize>
      <selectedIndex>-1</selectedIndex>
      <canInput>False</canInput>
      <radius>16</radius>
    </control>
    <control controlID="A0E1CE7E-3E86-4391-AE4E-4AD7BC175265" controlTypeID="TextInput" x="358" y="757" w="124" h="48" zOrder="23">
      <ShadowBlur>0</ShadowBlur>
      <font family="Bradley+Hand+ITC" displayName="Bradley+Hand+ITC" postScript="" weightStyle="Regular" weight="400" isBold="False" isItalic="False" useDefaultFontFamily="False"/>
      <text>3500.00$</text>
      <textSize>20</textSize>
      <lineSpacing>0</lineSpacing>
      <useDefaultTextSize>False</useDefaultTextSize>
      <selectedIndex>-1</selectedIndex>
      <canInput>False</canInput>
      <radius>16</radius>
    </control>
    <control controlID="1F3EAA1C-0319-4FFB-817C-4778A72B25B0" controlTypeID="Icon" x="1360" y="681" w="56" h="56" zOrder="24">
      <color>4286578432</color>
      <opacity>0</opacity>
      <ShadowBlur>0</ShadowBlur>
      <interactiveData>
        <entry title="">
          <area shape="0" alt="" ID="{C4D19C60-C15A-41D6-B304-50AA12D414F3}" coords="(0,0,56,56)"/>
          <events title="">
            <event eventType="atClick" isChecked="True">
              <behaviour title="" isChecked="True" isWait="False" isLoop="False" execMode="emParallel">
                <target targetID="87737A39-9DAC-4535-8916-87000C7DC91F" isChecked="True" isAutoRecovery="False" isLoop="False" execMode="emSequence">
                  <command name="Change Visibility" isChecked="True" descrition="">
                    <param name="AniInterpolation" value="1" varType="3" description=""/>
                    <param name="AniDuration" value="200" varType="3" description=""/>
                    <param name="AniAutoReverse" value="False" varType="11" description=""/>
                    <param name="AniLoop" value="False" varType="11" description=""/>
                    <param name="AniInterpolationTypeOut" value="False" varType="11" description=""/>
                    <param name="Delay" value="0" varType="3" description=""/>
                    <param name="ValueFromCurrent" value="True" varType="11" description=""/>
                    <param name="ForceFromInitValue" value="False" varType="11" description=""/>
                    <param name="ForceSetVisible" value="False" varType="11" description=""/>
                    <param name="Value" value="2" varType="3" description=""/>
                    <param name="TerminateLoopByClick" value="True" varType="11" description=""/>
                  </command>
                </target>
              </behaviour>
            </event>
          </events>
        </entry>
      </interactiveData>
      <icon>
        <ID/>
        <iconFontName>jdIonicons</iconFontName>
        <iconCode>62034</iconCode>
      </icon>
      <URL>1DEEC712A18B774EEA9584D159237A03.svg</URL>
    </control>
    <control controlID="675D5925-4646-4E4E-9CAF-92BA74F59842" controlTypeID="Icon" x="652" y="681" w="56" h="56" zOrder="25">
      <color>4286578432</color>
      <opacity>0</opacity>
      <ShadowBlur>0</ShadowBlur>
      <icon>
        <ID/>
        <iconFontName>jdIonicons</iconFontName>
        <iconCode>62034</iconCode>
      </icon>
      <URL>1DEEC712A18B774EEA9584D159237A03.svg</URL>
    </control>
    <control controlID="0C431B16-38EA-41CB-850A-30597343D26D" controlTypeID="Icon" x="652" y="303" w="56" h="56" zOrder="26">
      <color>4286578432</color>
      <opacity>0</opacity>
      <ShadowBlur>0</ShadowBlur>
      <icon>
        <ID/>
        <iconFontName>jdIonicons</iconFontName>
        <iconCode>62034</iconCode>
      </icon>
      <URL>1DEEC712A18B774EEA9584D159237A03.svg</URL>
    </control>
    <control controlID="38361676-A3B6-47FB-977D-A8BED59E892C" controlTypeID="Icon" x="1360" y="303" w="56" h="56" zOrder="27">
      <color>4286578432</color>
      <opacity>0</opacity>
      <ShadowBlur>0</ShadowBlur>
      <icon>
        <ID/>
        <iconFontName>jdIonicons</iconFontName>
        <iconCode>62034</iconCode>
      </icon>
      <URL>1DEEC712A18B774EEA9584D159237A03.svg</URL>
    </control>
    <control controlID="87737A39-9DAC-4535-8916-87000C7DC91F" controlTypeID="Alert" x="462" y="224" w="602" h="438" zOrder="28">
      <isShow>False</isShow>
      <opacity>0</opacity>
      <ShadowBlur>0</ShadowBlur>
      <links eventType="AtClick" animate="AmNone" animateAutoDelay="0" animateDuration="500">
        <link targetPageID="E75ABCFE-A99A-4A62-B2B0-BB3CFDC54DCD" linkType="ltPageLink" isApplyIncludePage="False" title="Da">
          <area shape="0" alt="" ID="{A4D2C24A-5F82-4BFE-B8F3-6871D2C320D3}" coords="(4.5,402.5,296.5,433.5)"/>
        </link>
        <link targetPageID="" linkType="ltPageLink" isApplyIncludePage="False" title="Ne">
          <area shape="0" alt="" ID="{0127B75B-94A9-4CA6-A4B2-043E08E6B22A}" coords="(305.5,402.5,597.5,433.5)"/>
        </link>
      </links>
      <interactiveData>
        <entry title="Da">
          <area shape="0" alt="" ID="{22999F3D-F98B-440F-B820-E99E231088CA}" coords="(4.5,402.5,296.5,433.5)"/>
          <events title=""/>
        </entry>
        <entry title="Ne">
          <area shape="0" alt="" ID="{1550FEE6-736A-42C3-B430-0A7E654C8113}" coords="(305.5,402.5,597.5,433.5)"/>
          <events title="">
            <event eventType="atClick" isChecked="True">
              <behaviour title="" isChecked="True" isWait="False" isLoop="False" execMode="emParallel">
                <target targetID="87737A39-9DAC-4535-8916-87000C7DC91F" IsNeedReplaceAsSelfID="True" isChecked="True" isAutoRecovery="False" isLoop="False" execMode="emSequence">
                  <command name="Change Visibility" isChecked="True" descrition="">
                    <param name="AniInterpolation" value="1" varType="3" description=""/>
                    <param name="AniDuration" value="200" varType="3" description=""/>
                    <param name="AniAutoReverse" value="False" varType="11" description=""/>
                    <param name="AniLoop" value="False" varType="11" description=""/>
                    <param name="AniInterpolationTypeOut" value="False" varType="11" description=""/>
                    <param name="Delay" value="0" varType="3" description=""/>
                    <param name="ValueFromCurrent" value="True" varType="11" description=""/>
                    <param name="ForceFromInitValue" value="False" varType="11" description=""/>
                    <param name="ForceSetVisible" value="False" varType="11" description=""/>
                    <param name="Value" value="2" varType="3" description=""/>
                    <param name="TerminateLoopByClick" value="True" varType="11" description=""/>
                  </command>
                </target>
              </behaviour>
            </event>
          </events>
        </entry>
      </interactiveData>
      <font family="Segoe+UI" displayName="Segoe+UI" postScript="" weightStyle="Regular" weight="400" isBold="False" isItalic="False"/>
      <text>Upozorenje%0D%0ADa+li+sigurno+%C5%BEelite+da+izbacite+sliku+iz+korpe%3F+%0D%0ADa%2CNe</text>
      <textColor>4284900966</textColor>
      <textSize>32</textSize>
      <lineSpacing>0</lineSpacing>
      <useDefaultTextSize>False</useDefaultTextSize>
    </control>
    <control controlID="D8E41D79-0354-42DA-BBE8-3CA8A4230514" controlTypeID="ColorPicker" x="1452" y="10" w="64" h="64" zOrder="29">
      <color>4281545523</color>
      <ShadowBlur>0</ShadowBlur>
    </control>
    <control controlID="EE64624A-66D3-4267-BE6E-FE272381A15B" controlTypeID="Image" x="1460" y="14" w="48" h="55" zOrder="30">
      <ShadowBlur>0</ShadowBlur>
      <links eventType="AtClick" animate="AmNone" animateAutoDelay="0" animateDuration="500">
        <link targetPageID="94C2C370-F2BB-4CD2-8734-AEC9E0486530" linkType="ltPageLink" isApplyIncludePage="False" title="Informacije+o+nalogu">
          <area shape="0" alt="" ID="{82C874AF-7B04-4317-80D9-9437D5D1D397}" coords="(0,0,48,55)"/>
        </link>
      </links>
      <URL>82F81C14AEE290F8A65EB9D1267CFB47.jpg</URL>
    </control>
    <control controlID="1EF91A40-EC4F-4295-872F-DC33F0C5BD27" controlTypeID="Button" x="1169" y="26" w="100" h="32" zOrder="31">
      <color>4281545523</color>
      <ShadowBlur>0</ShadowBlur>
      <links eventType="AtClick" animate="AmNone" animateAutoDelay="0" animateDuration="500">
        <link targetPageID="EBB659F3-F0CE-4C29-A989-AAAB6EE56A3A" linkType="ltPageLink" isApplyIncludePage="False" title="Forma+za+kupovinu">
          <area shape="0" alt="" ID="{1813181F-2B2C-4C34-A91E-060153D030D0}" coords="(0,0,100,32)"/>
        </link>
      </links>
      <font family="Bradley+Hand+ITC" displayName="Bradley+Hand+ITC_%26_Bold" postScript="" weightStyle="Bold" weight="700" isBold="True" isItalic="False" useDefaultFontFamily="False"/>
      <text>Kupi+sve</text>
      <textColor>4286578432</textColor>
      <textSize>24</textSize>
      <lineSpacing>0</lineSpacing>
      <textStyles>[fsBold]</textStyles>
      <useDefaultTextSize>False</useDefaultTextSize>
      <selectedIndex>-1</selectedIndex>
      <radius>100</radius>
      <radiusIsPercent>True</radiusIsPercent>
    </control>
    <control controlID="6D577647-5AB3-4839-890C-B8328302A9A2" controlTypeID="PopupPanel" x="529" y="759" w="46" h="46" zOrder="32">
      <ShadowBlur>0</ShadowBlur>
      <groupChildrenDescriptors>
        <control controlID="01DCD3FD-A6F6-404A-90D2-781426DBA1BF" controlTypeID="Panel" x="0" y="0" w="1536" h="864" zOrder="0">
          <locked>True</locked>
          <color>1879048192</color>
          <borderVisible>False</borderVisible>
          <canMove>False</canMove>
          <alias>background</alias>
          <ShadowBlur>0</ShadowBlur>
          <groupChildrenDescriptors>
            <control controlID="AB63B617-8591-49CB-95FB-DCAE753BB425" controlTypeID="Border" x="0" y="0" w="1536" h="864" zOrder="0">
              <borderVisible>False</borderVisible>
              <alias>borderLayer</alias>
              <ShadowBlur>0</ShadowBlur>
            </control>
          </groupChildrenDescriptors>
          <thinkness>1</thinkness>
        </control>
        <control controlID="4DA54677-E0E0-4991-9C9C-BC54500ECCFC" controlTypeID="PopupPanelContent" x="171" y="89" w="1215" h="719" zOrder="1">
          <color>16777215</color>
          <alias>content</alias>
          <ShadowBlur>0</ShadowBlur>
          <groupChildrenDescriptors>
            <control controlID="803576F3-80DE-4669-9F83-57C41C687EEB" controlTypeID="Panel" x="0" y="0" w="1215" h="719" zOrder="0">
              <color>4290314099</color>
              <ShadowBlur>0</ShadowBlur>
              <groupChildrenDescriptors>
                <control controlID="2858AA74-C320-4208-891D-DD8BF9093446" controlTypeID="Image" x="0" y="38" w="571" h="645" zOrder="0">
                  <ShadowBlur>0</ShadowBlur>
                  <radiusIsPercent>True</radiusIsPercent>
                  <URL>E46C34B11B1E4937836188E91D3FC6E5.jpg</URL>
                  <fitMode>fmFit</fitMode>
                </control>
                <control controlID="BD7C4B72-15DC-464E-8142-0629F47B6692" controlTypeID="Label" x="588" y="38" w="93" h="38" zOrder="1">
                  <ShadowBlur>0</ShadowBlur>
                  <font family="Bradley+Hand+ITC" displayName="Bradley+Hand+ITC_%26_Bold" postScript="" weightStyle="Bold" weight="700" isBold="True" isItalic="False" useDefaultFontFamily="False"/>
                  <text>Slikar%3A</text>
                  <textColor>4284900966</textColor>
                  <textSize>30</textSize>
                  <textAlign>HaCenter</textAlign>
                  <lineSpacing>0</lineSpacing>
                  <textStyles>[fsBold]</textStyles>
                  <useDefaultTextSize>False</useDefaultTextSize>
                  <selectedIndex>-1</selectedIndex>
                </control>
                <control controlID="9E2BF15F-1566-4686-9ADD-B6638B24A250" controlTypeID="Label" x="781" y="38" w="235" h="38" zOrder="2">
                  <ShadowBlur>0</ShadowBlur>
                  <font family="Bradley+Hand+ITC" displayName="Bradley+Hand+ITC_%26_Bold" postScript="" weightStyle="Bold" weight="700" isBold="True" isItalic="False" useDefaultFontFamily="False"/>
                  <text>Samantha+French</text>
                  <textColor>4284900966</textColor>
                  <textSize>30</textSize>
                  <textAlign>HaCenter</textAlign>
                  <lineSpacing>0</lineSpacing>
                  <textStyles>[fsBold]</textStyles>
                  <useDefaultTextSize>False</useDefaultTextSize>
                  <selectedIndex>-1</selectedIndex>
                </control>
                <control controlID="B1E982ED-0858-44B1-A7AB-765B1348A4A8" controlTypeID="Label" x="588" y="106" w="58" h="38" zOrder="3">
                  <ShadowBlur>0</ShadowBlur>
                  <font family="Bradley+Hand+ITC" displayName="Bradley+Hand+ITC_%26_Bold" postScript="" weightStyle="Bold" weight="700" isBold="True" isItalic="False" useDefaultFontFamily="False"/>
                  <text>Stil%3A</text>
                  <textColor>4284900966</textColor>
                  <textSize>30</textSize>
                  <textAlign>HaCenter</textAlign>
                  <lineSpacing>0</lineSpacing>
                  <textStyles>[fsBold]</textStyles>
                  <useDefaultTextSize>False</useDefaultTextSize>
                  <selectedIndex>-1</selectedIndex>
                </control>
                <control controlID="C009F571-55A3-4019-97B2-1AFC116D63DE" controlTypeID="Label" x="773" y="106" w="111" h="38" zOrder="4">
                  <ShadowBlur>0</ShadowBlur>
                  <font family="Bradley+Hand+ITC" displayName="Bradley+Hand+ITC_%26_Bold" postScript="" weightStyle="Bold" weight="700" isBold="True" isItalic="False" useDefaultFontFamily="False"/>
                  <text>Moderna</text>
                  <textColor>4284900966</textColor>
                  <textSize>30</textSize>
                  <textAlign>HaCenter</textAlign>
                  <lineSpacing>0</lineSpacing>
                  <textStyles>[fsBold]</textStyles>
                  <useDefaultTextSize>False</useDefaultTextSize>
                  <selectedIndex>-1</selectedIndex>
                </control>
                <control controlID="9C024302-7CC5-4DB3-971A-48DCF8464552" controlTypeID="Label" x="588" y="176" w="77" h="38" zOrder="5">
                  <ShadowBlur>0</ShadowBlur>
                  <font family="Bradley+Hand+ITC" displayName="Bradley+Hand+ITC_%26_Bold" postScript="" weightStyle="Bold" weight="700" isBold="True" isItalic="False" useDefaultFontFamily="False"/>
                  <text>Tema%3A</text>
                  <textColor>4284900966</textColor>
                  <textSize>30</textSize>
                  <textAlign>HaCenter</textAlign>
                  <lineSpacing>0</lineSpacing>
                  <textStyles>[fsBold]</textStyles>
                  <useDefaultTextSize>False</useDefaultTextSize>
                  <selectedIndex>-1</selectedIndex>
                </control>
                <control controlID="5308F473-B4AB-45CE-BE56-0B34866E0DE1" controlTypeID="Label" x="773" y="176" w="152" h="38" zOrder="6">
                  <ShadowBlur>0</ShadowBlur>
                  <font family="Bradley+Hand+ITC" displayName="Bradley+Hand+ITC_%26_Bold" postScript="" weightStyle="Bold" weight="700" isBold="True" isItalic="False" useDefaultFontFamily="False"/>
                  <text>Underwater</text>
                  <textColor>4284900966</textColor>
                  <textSize>30</textSize>
                  <textAlign>HaCenter</textAlign>
                  <lineSpacing>0</lineSpacing>
                  <textStyles>[fsBold]</textStyles>
                  <useDefaultTextSize>False</useDefaultTextSize>
                  <selectedIndex>-1</selectedIndex>
                </control>
                <control controlID="E652370B-4447-4895-84E1-A0AAB793B1D4" controlTypeID="Border" x="0" y="0" w="1215" h="719" zOrder="7">
                  <alias>borderLayer</alias>
                  <ShadowBlur>0</ShadowBlur>
                </control>
              </groupChildrenDescriptors>
              <thinkness>1</thinkness>
            </control>
            <control controlID="1C50196C-D9CA-46E2-87A1-2DBF0523FD88" controlTypeID="ScrollView" x="575" y="281" w="606" h="400" zOrder="1">
              <color>4290314099</color>
              <borderColor>4290314099</borderColor>
              <ShadowBlur>0</ShadowBlur>
              <groupChildrenDescriptors>
                <control controlID="3A16DB01-A5C7-482D-A12B-80FB5594022D" controlTypeID="ScrollViewContentPanel" x="0" y="0" w="606" h="494" zOrder="0">
                  <alias>contentPanel</alias>
                  <ShadowBlur>0</ShadowBlur>
                  <groupChildrenDescriptors>
                    <control controlID="76C2CA5F-2E1A-4DC8-9A43-B08EAA586D6B" controlTypeID="TextArea" x="20" y="10" w="552" h="484" zOrder="0">
                      <borderColor>4286578432</borderColor>
                      <ShadowBlur>0</ShadowBlur>
                      <font family="Bradley+Hand+ITC" displayName="Bradley+Hand+ITC_%26_Bold" postScript="" weightStyle="Bold" weight="700" isBold="True" isItalic="False" useDefaultFontFamily="False"/>
                      <text>Lorem+ipsum+dolor+sit+amet%2C+consectetur+adipiscing+elit%2C+sed+do+eiusmod+tempor+incididunt+ut+labore+et+dolore+magna+aliqua.+Ut+enim+ad+minim+veniam%2C+quis+nostrud+exercitation+ullamco+laboris+nisi+ut+aliquip+ex+ea+commodo+consequat.+Duis+aute+irure+dolor+in+reprehenderit+in+voluptate+velit+esse+cillum+dolore+eu+fugiat+nulla+pariatur.+</text>
                      <textColor>4281545523</textColor>
                      <textSize>34</textSize>
                      <textStyles>[fsBold]</textStyles>
                      <useDefaultTextSize>False</useDefaultTextSize>
                      <selectedIndex>-1</selectedIndex>
                    </control>
                  </groupChildrenDescriptors>
                </control>
                <control controlID="AA74850D-F94B-4030-A25E-D8F58CF4C26F" controlTypeID="Border" x="0" y="0" w="606" h="400" zOrder="1">
                  <color>4284900966</color>
                  <borderColor>4290314099</borderColor>
                  <alias>borderLayer</alias>
                  <ShadowBlur>0</ShadowBlur>
                </control>
              </groupChildrenDescriptors>
              <canHoriScroll>True</canHoriScroll>
            </control>
          </groupChildrenDescriptors>
        </control>
      </groupChildrenDescriptors>
    </control>
  </controls>
  <param>
    <backgroundColor>4284900966</backgroundColor>
    <fontSize>14</fontSize>
    <fontFamily>Segoe+UI</fontFamily>
    <guideLines/>
  </param>
</mockup>