﻿<mockup version="5.3" minAllowVersion="5.3" ID="B5BADDBB-B888-498B-919C-455197A4F6A6" platform="MtWeb" defaultW="1536" defaultH="864" measureW="1536" measureH="864" mobileScreenScale="0">
  <controls controlCount="12">
    <control controlID="B45BCFF5-7A06-4AB5-AC38-88EFB66351C4" controlTypeID="Image" x="0" y="0" w="1536" h="864" zOrder="0">
      <ShadowBlur>0</ShadowBlur>
      <URL>9353A407A077278C67C7F23C935D216B.png</URL>
    </control>
    <control controlID="6396B379-04CA-442B-B692-2EB2C61BD2D9" controlTypeID="HRule" x="0" y="84" w="1536" h="12" zOrder="1">
      <color>4281545523</color>
      <ShadowBlur>0</ShadowBlur>
    </control>
    <control controlID="9AC61108-0745-46A2-B998-E9F2965C442B" controlTypeID="Image" x="1381" y="760" w="135" h="84" zOrder="2">
      <ShadowBlur>0</ShadowBlur>
      <URL>553C79B8BB334A24B76BC57838CE7B5A.png</URL>
    </control>
    <control controlID="032B9EF1-7BBB-4855-875C-E04F6801832A" controlTypeID="Label" x="1405" y="8" w="6" h="24" zOrder="3">
      <caption>1</caption>
      <ShadowBlur>0</ShadowBlur>
      <font family="Segoe+UI" displayName="Segoe+UI" postScript="" weightStyle="Regular" weight="400" isBold="False" isItalic="False"/>
      <text>1+</text>
      <textColor>4294967295</textColor>
      <textSize>18</textSize>
      <lineSpacing>0</lineSpacing>
      <useDefaultTextSize>False</useDefaultTextSize>
      <selectedIndex>-1</selectedIndex>
    </control>
    <control controlID="2AD42416-F2F9-421F-B53D-3BE8ABFF4076" controlTypeID="ColorPicker" x="1452" y="8" w="64" h="64" zOrder="4">
      <color>4281545523</color>
      <ShadowBlur>0</ShadowBlur>
    </control>
    <control controlID="79DE228C-98B0-4C83-A63C-815E9DDFED56" controlTypeID="Button" x="698" y="729" w="236" h="55" zOrder="5">
      <color>4286578432</color>
      <ShadowBlur>0</ShadowBlur>
      <links eventType="AtClick" animate="AmNone" animateAutoDelay="0" animateDuration="500">
        <link targetPageID="280DD481-5310-4F7F-A5B6-8EF6322471FA" linkType="ltPageLink" isApplyIncludePage="False" title="Informacije+o+nalogu_slikar+drazen">
          <area shape="0" alt="" ID="{F569B514-1B85-4EAF-95F7-63B75AE13F61}" coords="(0,0,236,55)"/>
        </link>
      </links>
      <font family="Bradley+Hand+ITC" displayName="Bradley+Hand+ITC_%26_Bold" postScript="" weightStyle="Bold" weight="700" isBold="True" isItalic="False" useDefaultFontFamily="False"/>
      <text>Sa%C4%8Duvaj+izmene%0D%0A</text>
      <textSize>30</textSize>
      <textVAlign>VaTop</textVAlign>
      <lineSpacing>0</lineSpacing>
      <textStyles>[fsBold]</textStyles>
      <useDefaultTextSize>False</useDefaultTextSize>
      <selectedIndex>-1</selectedIndex>
      <radius>24</radius>
    </control>
    <control controlID="AD0CF156-8363-460A-BB4D-0C4F843D52C5" controlTypeID="Label" x="20" y="129" w="572" h="38" zOrder="6">
      <ShadowBlur>0</ShadowBlur>
      <font family="Bradley+Hand+ITC" displayName="Bradley+Hand+ITC_%26_Bold" postScript="" weightStyle="Bold" weight="700" isBold="True" isItalic="False" useDefaultFontFamily="False"/>
      <text>Profilna+slika+ako+ne+izaberete+ni+jedan+fajl%3A</text>
      <textColor>4281545523</textColor>
      <textSize>30</textSize>
      <lineSpacing>0</lineSpacing>
      <textStyles>[fsBold]</textStyles>
      <useDefaultTextSize>False</useDefaultTextSize>
      <selectedIndex>-1</selectedIndex>
    </control>
    <control controlID="227E7C6D-0CAE-47FA-BCAD-FD2CFA5D1580" controlTypeID="Button" x="1195" y="347" w="230" h="56" zOrder="7">
      <color>4286578432</color>
      <ShadowBlur>0</ShadowBlur>
      <links eventType="AtClick" animate="AmNone" animateAutoDelay="0" animateDuration="500">
        <link targetPageID="91FEBFE9-0A0D-4B07-BC0E-F90F8F7F2E06" linkType="ltPageLink" isApplyIncludePage="False" title="Profil+slikara">
          <area shape="0" alt="" ID="{B02D5C99-08A2-499E-88CA-017A28CE9A46}" coords="(0,0,230,56)"/>
        </link>
      </links>
      <font family="Bradley+Hand+ITC" displayName="Bradley+Hand+ITC_%26_Bold" postScript="" weightStyle="Bold" weight="700" isBold="True" isItalic="False" useDefaultFontFamily="False"/>
      <text>Moj+profil</text>
      <textSize>30</textSize>
      <lineSpacing>0</lineSpacing>
      <textStyles>[fsBold]</textStyles>
      <useDefaultTextSize>False</useDefaultTextSize>
      <selectedIndex>-1</selectedIndex>
      <radius>24</radius>
    </control>
    <control controlID="7E906A93-DA5A-4FD5-8F08-906A1330924F" controlTypeID="Image" x="1460" y="12" w="48" h="55" zOrder="8">
      <ShadowBlur>0</ShadowBlur>
      <URL>848195E271EF5E5ABCE0B97ACCFF830F.jpg</URL>
    </control>
    <control controlID="5E1034D6-2E13-4960-9F5C-F90840987896" controlTypeID="AvatarEx2" x="713" y="139" w="206" h="206" zOrder="9">
      <borderVisible>False</borderVisible>
      <avatarColorStyle>asGray</avatarColorStyle>
      <icon>
        <ID/>
        <iconFontName>jdiconfontB</iconFontName>
        <iconCode>59652</iconCode>
      </icon>
      <URL>467605F5F90D9FF65132C1A6EF883F26.svg</URL>
    </control>
    <control controlID="44C57503-01D0-40CC-BCEB-E0DA84111A39" controlTypeID="TextArea" x="34" y="468" w="486" h="156" zOrder="10">
      <color>6710886</color>
      <borderColor>4286578432</borderColor>
      <ShadowBlur>0</ShadowBlur>
      <font family="Bradley+Hand+ITC" displayName="Bradley+Hand+ITC_%26_Bold" postScript="" weightStyle="Bold" weight="700" isBold="True" isItalic="False" useDefaultFontFamily="False"/>
      <text>Unesite+punu+putanju+do+fajla+(uklju%C4%8Duju%C4%87i+i+pun+naziv+fajla)%3A</text>
      <textSize>35</textSize>
      <textAlign>HaCenter</textAlign>
      <textVAlign>VaMiddle</textVAlign>
      <textStyles>[fsBold]</textStyles>
      <useDefaultTextSize>False</useDefaultTextSize>
      <selectedIndex>-1</selectedIndex>
    </control>
    <control controlID="A0473C04-0015-470C-A5AD-DDBAA7B4DB32" controlTypeID="TextInput" x="568" y="534" w="774" h="60" zOrder="11">
      <font family="Segoe+UI" displayName="Segoe+UI" postScript="" weightStyle="Regular" weight="400" isBold="False" isItalic="False"/>
      <textSize>30</textSize>
      <lineSpacing>0</lineSpacing>
      <useDefaultTextSize>False</useDefaultTextSize>
      <selectedIndex>-1</selectedIndex>
      <placeHolder>D%3A%5CETF%5CPSI%5CProjekat%5Cdrazend.jpg</placeHolder>
    </control>
  </controls>
  <param>
    <backgroundColor>4284900966</backgroundColor>
    <fontSize>14</fontSize>
    <fontFamily>Segoe+UI</fontFamily>
    <guideLines/>
  </param>
</mockup>