﻿<mockup version="5.3" minAllowVersion="5.3" ID="C3365B09-D353-4AD0-9BA9-F6F9681CADBC" platform="MtWeb" defaultW="1536" defaultH="864" measureW="1536" measureH="864" mobileScreenScale="0">
  <controls controlCount="27">
    <control controlID="D014D7B7-A878-473D-82AA-5490E1277EE7" controlTypeID="Image" x="0" y="0" w="1536" h="864" zOrder="0">
      <ShadowBlur>0</ShadowBlur>
      <URL>9353A407A077278C67C7F23C935D216B.png</URL>
    </control>
    <control controlID="7B02F282-D9B3-49BA-BC65-012B16A13384" controlTypeID="HRule" x="0" y="85" w="1536" h="12" zOrder="1">
      <color>4281545523</color>
      <ShadowBlur>0</ShadowBlur>
    </control>
    <control controlID="AC8AFF74-5BDD-40C3-9952-36731C314404" controlTypeID="Image" x="1381" y="760" w="135" h="84" zOrder="2">
      <ShadowBlur>0</ShadowBlur>
      <URL>553C79B8BB334A24B76BC57838CE7B5A.png</URL>
    </control>
    <control controlID="058EABB7-9033-45B2-85E7-85BA6FB6F471" controlTypeID="ColorPicker" x="1452" y="15" w="64" h="64" zOrder="3">
      <color>4281545523</color>
      <ShadowBlur>0</ShadowBlur>
    </control>
    <control controlID="1480A642-E788-434C-8350-1A367842DAC0" controlTypeID="Image" x="1460" y="19" w="48" h="55" zOrder="4">
      <ShadowBlur>0</ShadowBlur>
      <links eventType="AtClick" animate="AmNone" animateAutoDelay="0" animateDuration="500">
        <link targetPageID="280DD481-5310-4F7F-A5B6-8EF6322471FA" linkType="ltPageLink" isApplyIncludePage="False" title="Informacije+o+nalogu_slikar+drazen">
          <area shape="0" alt="" ID="{9F5BD4EA-74A7-47B4-9E3D-692C5CDF3E78}" coords="(0,0,48,55)"/>
        </link>
      </links>
      <URL>848195E271EF5E5ABCE0B97ACCFF830F.jpg</URL>
    </control>
    <control controlID="974567CA-790D-43BB-9CBC-CEACD74AA017" controlTypeID="Button" x="979" y="742" w="385" h="68" zOrder="5">
      <color>4281545523</color>
      <ShadowBlur>0</ShadowBlur>
      <interactiveData>
        <entry title="">
          <area shape="0" alt="" ID="{219498BF-0685-4A74-A2BF-86B5BEE4FF5E}" coords="(0,0,385,68)"/>
          <events title="">
            <event eventType="atClick" isChecked="True">
              <behaviour title="" isChecked="True" isWait="False" isLoop="False" execMode="emParallel">
                <target targetID="42CF79F4-D05F-4353-8A26-4D6ACB4FCA46" isChecked="True" isAutoRecovery="False" isLoop="False" execMode="emSequence">
                  <command name="Popup State Change" isChecked="True" descrition="">
                    <param name="AniInterpolation" value="0" varType="3" description=""/>
                    <param name="AniDuration" value="200" varType="3" description=""/>
                    <param name="AniAutoReverse" value="False" varType="11" description=""/>
                    <param name="AniLoop" value="False" varType="11" description=""/>
                    <param name="AniInterpolationTypeOut" value="False" varType="11" description=""/>
                    <param name="Delay" value="0" varType="3" description=""/>
                    <param name="Value" value="2" varType="3" description=""/>
                    <param name="AniType" value="0" varType="3" description=""/>
                  </command>
                </target>
              </behaviour>
            </event>
          </events>
        </entry>
      </interactiveData>
      <font family="Bradley+Hand+ITC" displayName="Bradley+Hand+ITC_%26_Bold" postScript="" weightStyle="Bold" weight="700" isBold="True" isItalic="False" useDefaultFontFamily="False"/>
      <text>Dalje</text>
      <textColor>4286578432</textColor>
      <textSize>30</textSize>
      <lineSpacing>0</lineSpacing>
      <textStyles>[fsBold]</textStyles>
      <useDefaultTextSize>False</useDefaultTextSize>
      <selectedIndex>-1</selectedIndex>
      <radius>100</radius>
      <radiusIsPercent>True</radiusIsPercent>
    </control>
    <control controlID="2663CDCD-6D16-4497-99F7-2D7EF2D47350" controlTypeID="Label" x="40" y="127" w="118" h="38" zOrder="6">
      <ShadowBlur>0</ShadowBlur>
      <font family="Bradley+Hand+ITC" displayName="Bradley+Hand+ITC_%26_Bold" postScript="" weightStyle="Bold" weight="700" isBold="True" isItalic="False" useDefaultFontFamily="False"/>
      <text>Lokacija%3A</text>
      <textSize>30</textSize>
      <lineSpacing>0</lineSpacing>
      <textStyles>[fsBold]</textStyles>
      <useDefaultTextSize>False</useDefaultTextSize>
      <selectedIndex>-1</selectedIndex>
    </control>
    <control controlID="F35203BD-FE2F-44AD-978A-C2FCE4DD9690" controlTypeID="Label" x="40" y="495" w="65" h="38" zOrder="7">
      <ShadowBlur>0</ShadowBlur>
      <font family="Bradley+Hand+ITC" displayName="Bradley+Hand+ITC_%26_Bold" postScript="" weightStyle="Bold" weight="700" isBold="True" isItalic="False" useDefaultFontFamily="False"/>
      <text>Opis%3A</text>
      <textSize>30</textSize>
      <lineSpacing>0</lineSpacing>
      <textStyles>[fsBold]</textStyles>
      <useDefaultTextSize>False</useDefaultTextSize>
      <selectedIndex>-1</selectedIndex>
    </control>
    <control controlID="787F9D29-AD3B-4EB3-BFED-6DBA44E6CB44" controlTypeID="Label" x="40" y="236" w="96" h="38" zOrder="8">
      <ShadowBlur>0</ShadowBlur>
      <font family="Bradley+Hand+ITC" displayName="Bradley+Hand+ITC_%26_Bold" postScript="" weightStyle="Bold" weight="700" isBold="True" isItalic="False" useDefaultFontFamily="False"/>
      <text>Datum%3A</text>
      <textSize>30</textSize>
      <lineSpacing>0</lineSpacing>
      <textStyles>[fsBold]</textStyles>
      <useDefaultTextSize>False</useDefaultTextSize>
      <selectedIndex>-1</selectedIndex>
    </control>
    <control controlID="83479AA8-98DE-4447-9432-374B2CBA76FE" controlTypeID="Label" x="40" y="361" w="86" h="38" zOrder="9">
      <ShadowBlur>0</ShadowBlur>
      <font family="Bradley+Hand+ITC" displayName="Bradley+Hand+ITC_%26_Bold" postScript="" weightStyle="Bold" weight="700" isBold="True" isItalic="False" useDefaultFontFamily="False"/>
      <text>Vreme%3A</text>
      <textSize>30</textSize>
      <lineSpacing>0</lineSpacing>
      <textStyles>[fsBold]</textStyles>
      <useDefaultTextSize>False</useDefaultTextSize>
      <selectedIndex>-1</selectedIndex>
    </control>
    <control controlID="2A58938C-E247-41C5-A538-C1DCAF3E58EA" controlTypeID="Label" x="246" y="128" w="626" h="45" zOrder="10">
      <ShadowBlur>0</ShadowBlur>
      <font family="Bradley+Hand+ITC" displayName="Bradley+Hand+ITC_%26_Bold" postScript="" weightStyle="Bold" weight="700" isBold="True" isItalic="False" useDefaultFontFamily="False"/>
      <text>DVORSKA+Galerija%2C+Andri%C4%87ev+venac+4%2C+Beograd</text>
      <textSize>30</textSize>
      <lineSpacing>0</lineSpacing>
      <textStyles>[fsBold]</textStyles>
      <useDefaultTextSize>False</useDefaultTextSize>
      <selectedIndex>-1</selectedIndex>
    </control>
    <control controlID="AB60E57E-B303-4A62-BC8B-3ED8A59A3B2C" controlTypeID="Label" x="246" y="241" w="157" h="38" zOrder="11">
      <ShadowBlur>0</ShadowBlur>
      <font family="Bradley+Hand+ITC" displayName="Bradley+Hand+ITC_%26_Bold" postScript="" weightStyle="Bold" weight="700" isBold="True" isItalic="False" useDefaultFontFamily="False"/>
      <text>15.03.2020.</text>
      <textSize>30</textSize>
      <lineSpacing>0</lineSpacing>
      <textStyles>[fsBold]</textStyles>
      <useDefaultTextSize>False</useDefaultTextSize>
      <selectedIndex>-1</selectedIndex>
    </control>
    <control controlID="4CE353EC-73BE-47A3-BF36-B38696B77FF4" controlTypeID="Label" x="246" y="366" w="45" h="38" zOrder="12">
      <ShadowBlur>0</ShadowBlur>
      <font family="Bradley+Hand+ITC" displayName="Bradley+Hand+ITC_%26_Bold" postScript="" weightStyle="Bold" weight="700" isBold="True" isItalic="False" useDefaultFontFamily="False"/>
      <text>19h</text>
      <textSize>30</textSize>
      <lineSpacing>0</lineSpacing>
      <textStyles>[fsBold]</textStyles>
      <useDefaultTextSize>False</useDefaultTextSize>
      <selectedIndex>-1</selectedIndex>
    </control>
    <control controlID="A9F13C3B-5703-44A4-8208-8F4EC9DE6A56" controlTypeID="TextArea" x="246" y="497" w="798" h="246" zOrder="13">
      <ShadowBlur>0</ShadowBlur>
      <font family="Bradley+Hand+ITC" displayName="Bradley+Hand+ITC_%26_Bold" postScript="" weightStyle="Bold" weight="700" isBold="True" isItalic="False" useDefaultFontFamily="False"/>
      <text>Morbi+pretium+nulla+vel+risus+pretium+porttitor.+Ut+dictum+nulla+quis+mauris+gravida%2C+ac+lobortis+enim+lacinia.+Suspendisse+non+lacinia+justo.+Donec+dapibus+neque+vitae+nunc+feugiat%2C+id+mollis+ante+feugiat.</text>
      <textSize>30</textSize>
      <textStyles>[fsBold]</textStyles>
      <useDefaultTextSize>False</useDefaultTextSize>
      <selectedIndex>-1</selectedIndex>
    </control>
    <control controlID="6E674763-D232-4D78-A159-7FDCFDCA0245" controlTypeID="Button" x="266" y="742" w="385" h="68" zOrder="14">
      <color>4281545523</color>
      <ShadowBlur>0</ShadowBlur>
      <links eventType="AtClick" animate="AmNone" animateAutoDelay="0" animateDuration="500">
        <link targetPageID="9C646809-ED3B-4CC7-8329-BB981FFB4499" linkType="ltPageLink" isApplyIncludePage="False" title="Izmena+izlo%C5%BEbe">
          <area shape="0" alt="" ID="{FF2DDA2B-7CC7-48E4-A49D-B8E3BBD10038}" coords="(0,0,385,68)"/>
        </link>
      </links>
      <font family="Bradley+Hand+ITC" displayName="Bradley+Hand+ITC_%26_Bold" postScript="" weightStyle="Bold" weight="700" isBold="True" isItalic="False" useDefaultFontFamily="False"/>
      <text>Izmeni+izlo%C5%BEbu</text>
      <textColor>4286578432</textColor>
      <textSize>30</textSize>
      <lineSpacing>0</lineSpacing>
      <textStyles>[fsBold]</textStyles>
      <useDefaultTextSize>False</useDefaultTextSize>
      <selectedIndex>-1</selectedIndex>
      <radius>100</radius>
      <radiusIsPercent>True</radiusIsPercent>
    </control>
    <control controlID="41D867E3-763F-4C03-A5C5-390A8765E145" controlTypeID="CompositeComboBox" x="738" y="27" w="200" h="32" zOrder="15">
      <borderColor>4286578432</borderColor>
      <ShadowBlur>0</ShadowBlur>
      <groupChildrenDescriptors>
        <control controlID="4CD9B2A2-A94C-4430-BD4D-591510200689" controlTypeID="TextInput" x="0" y="0" w="177" h="32" zOrder="0">
          <locked>True</locked>
          <borderColor>4286578432</borderColor>
          <canMove>False</canMove>
          <alias>input</alias>
          <ShadowBlur>0</ShadowBlur>
          <font family="Segoe+UI" displayName="Segoe+UI" postScript="" weightStyle="Regular" weight="400" isBold="False" isItalic="False" useDefaultFontFamily="False"/>
          <text>Stil</text>
          <lineSpacing>0</lineSpacing>
          <selectedIndex>-1</selectedIndex>
        </control>
        <control controlID="A3E059CE-70F8-4C4E-B36D-545241FE2C9B" controlTypeID="Button" x="176" y="0" w="24" h="32" zOrder="1">
          <locked>True</locked>
          <borderColor>4286578432</borderColor>
          <canMove>False</canMove>
          <alias>button</alias>
          <ShadowBlur>0</ShadowBlur>
          <font family="Segoe+UI" displayName="Segoe+UI" postScript="" weightStyle="Regular" weight="400" isBold="False" isItalic="False"/>
          <lineSpacing>0</lineSpacing>
          <selectedIndex>-1</selectedIndex>
          <radius>0</radius>
        </control>
        <control controlID="8CB4247A-CB37-467F-A822-9BF7C5452A0F" controlTypeID="List" x="0" y="32" w="200" h="138" zOrder="2">
          <isShow>False</isShow>
          <borderColor>4286578432</borderColor>
          <canMove>False</canMove>
          <alias>dropDown</alias>
          <ShadowBlur>0</ShadowBlur>
          <font family="Segoe+UI" displayName="Segoe+UI" postScript="" weightStyle="Regular" weight="400" isBold="False" isItalic="False" useDefaultFontFamily="False"/>
          <text>Stil%0D%0AKlasicizam%0D%0AKubizam%0D%0ABarok</text>
          <textSize>14</textSize>
          <lineSpacing>0</lineSpacing>
          <itemHeight>32</itemHeight>
          <interlaceColor>4294967295</interlaceColor>
        </control>
      </groupChildrenDescriptors>
      <canInput>True</canInput>
      <baseHeight>32</baseHeight>
      <font family="Segoe+UI"/>
      <textSize>14</textSize>
    </control>
    <control controlID="F09528FF-467C-4F3C-A061-3AFDEAEA14FC" controlTypeID="Button" x="1006" y="27" w="100" h="32" zOrder="16">
      <color>4281545523</color>
      <ShadowBlur>0</ShadowBlur>
      <font family="Bradley+Hand+ITC" displayName="Bradley+Hand+ITC_%26_Bold" postScript="" weightStyle="Bold" weight="700" isBold="True" isItalic="False" useDefaultFontFamily="False"/>
      <text>Pretra%C5%BEi</text>
      <textColor>4286578432</textColor>
      <textSize>24</textSize>
      <lineSpacing>0</lineSpacing>
      <textStyles>[fsBold]</textStyles>
      <useDefaultTextSize>False</useDefaultTextSize>
      <selectedIndex>-1</selectedIndex>
      <radius>100</radius>
      <radiusIsPercent>True</radiusIsPercent>
    </control>
    <control controlID="1BE26E6A-835B-47D5-AD0C-9715E4D1B277" controlTypeID="TextInput" x="91" y="27" w="250" h="32" zOrder="17">
      <ShadowBlur>0</ShadowBlur>
      <font family="Bradley+Hand+ITC" displayName="Bradley+Hand+ITC" postScript="" weightStyle="Regular" weight="400" isBold="False" isItalic="False" useDefaultFontFamily="False"/>
      <textSize>20</textSize>
      <lineSpacing>0</lineSpacing>
      <useDefaultTextSize>False</useDefaultTextSize>
      <selectedIndex>-1</selectedIndex>
      <placeHolder>Slikar</placeHolder>
      <radius>16</radius>
    </control>
    <control controlID="B98EB45B-5B0A-491F-AE2C-1AC0707AC4A4" controlTypeID="TextInput" x="414" y="27" w="250" h="32" zOrder="18">
      <ShadowBlur>0</ShadowBlur>
      <font family="Bradley+Hand+ITC" displayName="Bradley+Hand+ITC" postScript="" weightStyle="Regular" weight="400" isBold="False" isItalic="False" useDefaultFontFamily="False"/>
      <textSize>20</textSize>
      <lineSpacing>0</lineSpacing>
      <useDefaultTextSize>False</useDefaultTextSize>
      <selectedIndex>-1</selectedIndex>
      <placeHolder>Tematika</placeHolder>
      <radius>16</radius>
    </control>
    <control controlID="42CF79F4-D05F-4353-8A26-4D6ACB4FCA46" controlTypeID="PopupPanel" x="835" y="753" w="46" h="46" zOrder="19">
      <ShadowBlur>0</ShadowBlur>
      <groupChildrenDescriptors>
        <control controlID="F4CDB799-CED6-414B-B140-3341CE689900" controlTypeID="Panel" x="0" y="0" w="1536" h="864" zOrder="0">
          <locked>True</locked>
          <color>1879048192</color>
          <borderVisible>False</borderVisible>
          <canMove>False</canMove>
          <alias>background</alias>
          <ShadowBlur>0</ShadowBlur>
          <groupChildrenDescriptors>
            <control controlID="883BBC52-B3EE-404D-97A3-762D27DEF9D0" controlTypeID="Border" x="0" y="0" w="1536" h="864" zOrder="0">
              <borderVisible>False</borderVisible>
              <alias>borderLayer</alias>
              <ShadowBlur>0</ShadowBlur>
            </control>
          </groupChildrenDescriptors>
          <thinkness>1</thinkness>
        </control>
        <control controlID="9F64B86C-FE81-436E-A634-817B7B7EADF4" controlTypeID="PopupPanelContent" x="448" y="366" w="640" h="194" zOrder="1">
          <color>16777215</color>
          <alias>content</alias>
          <ShadowBlur>0</ShadowBlur>
          <groupChildrenDescriptors>
            <control controlID="2E3A9014-3C16-47B8-BAEA-24ABB382E727" controlTypeID="TextArea" x="0" y="0" w="640" h="194" zOrder="0">
              <color>4284900966</color>
              <borderColor>4286578432</borderColor>
              <borderVisible>True</borderVisible>
              <ShadowBlur>0</ShadowBlur>
              <font family="Bradley+Hand+ITC" displayName="Bradley+Hand+ITC_%26_Bold" postScript="" weightStyle="Bold" weight="700" isBold="True" isItalic="False" useDefaultFontFamily="False"/>
              <text>Nemate+vi%C5%A1e+slika%2Fizlo%C5%BEbi+na+profilu</text>
              <textColor>4286578432</textColor>
              <textSize>55</textSize>
              <textAlign>HaCenter</textAlign>
              <textVAlign>VaMiddle</textVAlign>
              <textStyles>[fsBold]</textStyles>
              <useDefaultTextSize>False</useDefaultTextSize>
              <selectedIndex>-1</selectedIndex>
            </control>
          </groupChildrenDescriptors>
        </control>
      </groupChildrenDescriptors>
      <closeByClickMode>cmClickAllArea</closeByClickMode>
      <isShowBackground>True</isShowBackground>
      <positionPolicy>ppScreenFix</positionPolicy>
    </control>
  </controls>
  <param>
    <backgroundColor>4284900966</backgroundColor>
    <fontSize>14</fontSize>
    <fontFamily>Segoe+UI</fontFamily>
    <guideLines/>
  </param>
</mockup>