﻿<mockup version="5.3" minAllowVersion="5.3" ID="DB683ADB-5076-41E4-88CF-795D179892E5" platform="MtWeb" defaultW="1536" defaultH="864" measureW="1536" measureH="864" mobileScreenScale="0">
  <controls controlCount="85">
    <control controlID="96682C40-E0C8-4645-BF8C-55378CDEAF2A" controlTypeID="Image" x="0" y="0" w="1536" h="864" zOrder="0">
      <ShadowBlur>0</ShadowBlur>
      <URL>9353A407A077278C67C7F23C935D216B.png</URL>
    </control>
    <control controlID="483D4338-C91A-4D06-939A-26AD62877708" controlTypeID="HRule" x="0" y="84" w="1536" h="12" zOrder="1">
      <color>4281545523</color>
      <ShadowBlur>0</ShadowBlur>
    </control>
    <control controlID="97AB3B17-42D4-4222-A4BD-4DB3C2D6E59C" controlTypeID="CompositeComboBox" x="717" y="24" w="200" h="32" zOrder="2">
      <borderColor>4286578432</borderColor>
      <ShadowBlur>0</ShadowBlur>
      <groupChildrenDescriptors>
        <control controlID="B0564A93-9074-4C30-A28C-90931D4A0BC7" controlTypeID="TextInput" x="0" y="0" w="177" h="32" zOrder="0">
          <locked>True</locked>
          <borderColor>4286578432</borderColor>
          <canMove>False</canMove>
          <alias>input</alias>
          <ShadowBlur>0</ShadowBlur>
          <font family="Segoe+UI" displayName="Segoe+UI" postScript="" weightStyle="Regular" weight="400" isBold="False" isItalic="False" useDefaultFontFamily="False"/>
          <text>Stil</text>
          <lineSpacing>0</lineSpacing>
          <selectedIndex>-1</selectedIndex>
        </control>
        <control controlID="6A059A10-9EBE-4E0A-A7EF-5B41E0418B37" controlTypeID="Button" x="176" y="0" w="24" h="32" zOrder="1">
          <locked>True</locked>
          <borderColor>4286578432</borderColor>
          <canMove>False</canMove>
          <alias>button</alias>
          <ShadowBlur>0</ShadowBlur>
          <font family="Segoe+UI" displayName="Segoe+UI" postScript="" weightStyle="Regular" weight="400" isBold="False" isItalic="False"/>
          <lineSpacing>0</lineSpacing>
          <selectedIndex>-1</selectedIndex>
          <radius>0</radius>
        </control>
        <control controlID="B63D8FFE-26BE-4668-9AB8-670450018079" controlTypeID="List" x="0" y="32" w="200" h="130" zOrder="2">
          <isShow>False</isShow>
          <borderColor>4286578432</borderColor>
          <canMove>False</canMove>
          <alias>dropDown</alias>
          <ShadowBlur>0</ShadowBlur>
          <font family="Segoe+UI" displayName="Segoe+UI" postScript="" weightStyle="Regular" weight="400" isBold="False" isItalic="False" useDefaultFontFamily="False"/>
          <text>Stil%0D%0AKlasicizam%0D%0AKubizam%0D%0ABarok</text>
          <textSize>14</textSize>
          <lineSpacing>0</lineSpacing>
          <itemHeight>32</itemHeight>
          <interlaceColor>4294967295</interlaceColor>
        </control>
      </groupChildrenDescriptors>
      <canInput>True</canInput>
      <baseHeight>32</baseHeight>
      <font family="Segoe+UI"/>
      <textSize>14</textSize>
    </control>
    <control controlID="0153AA85-1C86-4F6E-A36F-29184F42D81F" controlTypeID="Button" x="985" y="24" w="100" h="32" zOrder="3">
      <color>4281545523</color>
      <ShadowBlur>0</ShadowBlur>
      <font family="Bradley+Hand+ITC" displayName="Bradley+Hand+ITC_%26_Bold" postScript="" weightStyle="Bold" weight="700" isBold="True" isItalic="False" useDefaultFontFamily="False"/>
      <text>Pretra%C5%BEi</text>
      <textColor>4286578432</textColor>
      <textSize>24</textSize>
      <lineSpacing>0</lineSpacing>
      <textStyles>[fsBold]</textStyles>
      <useDefaultTextSize>False</useDefaultTextSize>
      <selectedIndex>-1</selectedIndex>
      <radius>100</radius>
      <radiusIsPercent>True</radiusIsPercent>
    </control>
    <control controlID="E157C684-24A5-4F54-A621-AB1028B7430B" controlTypeID="TextInput" x="70" y="24" w="250" h="32" zOrder="4">
      <ShadowBlur>0</ShadowBlur>
      <font family="Bradley+Hand+ITC" displayName="Bradley+Hand+ITC" postScript="" weightStyle="Regular" weight="400" isBold="False" isItalic="False" useDefaultFontFamily="False"/>
      <text>Edwin+Henry+Landseer</text>
      <textSize>20</textSize>
      <lineSpacing>0</lineSpacing>
      <useDefaultTextSize>False</useDefaultTextSize>
      <selectedIndex>-1</selectedIndex>
      <radius>16</radius>
    </control>
    <control controlID="85414ADD-3996-4AC3-86C2-149E455A1A12" controlTypeID="TextInput" x="393" y="24" w="250" h="32" zOrder="5">
      <ShadowBlur>0</ShadowBlur>
      <font family="Bradley+Hand+ITC" displayName="Bradley+Hand+ITC" postScript="" weightStyle="Regular" weight="400" isBold="False" isItalic="False" useDefaultFontFamily="False"/>
      <textSize>20</textSize>
      <lineSpacing>0</lineSpacing>
      <useDefaultTextSize>False</useDefaultTextSize>
      <selectedIndex>-1</selectedIndex>
      <placeHolder>Tematika</placeHolder>
      <radius>16</radius>
    </control>
    <control controlID="452F28A8-61E3-4CB2-A66B-45D81881206D" controlTypeID="Icon" x="1352" y="10" w="64" h="64" zOrder="6">
      <color>4281545523</color>
      <ShadowBlur>0</ShadowBlur>
      <links eventType="AtClick" animate="AmNone" animateAutoDelay="0" animateDuration="500">
        <link targetPageID="A8D85D53-56A9-41E5-AF5C-15DAF5E050EC" linkType="ltPageLink" isApplyIncludePage="False" title="Korpa">
          <area shape="0" alt="" ID="{080A8D63-3F8D-4E02-BCCC-EB5A62E62C24}" coords="(0,0,64,64)"/>
        </link>
      </links>
      <icon>
        <ID/>
        <iconFontName>jdIcoFont</iconFontName>
        <iconCode>59230</iconCode>
      </icon>
      <URL>1D76A1953ACB7053D75125F70C5D5E2C.svg</URL>
    </control>
    <control controlID="D0C2E204-07D0-424D-899D-4E60B46157A3" controlTypeID="ColorPicker" x="1452" y="10" w="64" h="64" zOrder="7">
      <color>4281545523</color>
      <ShadowBlur>0</ShadowBlur>
    </control>
    <control controlID="B3CF5D19-99FB-4927-B376-3DE1A0EEB749" controlTypeID="Image" x="1460" y="14" w="48" h="55" zOrder="8">
      <ShadowBlur>0</ShadowBlur>
      <URL>82F81C14AEE290F8A65EB9D1267CFB47.jpg</URL>
    </control>
    <control controlID="028D6528-A344-489D-8534-E1B2430653C0" controlTypeID="Image" x="1381" y="760" w="135" h="84" zOrder="9">
      <ShadowBlur>0</ShadowBlur>
      <URL>553C79B8BB334A24B76BC57838CE7B5A.png</URL>
    </control>
    <control controlID="D48A6D91-0808-49B7-B294-8798FE29E52A" controlTypeID="ImageCarousel" x="20" y="106" w="984" h="738" zOrder="10">
      <color>4284900966</color>
      <ShadowBlur>0</ShadowBlur>
      <groupChildrenDescriptors>
        <control controlID="8656B53D-9492-4ACB-BC4F-905E4503C8BA" controlTypeID="ImageBackground" x="0" y="0" w="984" h="738" zOrder="0">
          <caption>Alexander+and+Diogenes</caption>
          <ShadowBlur>0</ShadowBlur>
          <groupChildrenDescriptors/>
          <URL>C60DDFBA67A314BB5833314FBACE3F4C.png</URL>
        </control>
        <control controlID="30A213FB-3353-4C9A-9257-8AC9E95313F0" controlTypeID="ImageBackground" x="0" y="0" w="984" h="738" zOrder="1">
          <caption>Doubtful+Crumbs</caption>
          <ShadowBlur>0</ShadowBlur>
          <groupChildrenDescriptors/>
          <URL>838F59539FF7A8648C1AD3D45024B70A.png</URL>
        </control>
        <control controlID="695B2AB9-3DC3-432B-8128-06D01E0E184F" controlTypeID="ImageBackground" x="0" y="0" w="984" h="738" zOrder="2">
          <caption>Monarch+of+the+Glen</caption>
          <ShadowBlur>0</ShadowBlur>
          <groupChildrenDescriptors/>
          <URL>F713F7F9372171F0466AF50A4574BEFC.png</URL>
        </control>
        <control controlID="6530C808-CBBC-4ED8-8AA7-2EE7D44AE865" controlTypeID="ImageBackground" x="0" y="0" w="984" h="738" zOrder="3">
          <caption>The+Arab+Tent</caption>
          <color>4284900966</color>
          <ShadowBlur>0</ShadowBlur>
          <groupChildrenDescriptors/>
          <URL>0D9D39D1FD335FDF2A2F70F4EDCBBE60.png</URL>
        </control>
      </groupChildrenDescriptors>
      <aniType>spaSlide</aniType>
      <isAutoPlay>False</isAutoPlay>
      <indicatorDirection>sidTop</indicatorDirection>
      <indicatorType>SiRectangle</indicatorType>
      <fitMode>fmStretchFit</fitMode>
    </control>
    <control controlID="32822AF5-774A-4606-9E21-4B12B2208F95" controlTypeID="Label" x="1182" y="288" w="321" h="40" zOrder="11">
      <ShadowBlur>0</ShadowBlur>
      <font family="Bradley+Hand+ITC" displayName="Bradley+Hand+ITC" postScript="" weightStyle="Regular" weight="400" isBold="False" isItalic="False" useDefaultFontFamily="False"/>
      <text>Alexander+and+Diogenes</text>
      <textSize>32</textSize>
      <lineSpacing>0</lineSpacing>
      <useDefaultTextSize>False</useDefaultTextSize>
      <selectedIndex>-1</selectedIndex>
    </control>
    <control controlID="24333B21-089A-4298-8D56-5B92ECB0A4F8" controlTypeID="Label" x="1062" y="288" w="83" h="40" zOrder="12">
      <ShadowBlur>0</ShadowBlur>
      <font family="Bradley+Hand+ITC" displayName="Bradley+Hand+ITC" postScript="" weightStyle="Regular" weight="400" isBold="False" isItalic="False" useDefaultFontFamily="False"/>
      <text>Slika%3A</text>
      <textSize>32</textSize>
      <lineSpacing>0</lineSpacing>
      <useDefaultTextSize>False</useDefaultTextSize>
      <selectedIndex>-1</selectedIndex>
    </control>
    <control controlID="1BA0CA92-F7F2-4CDF-8565-D51762AC5729" controlTypeID="Label" x="1050" y="352" w="95" h="40" zOrder="13">
      <ShadowBlur>0</ShadowBlur>
      <font family="Bradley+Hand+ITC" displayName="Bradley+Hand+ITC" postScript="" weightStyle="Regular" weight="400" isBold="False" isItalic="False" useDefaultFontFamily="False"/>
      <text>Slikar%3A</text>
      <textSize>32</textSize>
      <lineSpacing>0</lineSpacing>
      <useDefaultTextSize>False</useDefaultTextSize>
      <selectedIndex>-1</selectedIndex>
    </control>
    <control controlID="4805AC1D-C00F-49FF-83B8-9346F8099EC4" controlTypeID="Label" x="1182" y="352" w="313" h="40" zOrder="14">
      <ShadowBlur>0</ShadowBlur>
      <font family="Bradley+Hand+ITC" displayName="Bradley+Hand+ITC" postScript="" weightStyle="Regular" weight="400" isBold="False" isItalic="False" useDefaultFontFamily="False"/>
      <text>Edwin+Henry+Landseer</text>
      <textSize>32</textSize>
      <lineSpacing>0</lineSpacing>
      <useDefaultTextSize>False</useDefaultTextSize>
      <selectedIndex>-1</selectedIndex>
    </control>
    <control controlID="48055B8A-EFF5-4015-8291-922C551C2326" controlTypeID="Label" x="1028" y="412" w="117" h="40" zOrder="15">
      <ShadowBlur>0</ShadowBlur>
      <font family="Bradley+Hand+ITC" displayName="Bradley+Hand+ITC" postScript="" weightStyle="Regular" weight="400" isBold="False" isItalic="False" useDefaultFontFamily="False"/>
      <text>Tehnika%3A</text>
      <textSize>32</textSize>
      <lineSpacing>0</lineSpacing>
      <useDefaultTextSize>False</useDefaultTextSize>
      <selectedIndex>-1</selectedIndex>
    </control>
    <control controlID="3DCFD8B9-B6CE-4537-8E5A-E2B8FFF91908" controlTypeID="Label" x="1180" y="412" w="193" h="40" zOrder="16">
      <ShadowBlur>0</ShadowBlur>
      <font family="Bradley+Hand+ITC" displayName="Bradley+Hand+ITC" postScript="" weightStyle="Regular" weight="400" isBold="False" isItalic="False" useDefaultFontFamily="False"/>
      <text>Ulje+na+platnu</text>
      <textSize>32</textSize>
      <lineSpacing>0</lineSpacing>
      <useDefaultTextSize>False</useDefaultTextSize>
      <selectedIndex>-1</selectedIndex>
    </control>
    <control controlID="E5217E92-8FE7-4B77-A368-14B55687F512" controlTypeID="Label" x="1086" y="474" w="59" h="40" zOrder="17">
      <ShadowBlur>0</ShadowBlur>
      <font family="Bradley+Hand+ITC" displayName="Bradley+Hand+ITC" postScript="" weightStyle="Regular" weight="400" isBold="False" isItalic="False" useDefaultFontFamily="False"/>
      <text>Stil%3A</text>
      <textSize>32</textSize>
      <lineSpacing>0</lineSpacing>
      <useDefaultTextSize>False</useDefaultTextSize>
      <selectedIndex>-1</selectedIndex>
    </control>
    <control controlID="BF66C54E-522D-448E-86B0-5E4ACCC0BD85" controlTypeID="Label" x="1180" y="474" w="181" h="40" zOrder="18">
      <ShadowBlur>0</ShadowBlur>
      <font family="Bradley+Hand+ITC" displayName="Bradley+Hand+ITC" postScript="" weightStyle="Regular" weight="400" isBold="False" isItalic="False" useDefaultFontFamily="False"/>
      <text>Romantizam</text>
      <textSize>32</textSize>
      <lineSpacing>0</lineSpacing>
      <useDefaultTextSize>False</useDefaultTextSize>
      <selectedIndex>-1</selectedIndex>
    </control>
    <control controlID="0E21BC8A-8B03-421B-B6CE-AEB731E32BC9" controlTypeID="Button" x="1180" y="556" w="170" h="60" zOrder="19">
      <color>4284900966</color>
      <borderColor>4282598211</borderColor>
      <ShadowBlur>0</ShadowBlur>
      <font family="Bradley+Hand+ITC" displayName="Bradley+Hand+ITC_%26_Bold" postScript="" weightStyle="Bold" weight="700" isBold="True" isItalic="False" useDefaultFontFamily="False"/>
      <text>PRIKA%C5%BDI</text>
      <textColor>4286578432</textColor>
      <textSize>32</textSize>
      <lineSpacing>0</lineSpacing>
      <textStyles>[fsBold]</textStyles>
      <useDefaultTextSize>False</useDefaultTextSize>
      <selectedIndex>-1</selectedIndex>
      <radius>16</radius>
    </control>
    <control controlID="2A359FD6-B5C0-404F-A567-54529F3837A0" controlTypeID="Image" x="0" y="0" w="1536" h="864" zOrder="20">
      <ShadowBlur>0</ShadowBlur>
      <URL>9353A407A077278C67C7F23C935D216B.png</URL>
    </control>
    <control controlID="B90AF043-72DE-4467-9A7E-2E7A6A5556C8" controlTypeID="HRule" x="0" y="84" w="1536" h="12" zOrder="21">
      <color>4281545523</color>
      <ShadowBlur>0</ShadowBlur>
    </control>
    <control controlID="369F32FA-9CFD-4BE8-BB3E-572CD346BCAB" controlTypeID="CompositeComboBox" x="717" y="24" w="200" h="32" zOrder="22">
      <borderColor>4286578432</borderColor>
      <ShadowBlur>0</ShadowBlur>
      <groupChildrenDescriptors>
        <control controlID="26548F8E-3C24-4A07-91D8-CEB37A0CAF28" controlTypeID="TextInput" x="0" y="0" w="177" h="32" zOrder="0">
          <locked>True</locked>
          <borderColor>4286578432</borderColor>
          <canMove>False</canMove>
          <alias>input</alias>
          <ShadowBlur>0</ShadowBlur>
          <font family="Segoe+UI" displayName="Segoe+UI" postScript="" weightStyle="Regular" weight="400" isBold="False" isItalic="False" useDefaultFontFamily="False"/>
          <text>Stil</text>
          <lineSpacing>0</lineSpacing>
          <selectedIndex>-1</selectedIndex>
        </control>
        <control controlID="1C0C0E2D-BAF9-480E-BEE1-30D9EC340694" controlTypeID="Button" x="176" y="0" w="24" h="32" zOrder="1">
          <locked>True</locked>
          <borderColor>4286578432</borderColor>
          <canMove>False</canMove>
          <alias>button</alias>
          <ShadowBlur>0</ShadowBlur>
          <font family="Segoe+UI" displayName="Segoe+UI" postScript="" weightStyle="Regular" weight="400" isBold="False" isItalic="False"/>
          <lineSpacing>0</lineSpacing>
          <selectedIndex>-1</selectedIndex>
          <radius>0</radius>
        </control>
        <control controlID="12CAD47E-8890-4FC3-A399-E9BE34E7DBCC" controlTypeID="List" x="0" y="32" w="200" h="130" zOrder="2">
          <isShow>False</isShow>
          <borderColor>4286578432</borderColor>
          <canMove>False</canMove>
          <alias>dropDown</alias>
          <ShadowBlur>0</ShadowBlur>
          <font family="Segoe+UI" displayName="Segoe+UI" postScript="" weightStyle="Regular" weight="400" isBold="False" isItalic="False" useDefaultFontFamily="False"/>
          <text>Stil%0D%0AKlasicizam%0D%0AKubizam%0D%0ABarok</text>
          <textSize>14</textSize>
          <lineSpacing>0</lineSpacing>
          <itemHeight>32</itemHeight>
          <interlaceColor>4294967295</interlaceColor>
        </control>
      </groupChildrenDescriptors>
      <canInput>True</canInput>
      <baseHeight>32</baseHeight>
      <font family="Segoe+UI"/>
      <textSize>14</textSize>
    </control>
    <control controlID="BB30BDD1-4EDD-4465-92DB-9DC6127F2ECD" controlTypeID="Button" x="985" y="24" w="100" h="32" zOrder="23">
      <color>4281545523</color>
      <ShadowBlur>0</ShadowBlur>
      <font family="Bradley+Hand+ITC" displayName="Bradley+Hand+ITC_%26_Bold" postScript="" weightStyle="Bold" weight="700" isBold="True" isItalic="False" useDefaultFontFamily="False"/>
      <text>Pretra%C5%BEi</text>
      <textColor>4286578432</textColor>
      <textSize>24</textSize>
      <lineSpacing>0</lineSpacing>
      <textStyles>[fsBold]</textStyles>
      <useDefaultTextSize>False</useDefaultTextSize>
      <selectedIndex>-1</selectedIndex>
      <radius>100</radius>
      <radiusIsPercent>True</radiusIsPercent>
    </control>
    <control controlID="B3352F35-D964-4216-BEB0-49B67A8F842F" controlTypeID="TextInput" x="70" y="24" w="250" h="32" zOrder="24">
      <ShadowBlur>0</ShadowBlur>
      <font family="Bradley+Hand+ITC" displayName="Bradley+Hand+ITC" postScript="" weightStyle="Regular" weight="400" isBold="False" isItalic="False" useDefaultFontFamily="False"/>
      <text>Edwin+Henry+Landseer</text>
      <textSize>20</textSize>
      <lineSpacing>0</lineSpacing>
      <useDefaultTextSize>False</useDefaultTextSize>
      <selectedIndex>-1</selectedIndex>
      <radius>16</radius>
    </control>
    <control controlID="48E4E1F6-9BB0-4072-A43A-380B4319EFFB" controlTypeID="TextInput" x="393" y="24" w="250" h="32" zOrder="25">
      <ShadowBlur>0</ShadowBlur>
      <font family="Bradley+Hand+ITC" displayName="Bradley+Hand+ITC" postScript="" weightStyle="Regular" weight="400" isBold="False" isItalic="False" useDefaultFontFamily="False"/>
      <textSize>20</textSize>
      <lineSpacing>0</lineSpacing>
      <useDefaultTextSize>False</useDefaultTextSize>
      <selectedIndex>-1</selectedIndex>
      <placeHolder>Tematika</placeHolder>
      <radius>16</radius>
    </control>
    <control controlID="CDD4FA4A-08CB-462E-A0AC-6AE4C20AD8AF" controlTypeID="Icon" x="1352" y="10" w="64" h="64" zOrder="26">
      <color>4281545523</color>
      <ShadowBlur>0</ShadowBlur>
      <links eventType="AtClick" animate="AmNone" animateAutoDelay="0" animateDuration="500">
        <link targetPageID="A8D85D53-56A9-41E5-AF5C-15DAF5E050EC" linkType="ltPageLink" isApplyIncludePage="False" title="Korpa">
          <area shape="0" alt="" ID="{080A8D63-3F8D-4E02-BCCC-EB5A62E62C24}" coords="(0,0,64,64)"/>
        </link>
      </links>
      <icon>
        <ID/>
        <iconFontName>jdIcoFont</iconFontName>
        <iconCode>59230</iconCode>
      </icon>
      <URL>1D76A1953ACB7053D75125F70C5D5E2C.svg</URL>
    </control>
    <control controlID="E2BC01EA-7253-427D-9C08-509FBE0D6261" controlTypeID="ColorPicker" x="1452" y="10" w="64" h="64" zOrder="27">
      <color>4281545523</color>
      <ShadowBlur>0</ShadowBlur>
    </control>
    <control controlID="1A2E67CD-A1C9-4C77-9C3E-885D9B549757" controlTypeID="Image" x="1460" y="14" w="48" h="55" zOrder="28">
      <ShadowBlur>0</ShadowBlur>
      <URL>82F81C14AEE290F8A65EB9D1267CFB47.jpg</URL>
    </control>
    <control controlID="CD0342A2-94FE-444C-882F-2A15E41C937D" controlTypeID="Image" x="1381" y="760" w="135" h="84" zOrder="29">
      <ShadowBlur>0</ShadowBlur>
      <URL>553C79B8BB334A24B76BC57838CE7B5A.png</URL>
    </control>
    <control controlID="4487287E-3C49-40FA-A8D7-BB35B5541176" controlTypeID="ImageCarousel" x="20" y="106" w="984" h="738" zOrder="30">
      <color>4284900966</color>
      <ShadowBlur>0</ShadowBlur>
      <groupChildrenDescriptors>
        <control controlID="2B9C3796-B5E7-46F6-BB06-1EEFFFDD7E87" controlTypeID="ImageBackground" x="0" y="0" w="984" h="738" zOrder="0">
          <caption>Alexander+and+Diogenes</caption>
          <ShadowBlur>0</ShadowBlur>
          <groupChildrenDescriptors/>
          <URL>C60DDFBA67A314BB5833314FBACE3F4C.png</URL>
        </control>
        <control controlID="3DA5565D-26F5-4FE1-97D3-DE47CEF369B2" controlTypeID="ImageBackground" x="0" y="0" w="984" h="738" zOrder="1">
          <caption>Doubtful+Crumbs</caption>
          <ShadowBlur>0</ShadowBlur>
          <groupChildrenDescriptors/>
          <URL>838F59539FF7A8648C1AD3D45024B70A.png</URL>
        </control>
        <control controlID="900630E7-9D8E-482A-998A-F48E9889E464" controlTypeID="ImageBackground" x="0" y="0" w="984" h="738" zOrder="2">
          <caption>Monarch+of+the+Glen</caption>
          <ShadowBlur>0</ShadowBlur>
          <groupChildrenDescriptors/>
          <URL>F713F7F9372171F0466AF50A4574BEFC.png</URL>
        </control>
        <control controlID="CD4529AC-CEE1-4BC2-AC8E-059ACDF447B4" controlTypeID="ImageBackground" x="0" y="0" w="984" h="738" zOrder="3">
          <caption>The+Arab+Tent</caption>
          <color>4284900966</color>
          <ShadowBlur>0</ShadowBlur>
          <groupChildrenDescriptors/>
          <URL>0D9D39D1FD335FDF2A2F70F4EDCBBE60.png</URL>
        </control>
      </groupChildrenDescriptors>
      <aniType>spaSlide</aniType>
      <isAutoPlay>False</isAutoPlay>
      <indicatorDirection>sidTop</indicatorDirection>
      <indicatorType>SiRectangle</indicatorType>
      <fitMode>fmStretchFit</fitMode>
    </control>
    <control controlID="FF8BED22-B280-4DAC-AF42-BA9F9280204D" controlTypeID="Label" x="1180" y="347" w="321" h="40" zOrder="31">
      <ShadowBlur>0</ShadowBlur>
      <font family="Bradley+Hand+ITC" displayName="Bradley+Hand+ITC" postScript="" weightStyle="Regular" weight="400" isBold="False" isItalic="False" useDefaultFontFamily="False"/>
      <text>Alexander+and+Diogenes</text>
      <textSize>32</textSize>
      <lineSpacing>0</lineSpacing>
      <useDefaultTextSize>False</useDefaultTextSize>
      <selectedIndex>-1</selectedIndex>
    </control>
    <control controlID="511BB2A8-E416-4A8F-9E32-5F7185062AED" controlTypeID="Label" x="1062" y="347" w="83" h="40" zOrder="32">
      <ShadowBlur>0</ShadowBlur>
      <font family="Bradley+Hand+ITC" displayName="Bradley+Hand+ITC" postScript="" weightStyle="Regular" weight="400" isBold="False" isItalic="False" useDefaultFontFamily="False"/>
      <text>Slika%3A</text>
      <textSize>32</textSize>
      <lineSpacing>0</lineSpacing>
      <useDefaultTextSize>False</useDefaultTextSize>
      <selectedIndex>-1</selectedIndex>
    </control>
    <control controlID="5091A695-CA84-4CCE-8DCD-319B58A38549" controlTypeID="Label" x="1069" y="200" w="392" h="50" zOrder="33">
      <ShadowBlur>0</ShadowBlur>
      <font family="Bradley+Hand+ITC" displayName="Bradley+Hand+ITC" postScript="" weightStyle="Regular" weight="400" isBold="False" isItalic="False" useDefaultFontFamily="False"/>
      <text>Edwin+Henry+Landseer</text>
      <textSize>40</textSize>
      <lineSpacing>0</lineSpacing>
      <useDefaultTextSize>False</useDefaultTextSize>
      <selectedIndex>-1</selectedIndex>
    </control>
    <control controlID="AED5C650-81FE-4901-9908-27AE7F6553DB" controlTypeID="Label" x="1028" y="412" w="117" h="40" zOrder="34">
      <ShadowBlur>0</ShadowBlur>
      <font family="Bradley+Hand+ITC" displayName="Bradley+Hand+ITC" postScript="" weightStyle="Regular" weight="400" isBold="False" isItalic="False" useDefaultFontFamily="False"/>
      <text>Tehnika%3A</text>
      <textSize>32</textSize>
      <lineSpacing>0</lineSpacing>
      <useDefaultTextSize>False</useDefaultTextSize>
      <selectedIndex>-1</selectedIndex>
    </control>
    <control controlID="06E0575B-9069-4C92-8EBB-374DBDEB1CBE" controlTypeID="Label" x="1180" y="412" w="193" h="40" zOrder="35">
      <ShadowBlur>0</ShadowBlur>
      <font family="Bradley+Hand+ITC" displayName="Bradley+Hand+ITC" postScript="" weightStyle="Regular" weight="400" isBold="False" isItalic="False" useDefaultFontFamily="False"/>
      <text>Ulje+na+platnu</text>
      <textSize>32</textSize>
      <lineSpacing>0</lineSpacing>
      <useDefaultTextSize>False</useDefaultTextSize>
      <selectedIndex>-1</selectedIndex>
    </control>
    <control controlID="CDB8972F-BCF0-40FB-9C68-2D63CBF0697B" controlTypeID="Label" x="1086" y="474" w="59" h="40" zOrder="36">
      <ShadowBlur>0</ShadowBlur>
      <font family="Bradley+Hand+ITC" displayName="Bradley+Hand+ITC" postScript="" weightStyle="Regular" weight="400" isBold="False" isItalic="False" useDefaultFontFamily="False"/>
      <text>Stil%3A</text>
      <textSize>32</textSize>
      <lineSpacing>0</lineSpacing>
      <useDefaultTextSize>False</useDefaultTextSize>
      <selectedIndex>-1</selectedIndex>
    </control>
    <control controlID="F877E2F8-A360-464C-95FD-6B7A61FAECB9" controlTypeID="Label" x="1180" y="474" w="181" h="40" zOrder="37">
      <ShadowBlur>0</ShadowBlur>
      <font family="Bradley+Hand+ITC" displayName="Bradley+Hand+ITC" postScript="" weightStyle="Regular" weight="400" isBold="False" isItalic="False" useDefaultFontFamily="False"/>
      <text>Romantizam</text>
      <textSize>32</textSize>
      <lineSpacing>0</lineSpacing>
      <useDefaultTextSize>False</useDefaultTextSize>
      <selectedIndex>-1</selectedIndex>
    </control>
    <control controlID="F50BA75E-FA83-4B3A-A1B4-C027B0D102A6" controlTypeID="Button" x="1180" y="556" w="170" h="60" zOrder="38">
      <color>4284900966</color>
      <borderColor>4282598211</borderColor>
      <ShadowBlur>0</ShadowBlur>
      <font family="Bradley+Hand+ITC" displayName="Bradley+Hand+ITC_%26_Bold" postScript="" weightStyle="Bold" weight="700" isBold="True" isItalic="False" useDefaultFontFamily="False"/>
      <text>PRIKA%C5%BDI</text>
      <textColor>4286578432</textColor>
      <textSize>32</textSize>
      <lineSpacing>0</lineSpacing>
      <textStyles>[fsBold]</textStyles>
      <useDefaultTextSize>False</useDefaultTextSize>
      <selectedIndex>-1</selectedIndex>
      <radius>16</radius>
    </control>
    <control controlID="4B0CE50F-E881-458E-9B0D-3B01F38B6649" controlTypeID="Icon" x="1028" y="784" w="60" h="60" zOrder="39">
      <icon>
        <ID/>
        <iconFontName>jdIonicons</iconFontName>
        <iconCode>62367</iconCode>
      </icon>
      <URL>A80D6A7386217507CD46AA24148CB327.svg</URL>
    </control>
    <control controlID="170690AA-9ED3-46BF-AFDA-2381DE45414D" controlTypeID="Icon" x="1112" y="784" w="60" h="60" zOrder="40">
      <icon>
        <ID/>
        <iconFontName>jdIonicons</iconFontName>
        <iconCode>61767</iconCode>
      </icon>
      <URL>EE2FB2571F0389F770A92264D8E66DFA.svg</URL>
    </control>
    <control controlID="AAADB0A4-AE09-4F1D-9927-2D099F16DA70" controlTypeID="Icon" x="1196" y="784" w="60" h="60" zOrder="41">
      <icon>
        <ID/>
        <iconFontName>jdFontAwesome</iconFontName>
        <iconCode>61948</iconCode>
      </icon>
      <URL>E86C54C882D78F9C0D69762891BF2E52.svg</URL>
    </control>
    <control controlID="1A7C9229-2422-44F2-A8C5-EF4A9BD29BB9" controlTypeID="Image" x="0" y="0" w="1536" h="864" zOrder="42">
      <ShadowBlur>0</ShadowBlur>
      <URL>9353A407A077278C67C7F23C935D216B.png</URL>
    </control>
    <control controlID="B0217AD0-3803-45D3-BA2A-8A80065975CD" controlTypeID="HRule" x="0" y="84" w="1536" h="12" zOrder="43">
      <color>4281545523</color>
      <ShadowBlur>0</ShadowBlur>
    </control>
    <control controlID="91E6689E-B8D5-4D1F-98CB-5D06A981CF2A" controlTypeID="CompositeComboBox" x="717" y="24" w="200" h="32" zOrder="44">
      <borderColor>4286578432</borderColor>
      <ShadowBlur>0</ShadowBlur>
      <groupChildrenDescriptors>
        <control controlID="B30EE491-44A9-4178-81FA-2F8EF80EFA44" controlTypeID="TextInput" x="0" y="0" w="177" h="32" zOrder="0">
          <locked>True</locked>
          <borderColor>4286578432</borderColor>
          <canMove>False</canMove>
          <alias>input</alias>
          <ShadowBlur>0</ShadowBlur>
          <font family="Segoe+UI" displayName="Segoe+UI" postScript="" weightStyle="Regular" weight="400" isBold="False" isItalic="False" useDefaultFontFamily="False"/>
          <text>Stil</text>
          <lineSpacing>0</lineSpacing>
          <selectedIndex>-1</selectedIndex>
        </control>
        <control controlID="0147394A-EAD4-4974-A86D-724E3015D4A0" controlTypeID="Button" x="176" y="0" w="24" h="32" zOrder="1">
          <locked>True</locked>
          <borderColor>4286578432</borderColor>
          <canMove>False</canMove>
          <alias>button</alias>
          <ShadowBlur>0</ShadowBlur>
          <font family="Segoe+UI" displayName="Segoe+UI" postScript="" weightStyle="Regular" weight="400" isBold="False" isItalic="False"/>
          <lineSpacing>0</lineSpacing>
          <selectedIndex>-1</selectedIndex>
          <radius>0</radius>
        </control>
        <control controlID="94E39E04-B4DB-45FC-BD1B-92BF3DF14DBD" controlTypeID="List" x="0" y="32" w="200" h="130" zOrder="2">
          <isShow>False</isShow>
          <borderColor>4286578432</borderColor>
          <canMove>False</canMove>
          <alias>dropDown</alias>
          <ShadowBlur>0</ShadowBlur>
          <font family="Segoe+UI" displayName="Segoe+UI" postScript="" weightStyle="Regular" weight="400" isBold="False" isItalic="False" useDefaultFontFamily="False"/>
          <text>Stil%0D%0AKlasicizam%0D%0AKubizam%0D%0ABarok</text>
          <textSize>14</textSize>
          <lineSpacing>0</lineSpacing>
          <itemHeight>32</itemHeight>
          <interlaceColor>4294967295</interlaceColor>
        </control>
      </groupChildrenDescriptors>
      <canInput>True</canInput>
      <baseHeight>32</baseHeight>
      <font family="Segoe+UI"/>
      <textSize>14</textSize>
    </control>
    <control controlID="C65D4A20-F34A-44FC-AC4A-286A6B1EE0F0" controlTypeID="Button" x="985" y="24" w="100" h="32" zOrder="45">
      <color>4281545523</color>
      <ShadowBlur>0</ShadowBlur>
      <font family="Bradley+Hand+ITC" displayName="Bradley+Hand+ITC_%26_Bold" postScript="" weightStyle="Bold" weight="700" isBold="True" isItalic="False" useDefaultFontFamily="False"/>
      <text>Pretra%C5%BEi</text>
      <textColor>4286578432</textColor>
      <textSize>24</textSize>
      <lineSpacing>0</lineSpacing>
      <textStyles>[fsBold]</textStyles>
      <useDefaultTextSize>False</useDefaultTextSize>
      <selectedIndex>-1</selectedIndex>
      <radius>100</radius>
      <radiusIsPercent>True</radiusIsPercent>
    </control>
    <control controlID="E0DDD9AF-977E-419C-95A3-D265287E5BB2" controlTypeID="TextInput" x="70" y="24" w="250" h="32" zOrder="46">
      <ShadowBlur>0</ShadowBlur>
      <font family="Bradley+Hand+ITC" displayName="Bradley+Hand+ITC" postScript="" weightStyle="Regular" weight="400" isBold="False" isItalic="False" useDefaultFontFamily="False"/>
      <text>Edwin+Henry+Landseer</text>
      <textSize>20</textSize>
      <lineSpacing>0</lineSpacing>
      <useDefaultTextSize>False</useDefaultTextSize>
      <selectedIndex>-1</selectedIndex>
      <radius>16</radius>
    </control>
    <control controlID="CCCDED5B-AE1D-4128-A827-7B035353D5DB" controlTypeID="TextInput" x="393" y="24" w="250" h="32" zOrder="47">
      <ShadowBlur>0</ShadowBlur>
      <font family="Bradley+Hand+ITC" displayName="Bradley+Hand+ITC" postScript="" weightStyle="Regular" weight="400" isBold="False" isItalic="False" useDefaultFontFamily="False"/>
      <textSize>20</textSize>
      <lineSpacing>0</lineSpacing>
      <useDefaultTextSize>False</useDefaultTextSize>
      <selectedIndex>-1</selectedIndex>
      <placeHolder>Tematika</placeHolder>
      <radius>16</radius>
    </control>
    <control controlID="27C2139E-D826-4C5B-AF95-AA8FAA341943" controlTypeID="Icon" x="1352" y="10" w="64" h="64" zOrder="48">
      <color>4281545523</color>
      <ShadowBlur>0</ShadowBlur>
      <links eventType="AtClick" animate="AmNone" animateAutoDelay="0" animateDuration="500">
        <link targetPageID="A8D85D53-56A9-41E5-AF5C-15DAF5E050EC" linkType="ltPageLink" isApplyIncludePage="False" title="Korpa">
          <area shape="0" alt="" ID="{080A8D63-3F8D-4E02-BCCC-EB5A62E62C24}" coords="(0,0,64,64)"/>
        </link>
      </links>
      <icon>
        <ID/>
        <iconFontName>jdIcoFont</iconFontName>
        <iconCode>59230</iconCode>
      </icon>
      <URL>1D76A1953ACB7053D75125F70C5D5E2C.svg</URL>
    </control>
    <control controlID="A1E5F270-5163-47E1-B5AD-7E6AAD0264F5" controlTypeID="ColorPicker" x="1452" y="10" w="64" h="64" zOrder="49">
      <color>4281545523</color>
      <ShadowBlur>0</ShadowBlur>
    </control>
    <control controlID="0270460F-2E30-4479-99A5-6AB43BC81DBE" controlTypeID="Image" x="1460" y="14" w="48" h="55" zOrder="50">
      <ShadowBlur>0</ShadowBlur>
      <URL>82F81C14AEE290F8A65EB9D1267CFB47.jpg</URL>
    </control>
    <control controlID="2EF6180F-05DA-48D5-B843-63D4D2D73E40" controlTypeID="Image" x="1381" y="760" w="135" h="84" zOrder="51">
      <ShadowBlur>0</ShadowBlur>
      <URL>553C79B8BB334A24B76BC57838CE7B5A.png</URL>
    </control>
    <control controlID="03997D00-05DC-4333-90F4-BCA73761F028" controlTypeID="ImageCarousel" x="20" y="106" w="984" h="738" zOrder="52">
      <color>4284900966</color>
      <ShadowBlur>0</ShadowBlur>
      <groupChildrenDescriptors>
        <control controlID="39D7246C-0A3A-41BA-BFF4-A8EB33D89ADB" controlTypeID="ImageBackground" x="0" y="0" w="984" h="738" zOrder="0">
          <caption>Alexander+and+Diogenes</caption>
          <ShadowBlur>0</ShadowBlur>
          <groupChildrenDescriptors/>
          <URL>C60DDFBA67A314BB5833314FBACE3F4C.png</URL>
        </control>
        <control controlID="8B851FE4-37B1-4BBC-819B-8FE39C4ECB00" controlTypeID="ImageBackground" x="0" y="0" w="984" h="738" zOrder="1">
          <caption>Doubtful+Crumbs</caption>
          <ShadowBlur>0</ShadowBlur>
          <groupChildrenDescriptors/>
          <URL>838F59539FF7A8648C1AD3D45024B70A.png</URL>
        </control>
        <control controlID="5B1DD853-7D46-4573-B710-47E2236D352A" controlTypeID="ImageBackground" x="0" y="0" w="984" h="738" zOrder="2">
          <caption>Monarch+of+the+Glen</caption>
          <ShadowBlur>0</ShadowBlur>
          <groupChildrenDescriptors/>
          <URL>F713F7F9372171F0466AF50A4574BEFC.png</URL>
        </control>
        <control controlID="4579B4D0-FC81-4F7C-9572-A0A1A1357936" controlTypeID="ImageBackground" x="0" y="0" w="984" h="738" zOrder="3">
          <caption>The+Arab+Tent</caption>
          <color>4284900966</color>
          <ShadowBlur>0</ShadowBlur>
          <groupChildrenDescriptors/>
          <URL>0D9D39D1FD335FDF2A2F70F4EDCBBE60.png</URL>
        </control>
      </groupChildrenDescriptors>
      <aniType>spaSlide</aniType>
      <isAutoPlay>False</isAutoPlay>
      <indicatorDirection>sidTop</indicatorDirection>
      <indicatorType>SiRectangle</indicatorType>
      <fitMode>fmStretchFit</fitMode>
    </control>
    <control controlID="23B92394-7F02-4587-A0B4-FDE0FFF85153" controlTypeID="Label" x="1180" y="347" w="321" h="40" zOrder="53">
      <ShadowBlur>0</ShadowBlur>
      <font family="Bradley+Hand+ITC" displayName="Bradley+Hand+ITC" postScript="" weightStyle="Regular" weight="400" isBold="False" isItalic="False" useDefaultFontFamily="False"/>
      <text>Alexander+and+Diogenes</text>
      <textSize>32</textSize>
      <lineSpacing>0</lineSpacing>
      <useDefaultTextSize>False</useDefaultTextSize>
      <selectedIndex>-1</selectedIndex>
    </control>
    <control controlID="C2DE5F71-1276-48BD-A4AE-3C0C887F7772" controlTypeID="Label" x="1062" y="347" w="83" h="40" zOrder="54">
      <ShadowBlur>0</ShadowBlur>
      <font family="Bradley+Hand+ITC" displayName="Bradley+Hand+ITC" postScript="" weightStyle="Regular" weight="400" isBold="False" isItalic="False" useDefaultFontFamily="False"/>
      <text>Slika%3A</text>
      <textSize>32</textSize>
      <lineSpacing>0</lineSpacing>
      <useDefaultTextSize>False</useDefaultTextSize>
      <selectedIndex>-1</selectedIndex>
    </control>
    <control controlID="7846312A-9D8D-42EF-B4F1-E39785095D70" controlTypeID="Label" x="1069" y="200" w="392" h="50" zOrder="55">
      <ShadowBlur>0</ShadowBlur>
      <font family="Bradley+Hand+ITC" displayName="Bradley+Hand+ITC" postScript="" weightStyle="Regular" weight="400" isBold="False" isItalic="False" useDefaultFontFamily="False"/>
      <text>Edwin+Henry+Landseer</text>
      <textSize>40</textSize>
      <lineSpacing>0</lineSpacing>
      <useDefaultTextSize>False</useDefaultTextSize>
      <selectedIndex>-1</selectedIndex>
    </control>
    <control controlID="8127B1A5-F32F-40CF-BA70-622E422248DE" controlTypeID="Label" x="1028" y="412" w="117" h="40" zOrder="56">
      <ShadowBlur>0</ShadowBlur>
      <font family="Bradley+Hand+ITC" displayName="Bradley+Hand+ITC" postScript="" weightStyle="Regular" weight="400" isBold="False" isItalic="False" useDefaultFontFamily="False"/>
      <text>Tehnika%3A</text>
      <textSize>32</textSize>
      <lineSpacing>0</lineSpacing>
      <useDefaultTextSize>False</useDefaultTextSize>
      <selectedIndex>-1</selectedIndex>
    </control>
    <control controlID="B6F0DF2D-B118-44F5-8F62-1DC7C0749282" controlTypeID="Label" x="1180" y="412" w="193" h="40" zOrder="57">
      <ShadowBlur>0</ShadowBlur>
      <font family="Bradley+Hand+ITC" displayName="Bradley+Hand+ITC" postScript="" weightStyle="Regular" weight="400" isBold="False" isItalic="False" useDefaultFontFamily="False"/>
      <text>Ulje+na+platnu</text>
      <textSize>32</textSize>
      <lineSpacing>0</lineSpacing>
      <useDefaultTextSize>False</useDefaultTextSize>
      <selectedIndex>-1</selectedIndex>
    </control>
    <control controlID="00DDC657-100A-4888-83A2-18C5B3C8D608" controlTypeID="Label" x="1086" y="474" w="59" h="40" zOrder="58">
      <ShadowBlur>0</ShadowBlur>
      <font family="Bradley+Hand+ITC" displayName="Bradley+Hand+ITC" postScript="" weightStyle="Regular" weight="400" isBold="False" isItalic="False" useDefaultFontFamily="False"/>
      <text>Stil%3A</text>
      <textSize>32</textSize>
      <lineSpacing>0</lineSpacing>
      <useDefaultTextSize>False</useDefaultTextSize>
      <selectedIndex>-1</selectedIndex>
    </control>
    <control controlID="2F0BF5D3-345F-43EB-A261-81F2AFF9DBFD" controlTypeID="Label" x="1180" y="474" w="181" h="40" zOrder="59">
      <ShadowBlur>0</ShadowBlur>
      <font family="Bradley+Hand+ITC" displayName="Bradley+Hand+ITC" postScript="" weightStyle="Regular" weight="400" isBold="False" isItalic="False" useDefaultFontFamily="False"/>
      <text>Romantizam</text>
      <textSize>32</textSize>
      <lineSpacing>0</lineSpacing>
      <useDefaultTextSize>False</useDefaultTextSize>
      <selectedIndex>-1</selectedIndex>
    </control>
    <control controlID="E712E50C-B928-4698-BB28-93E1F3415ECF" controlTypeID="Button" x="1180" y="556" w="170" h="60" zOrder="60">
      <color>4284900966</color>
      <borderColor>4282598211</borderColor>
      <ShadowBlur>0</ShadowBlur>
      <font family="Bradley+Hand+ITC" displayName="Bradley+Hand+ITC_%26_Bold" postScript="" weightStyle="Bold" weight="700" isBold="True" isItalic="False" useDefaultFontFamily="False"/>
      <text>PRIKA%C5%BDI</text>
      <textColor>4286578432</textColor>
      <textSize>32</textSize>
      <lineSpacing>0</lineSpacing>
      <textStyles>[fsBold]</textStyles>
      <useDefaultTextSize>False</useDefaultTextSize>
      <selectedIndex>-1</selectedIndex>
      <radius>16</radius>
    </control>
    <control controlID="49DD7F99-E0A6-4B9F-97B0-1715C82DA8DF" controlTypeID="Icon" x="1028" y="784" w="60" h="60" zOrder="61">
      <icon>
        <ID/>
        <iconFontName>jdIonicons</iconFontName>
        <iconCode>62367</iconCode>
      </icon>
      <URL>A80D6A7386217507CD46AA24148CB327.svg</URL>
    </control>
    <control controlID="41B12C8B-6EEF-466E-9517-7B53707F4E60" controlTypeID="Icon" x="1112" y="784" w="60" h="60" zOrder="62">
      <icon>
        <ID/>
        <iconFontName>jdIonicons</iconFontName>
        <iconCode>61767</iconCode>
      </icon>
      <URL>EE2FB2571F0389F770A92264D8E66DFA.svg</URL>
    </control>
    <control controlID="628C46D5-FC93-4C20-9A89-5698C2C35D6F" controlTypeID="Icon" x="1196" y="784" w="60" h="60" zOrder="63">
      <icon>
        <ID/>
        <iconFontName>jdFontAwesome</iconFontName>
        <iconCode>61948</iconCode>
      </icon>
      <URL>E86C54C882D78F9C0D69762891BF2E52.svg</URL>
    </control>
  </controls>
  <param>
    <backgroundColor>4284900966</backgroundColor>
    <fontSize>14</fontSize>
    <fontFamily>Segoe+UI</fontFamily>
    <guideLines/>
  </param>
</mockup>