﻿<mockup version="5.3" minAllowVersion="5.3" ID="E90BD020-2FEA-41FD-B031-3A7651829790" platform="MtWeb" defaultW="1536" defaultH="864" measureW="1536" measureH="864" mobileScreenScale="0">
  <controls controlCount="40">
    <control controlID="8EDA5D08-CE79-40AE-A9E5-F281F4852F73" controlTypeID="Image" x="0" y="0" w="1536" h="864" zOrder="0">
      <URL>9353A407A077278C67C7F23C935D216B.png</URL>
    </control>
    <control controlID="98A8CC76-6AE3-4F08-96D6-9F7A2C72CED2" controlTypeID="ScrollView" x="-28" y="0" w="1564" h="864" zOrder="1">
      <color>4284900966</color>
      <borderVisible>False</borderVisible>
      <groupChildrenDescriptors>
        <control controlID="CE1730C2-DA25-4D0B-BCBF-633E1173D56F" controlTypeID="ScrollViewContentPanel" x="0" y="0" w="1564" h="2406" zOrder="0">
          <alias>contentPanel</alias>
          <groupChildrenDescriptors>
            <control controlID="E5FD7E94-CCD8-4073-9320-941348AE4074" controlTypeID="Image" x="0" y="0" w="1546" h="854" zOrder="0">
              <URL>9353A407A077278C67C7F23C935D216B.png</URL>
            </control>
            <control controlID="5C750BF3-352B-4B40-912E-D3FC0EFEE073" controlTypeID="Image" x="71" y="204" w="492" h="497" zOrder="1">
              <radiusIsPercent>True</radiusIsPercent>
              <URL>E46C34B11B1E4937836188E91D3FC6E5.jpg</URL>
              <fitMode>fmFit</fitMode>
            </control>
            <control controlID="28E8A259-5930-4D62-A722-78FEF3E99BCD" controlTypeID="Label" x="114" y="720" w="93" h="38" zOrder="2">
              <font family="Bradley+Hand+ITC" displayName="Bradley+Hand+ITC_%26_Bold" postScript="" weightStyle="Bold" weight="700" isBold="True" isItalic="False" useDefaultFontFamily="False"/>
              <text>Slikar%3A</text>
              <textColor>4286578432</textColor>
              <textSize>30</textSize>
              <lineSpacing>0</lineSpacing>
              <textStyles>[fsBold]</textStyles>
              <useDefaultTextSize>False</useDefaultTextSize>
              <selectedIndex>-1</selectedIndex>
            </control>
            <control controlID="CC5B57F3-9354-461A-BF8A-C5584E5CE5C6" controlTypeID="Label" x="259" y="720" w="235" h="38" zOrder="3">
              <font family="Bradley+Hand+ITC" displayName="Bradley+Hand+ITC_%26_Bold" postScript="" weightStyle="Bold" weight="700" isBold="True" isItalic="False" useDefaultFontFamily="False"/>
              <text>Samantha+French</text>
              <textColor>4286578432</textColor>
              <textSize>30</textSize>
              <lineSpacing>0</lineSpacing>
              <textStyles>[fsBold]</textStyles>
              <useDefaultTextSize>False</useDefaultTextSize>
              <selectedIndex>-1</selectedIndex>
            </control>
            <control controlID="A25117CB-A8BD-4624-B14D-7953BD9CE10F" controlTypeID="Label" x="114" y="758" w="58" h="38" zOrder="4">
              <font family="Bradley+Hand+ITC" displayName="Bradley+Hand+ITC_%26_Bold" postScript="" weightStyle="Bold" weight="700" isBold="True" isItalic="False" useDefaultFontFamily="False"/>
              <text>Stil%3A</text>
              <textColor>4286578432</textColor>
              <textSize>30</textSize>
              <lineSpacing>0</lineSpacing>
              <textStyles>[fsBold]</textStyles>
              <useDefaultTextSize>False</useDefaultTextSize>
              <selectedIndex>-1</selectedIndex>
            </control>
            <control controlID="3C334E5F-50F7-4627-B3C2-D49CEBB175C5" controlTypeID="Label" x="259" y="758" w="111" h="38" zOrder="5">
              <font family="Bradley+Hand+ITC" displayName="Bradley+Hand+ITC_%26_Bold" postScript="" weightStyle="Bold" weight="700" isBold="True" isItalic="False" useDefaultFontFamily="False"/>
              <text>Moderna</text>
              <textColor>4286578432</textColor>
              <textSize>30</textSize>
              <lineSpacing>0</lineSpacing>
              <textStyles>[fsBold]</textStyles>
              <useDefaultTextSize>False</useDefaultTextSize>
              <selectedIndex>-1</selectedIndex>
            </control>
            <control controlID="6D119AD7-0F8A-4ACE-948F-3869F69123A5" controlTypeID="Label" x="114" y="796" w="77" h="38" zOrder="6">
              <font family="Bradley+Hand+ITC" displayName="Bradley+Hand+ITC_%26_Bold" postScript="" weightStyle="Bold" weight="700" isBold="True" isItalic="False" useDefaultFontFamily="False"/>
              <text>Tema%3A</text>
              <textColor>4286578432</textColor>
              <textSize>30</textSize>
              <lineSpacing>0</lineSpacing>
              <textStyles>[fsBold]</textStyles>
              <useDefaultTextSize>False</useDefaultTextSize>
              <selectedIndex>-1</selectedIndex>
            </control>
            <control controlID="62105C1D-CF59-4813-B334-245A4D014E0B" controlTypeID="Label" x="259" y="796" w="152" h="38" zOrder="7">
              <font family="Bradley+Hand+ITC" displayName="Bradley+Hand+ITC_%26_Bold" postScript="" weightStyle="Bold" weight="700" isBold="True" isItalic="False" useDefaultFontFamily="False"/>
              <text>Underwater</text>
              <textColor>4286578432</textColor>
              <textSize>30</textSize>
              <lineSpacing>0</lineSpacing>
              <textStyles>[fsBold]</textStyles>
              <useDefaultTextSize>False</useDefaultTextSize>
              <selectedIndex>-1</selectedIndex>
            </control>
            <control controlID="674FCE46-0277-4927-B953-DF7AD3148D3A" controlTypeID="Button" x="118" y="112" w="400" h="72" zOrder="8">
              <color>4281545523</color>
              <borderVisible>False</borderVisible>
              <font family="Bradley+Hand+ITC" displayName="Bradley+Hand+ITC_%26_Bold" postScript="" weightStyle="Bold" weight="700" isBold="True" isItalic="False" useDefaultFontFamily="False"/>
              <text>Underwater+tranquility</text>
              <textColor>4286578432</textColor>
              <textSize>32</textSize>
              <lineSpacing>0</lineSpacing>
              <textStyles>[fsBold]</textStyles>
              <useDefaultTextSize>False</useDefaultTextSize>
              <selectedIndex>-1</selectedIndex>
              <radius>100</radius>
              <radiusIsPercent>True</radiusIsPercent>
              <thickness>7</thickness>
            </control>
          </groupChildrenDescriptors>
        </control>
        <control controlID="60C24D41-59A4-40DD-BA09-F92830D76C46" controlTypeID="Border" x="0" y="0" w="1564" h="864" zOrder="1">
          <color>4284900966</color>
          <borderColor>4278190080</borderColor>
          <borderVisible>False</borderVisible>
          <alias>borderLayer</alias>
        </control>
      </groupChildrenDescriptors>
      <canHoriScroll>True</canHoriScroll>
    </control>
    <control controlID="97E11674-3B55-4006-BE32-A808302F6610" controlTypeID="HRule" x="0" y="84" w="1536" h="12" zOrder="2">
      <color>4281545523</color>
    </control>
    <control controlID="CF9929EF-E3B6-4C21-AB16-401925665900" controlTypeID="CompositeComboBox" x="689" y="24" w="200" h="32" zOrder="3">
      <borderColor>4286578432</borderColor>
      <groupChildrenDescriptors>
        <control controlID="914A4F6B-FBBE-4B5E-B4FA-61D394CBFAB2" controlTypeID="TextInput" x="0" y="0" w="177" h="32" zOrder="0">
          <locked>True</locked>
          <borderColor>4286578432</borderColor>
          <canMove>False</canMove>
          <alias>input</alias>
          <font family="Segoe+UI" displayName="Segoe+UI" postScript="" weightStyle="Regular" weight="400" isBold="False" isItalic="False" useDefaultFontFamily="False"/>
          <text>Stil</text>
          <lineSpacing>0</lineSpacing>
          <selectedIndex>-1</selectedIndex>
        </control>
        <control controlID="D9262500-F3A4-430D-9272-2EB990F419EB" controlTypeID="Button" x="176" y="0" w="24" h="32" zOrder="1">
          <locked>True</locked>
          <borderColor>4286578432</borderColor>
          <canMove>False</canMove>
          <alias>button</alias>
          <font family="Segoe+UI" displayName="Segoe+UI" postScript="" weightStyle="Regular" weight="400" isBold="False" isItalic="False"/>
          <lineSpacing>0</lineSpacing>
          <selectedIndex>-1</selectedIndex>
          <radius>0</radius>
        </control>
        <control controlID="5AD15088-DE72-4451-8846-AB89343FC54E" controlTypeID="List" x="0" y="32" w="200" h="138" zOrder="2">
          <isShow>False</isShow>
          <borderColor>4286578432</borderColor>
          <canMove>False</canMove>
          <alias>dropDown</alias>
          <font family="Segoe+UI" displayName="Segoe+UI" postScript="" weightStyle="Regular" weight="400" isBold="False" isItalic="False" useDefaultFontFamily="False"/>
          <text>Stil%0D%0AKlasicizam%0D%0AKubizam%0D%0ABarok</text>
          <textSize>14</textSize>
          <lineSpacing>0</lineSpacing>
          <itemHeight>32</itemHeight>
          <interlaceColor>4294967295</interlaceColor>
        </control>
      </groupChildrenDescriptors>
      <canInput>True</canInput>
      <baseHeight>32</baseHeight>
      <font family="Segoe+UI"/>
      <textSize>14</textSize>
    </control>
    <control controlID="31267056-6E48-4BDC-8D03-7563D4C36B7D" controlTypeID="Button" x="957" y="24" w="100" h="32" zOrder="4">
      <color>4281545523</color>
      <font family="Bradley+Hand+ITC" displayName="Bradley+Hand+ITC_%26_Bold" postScript="" weightStyle="Bold" weight="700" isBold="True" isItalic="False" useDefaultFontFamily="False"/>
      <text>Pretra%C5%BEi</text>
      <textColor>4286578432</textColor>
      <textSize>24</textSize>
      <lineSpacing>0</lineSpacing>
      <textStyles>[fsBold]</textStyles>
      <useDefaultTextSize>False</useDefaultTextSize>
      <selectedIndex>-1</selectedIndex>
      <radius>100</radius>
      <radiusIsPercent>True</radiusIsPercent>
    </control>
    <control controlID="403167CF-7792-4DA3-91D8-C1D6C2291C0D" controlTypeID="TextInput" x="42" y="24" w="250" h="32" zOrder="5">
      <font family="Bradley+Hand+ITC" displayName="Bradley+Hand+ITC" postScript="" weightStyle="Regular" weight="400" isBold="False" isItalic="False" useDefaultFontFamily="False"/>
      <textSize>20</textSize>
      <lineSpacing>0</lineSpacing>
      <useDefaultTextSize>False</useDefaultTextSize>
      <selectedIndex>-1</selectedIndex>
      <placeHolder>Slikar</placeHolder>
      <radius>16</radius>
    </control>
    <control controlID="D3D14A8A-527B-45D3-9EB3-E91CCAB5E02E" controlTypeID="TextInput" x="365" y="24" w="250" h="32" zOrder="6">
      <font family="Bradley+Hand+ITC" displayName="Bradley+Hand+ITC" postScript="" weightStyle="Regular" weight="400" isBold="False" isItalic="False" useDefaultFontFamily="False"/>
      <textSize>20</textSize>
      <lineSpacing>0</lineSpacing>
      <useDefaultTextSize>False</useDefaultTextSize>
      <selectedIndex>-1</selectedIndex>
      <placeHolder>Tematika</placeHolder>
      <radius>16</radius>
    </control>
    <control controlID="A2BB1868-4824-4338-9F79-8E8936E8E0AC" controlTypeID="Icon" x="1324" y="10" w="64" h="64" zOrder="7">
      <color>4281545523</color>
      <links eventType="AtClick" animate="AmNone" animateAutoDelay="0" animateDuration="500">
        <link targetPageID="7374C221-D31D-4E70-A88F-4EB2D9B74ECA" linkType="ltPageLink" isApplyIncludePage="False" title="Registracija">
          <area shape="0" alt="" ID="{080A8D63-3F8D-4E02-BCCC-EB5A62E62C24}" coords="(0,0,64,64)"/>
        </link>
      </links>
      <icon>
        <ID/>
        <iconFontName>jdIcoFont</iconFontName>
        <iconCode>59230</iconCode>
      </icon>
      <URL>1D76A1953ACB7053D75125F70C5D5E2C.svg</URL>
    </control>
    <control controlID="9050394D-F6A6-4D8D-AC66-E59729D4C972" controlTypeID="Icon" x="1424" y="10" w="64" h="64" zOrder="8">
      <color>4281545523</color>
      <icon>
        <ID/>
        <iconFontName>jdIonicons</iconFontName>
        <iconCode>62590</iconCode>
      </icon>
      <URL>5C55E17C830A8188121F30E4B3398557.svg</URL>
    </control>
    <control controlID="1D054971-22BD-4B9C-8FD6-2E6029CFCE4C" controlTypeID="Image" x="1359" y="766" w="135" h="84" zOrder="9">
      <URL>553C79B8BB334A24B76BC57838CE7B5A.png</URL>
    </control>
    <control controlID="8CB924C7-E036-45BD-BC02-2E745BBE4024" controlTypeID="Panel" x="638" y="252" w="870" h="464" zOrder="10">
      <color>4287006342</color>
      <groupChildrenDescriptors>
        <control controlID="A0CB952F-27A7-4F3B-99A6-2099DB8FD717" controlTypeID="Border" x="0" y="0" w="870" h="464" zOrder="0">
          <alias>borderLayer</alias>
        </control>
      </groupChildrenDescriptors>
      <thinkness>1</thinkness>
    </control>
    <control controlID="6A15B681-FB08-4186-8D6D-0B2313300906" controlTypeID="TextArea" x="694" y="278" w="240" h="74" zOrder="11">
      <font family="Bradley+Hand+ITC" displayName="Bradley+Hand+ITC_%26_Bold+Italic" postScript="" weightStyle="Bold+Italic" weight="700" isBold="True" isItalic="True" useDefaultFontFamily="False"/>
      <text>KOMENTARI</text>
      <textSize>28</textSize>
      <textStyles>[fsBold,fsItalic]</textStyles>
      <useDefaultTextSize>False</useDefaultTextSize>
      <selectedIndex>-1</selectedIndex>
    </control>
    <control controlID="3D26CF0B-BE41-4FFA-B489-35220ACCF6AF" controlTypeID="Panel" x="672" y="368" w="602" h="72" zOrder="12">
      <groupChildrenDescriptors>
        <control controlID="44ED0D23-4E1C-4314-BA51-B4E8C0E6B2D4" controlTypeID="Border" x="0" y="0" w="602" h="72" zOrder="0">
          <alias>borderLayer</alias>
        </control>
      </groupChildrenDescriptors>
      <thinkness>1</thinkness>
    </control>
    <control controlID="4F0D552A-56A4-49F6-8874-7EF74EB93B36" controlTypeID="TextArea" x="684" y="340" w="240" h="74" zOrder="13">
      <font family="Bradley+Hand+ITC" displayName="Bradley+Hand+ITC_%26_Bold" postScript="" weightStyle="Bold" weight="700" isBold="True" isItalic="False" useDefaultFontFamily="False"/>
      <text>Bradley+Cooper</text>
      <textSize>24</textSize>
      <textStyles>[fsBold]</textStyles>
      <useDefaultTextSize>False</useDefaultTextSize>
      <selectedIndex>-1</selectedIndex>
    </control>
    <control controlID="D755530D-C2C1-4543-9E04-8DB422DD29BF" controlTypeID="TextArea" x="684" y="368" w="240" h="74" zOrder="14">
      <font family="Segoe+UI" displayName="Segoe+UI" postScript="" weightStyle="Regular" weight="400" isBold="False" isItalic="False" useDefaultFontFamily="False"/>
      <text>Nice+work.+Beautiful+painting!</text>
      <textSize>20</textSize>
      <useDefaultTextSize>False</useDefaultTextSize>
      <selectedIndex>-1</selectedIndex>
    </control>
    <control controlID="C0AC9B98-0819-42DE-A3D9-AB3056D3F9EA" controlTypeID="Button" x="1318" y="502" w="134" h="47" zOrder="15">
      <color>4291611852</color>
      <borderColor>4278255360</borderColor>
      <font family="Segoe+UI" displayName="Segoe+UI" postScript="" weightStyle="Regular" weight="400" isBold="False" isItalic="False"/>
      <text>Ukloni</text>
      <textSize>20</textSize>
      <lineSpacing>0</lineSpacing>
      <useDefaultTextSize>False</useDefaultTextSize>
      <selectedIndex>-1</selectedIndex>
      <radius>4</radius>
    </control>
    <control controlID="852F350E-4295-470E-AC92-555BAF8DD2F8" controlTypeID="Panel" x="672" y="494" w="594" h="80" zOrder="16">
      <groupChildrenDescriptors>
        <control controlID="09CB9C46-E51A-4995-8838-5C06C5F401BE" controlTypeID="Border" x="0" y="0" w="594" h="80" zOrder="0">
          <alias>borderLayer</alias>
        </control>
      </groupChildrenDescriptors>
      <thinkness>1</thinkness>
    </control>
    <control controlID="E8C771D9-E5F8-41FF-8A43-39F0EE54EF2B" controlTypeID="TextArea" x="684" y="452" w="240" h="74" zOrder="17">
      <font family="Bradley+Hand+ITC" displayName="Bradley+Hand+ITC_%26_Bold" postScript="" weightStyle="Bold" weight="700" isBold="True" isItalic="False" useDefaultFontFamily="False"/>
      <text>@tasha</text>
      <textSize>24</textSize>
      <textStyles>[fsBold]</textStyles>
      <useDefaultTextSize>False</useDefaultTextSize>
      <selectedIndex>-1</selectedIndex>
    </control>
    <control controlID="FB39C63D-67CA-4673-8215-D0E576517875" controlTypeID="TextArea" x="680" y="496" w="240" h="74" zOrder="18">
      <font family="Segoe+UI" displayName="Segoe+UI" postScript="" weightStyle="Regular" weight="400" isBold="False" isItalic="False"/>
      <text>Slika+je+sjajna.+Samanta+je+jako+talentovana!</text>
      <textSize>20</textSize>
      <useDefaultTextSize>False</useDefaultTextSize>
      <selectedIndex>-1</selectedIndex>
    </control>
    <control controlID="76672D25-3743-4645-9A58-ED5B28760C2C" controlTypeID="Button" x="1302" y="368" w="150" h="54" zOrder="19">
      <color>4291611852</color>
      <borderColor>4278255360</borderColor>
      <font family="Segoe+UI" displayName="Segoe+UI" postScript="" weightStyle="Regular" weight="400" isBold="False" isItalic="False" useDefaultFontFamily="False"/>
      <text>Prijavi+komentar</text>
      <textSize>18</textSize>
      <lineSpacing>0</lineSpacing>
      <useDefaultTextSize>False</useDefaultTextSize>
      <selectedIndex>-1</selectedIndex>
      <radius>4</radius>
    </control>
    <control controlID="CBF4C428-D5B2-4011-BA0D-24B59E6A4205" controlTypeID="Button" x="656" y="742" w="172" h="44" zOrder="20">
      <color>4291611852</color>
      <borderColor>4286578432</borderColor>
      <font family="Segoe+UI" displayName="Segoe+UI" postScript="" weightStyle="Regular" weight="400" isBold="False" isItalic="False"/>
      <text>Dodaj+komentar</text>
      <textSize>20</textSize>
      <lineSpacing>0</lineSpacing>
      <useDefaultTextSize>False</useDefaultTextSize>
      <selectedIndex>-1</selectedIndex>
      <radius>4</radius>
    </control>
    <control controlID="B0872E14-35C0-439A-8A15-54AE4F2284CB" controlTypeID="Image" x="1432" y="14" w="48" h="55" zOrder="21">
      <ShadowBlur>0</ShadowBlur>
      <links eventType="AtClick" animate="AmNone" animateAutoDelay="0" animateDuration="500">
        <link targetPageID="94C2C370-F2BB-4CD2-8734-AEC9E0486530" linkType="ltPageLink" isApplyIncludePage="False" title="Informacije+o+nalogu">
          <area shape="0" alt="" ID="{905984D4-D0CB-4987-8E1F-E17C817AB7B5}" coords="(0,0,48,55)"/>
        </link>
      </links>
      <URL>82F81C14AEE290F8A65EB9D1267CFB47.jpg</URL>
    </control>
    <control controlID="0C6287EC-C1FD-4CBA-AC37-1B923A264F64" controlTypeID="TextArea" x="1268" y="118" w="240" h="118" zOrder="22">
      <font family="Bradley+Hand+ITC" displayName="Bradley+Hand+ITC_%26_Bold" postScript="" weightStyle="Bold" weight="700" isBold="True" isItalic="False" useDefaultFontFamily="False"/>
      <text>@tasha%0D%0A%0D%0Astatus%3A+korisnik</text>
      <textSize>28</textSize>
      <textStyles>[fsBold]</textStyles>
      <useDefaultTextSize>False</useDefaultTextSize>
      <selectedIndex>-1</selectedIndex>
    </control>
  </controls>
  <param>
    <backgroundColor>4284900966</backgroundColor>
    <fontSize>14</fontSize>
    <fontFamily>Segoe+UI</fontFamily>
    <guideLines/>
  </param>
</mockup>