﻿<LinkSources version="1.02">
  <page ID="0F18B6CE-10F8-478F-9479-FE0C6A014CCD">
    <linkSource sourcePageID="EB84CBF1-4297-494D-BCB1-F5C57AAF432F" comID="1148A522-5C0D-4E22-84EF-BCAF100F513D" comLinkType="cltPageLink"/>
    <linkSource sourcePageID="112218B8-7BA1-4F0C-9BD7-05479DC183C5" comID="1148A522-5C0D-4E22-84EF-BCAF100F513D" comLinkType="cltPageLink"/>
    <linkSource sourcePageID="A28AB86B-863E-4BB1-9138-5985F7E884D4" comID="1148A522-5C0D-4E22-84EF-BCAF100F513D" comLinkType="cltPageLink"/>
    <linkSource sourcePageID="7374C221-D31D-4E70-A88F-4EB2D9B74ECA" comID="1148A522-5C0D-4E22-84EF-BCAF100F513D" comLinkType="cltPageLink"/>
    <linkSource sourcePageID="F6992589-9635-4D62-8F98-3D75825C0CA2" comID="5EB4863E-9FC8-4810-B404-12AAF3E8FD52" comLinkType="cltPageLink"/>
    <linkSource sourcePageID="F6992589-9635-4D62-8F98-3D75825C0CA2" comID="C19AB99F-617A-4C6E-A58A-3B9732D781DA" comLinkType="cltPageLink"/>
    <linkSource sourcePageID="3CAD7823-FD0C-4F29-9BA2-1846D34744ED" comID="1148A522-5C0D-4E22-84EF-BCAF100F513D" comLinkType="cltPageLink"/>
    <linkSource sourcePageID="94C2C370-F2BB-4CD2-8734-AEC9E0486530" comID="091306A1-6568-42D4-8808-BE52E2ACD218" comLinkType="cltPageLink"/>
    <linkSource sourcePageID="870FB668-B7E9-4DA0-AFF1-48F60769F7AC" comID="091306A1-6568-42D4-8808-BE52E2ACD218" comLinkType="cltPageLink"/>
    <linkSource sourcePageID="F5849F5D-B0A2-4FAD-8510-C3292707C0C1" comID="091306A1-6568-42D4-8808-BE52E2ACD218" comLinkType="cltPageLink"/>
    <linkSource sourcePageID="0F18B6CE-10F8-478F-9479-FE0C6A014CCD" comID="E2603E0F-9087-4196-91C3-E0A3FC9D460D" comLinkType="cltPageLink"/>
    <linkSource sourcePageID="7374C221-D31D-4E70-A88F-4EB2D9B74ECA" comID="442EFD68-77F0-46CD-82AC-C2788BE1F27D" comLinkType="cltPageLink"/>
    <linkSource sourcePageID="280DD481-5310-4F7F-A5B6-8EF6322471FA" comID="091306A1-6568-42D4-8808-BE52E2ACD218" comLinkType="cltPageLink"/>
    <linkSource sourcePageID="638935EC-822B-4537-83F7-B21E050301BF" comID="33D15EB1-2C88-4818-907F-1B30AE5B2F4D" comLinkType="cltPageLink"/>
    <linkSource sourcePageID="94C2C370-F2BB-4CD2-8734-AEC9E0486530" comID="8D90745D-B47B-4DD6-ADB2-4B2E284EB8B3" comLinkType="cltPageLink"/>
    <linkSource sourcePageID="94C2C370-F2BB-4CD2-8734-AEC9E0486530" comID="1E2C6748-9557-4C7F-BF6F-E5804C6D3D71" comLinkType="cltPageLink"/>
  </page>
  <page ID="4D766848-4742-4628-9C28-2877A7559DB6">
    <linkSource sourcePageID="0F18B6CE-10F8-478F-9479-FE0C6A014CCD" comID="E4038FE9-37AB-4FBB-90E0-125410D9EBC5" comLinkType="cltPageLink"/>
    <linkSource sourcePageID="7374C221-D31D-4E70-A88F-4EB2D9B74ECA" comID="DBBE88EB-96E2-4F20-A850-1FC123E70041" comLinkType="cltPageLink"/>
    <linkSource sourcePageID="638935EC-822B-4537-83F7-B21E050301BF" comID="1431DDD6-CC30-4EFD-B7EF-0BBC454C089A" comLinkType="cltPageLink"/>
    <linkSource sourcePageID="7374C221-D31D-4E70-A88F-4EB2D9B74ECA" comID="1148A522-5C0D-4E22-84EF-BCAF100F513D" comLinkType="cltPageLink"/>
  </page>
  <page ID="7374C221-D31D-4E70-A88F-4EB2D9B74ECA">
    <linkSource sourcePageID="FA5112E1-2909-4659-8332-67AA7A237D77" comID="C19AB99F-617A-4C6E-A58A-3B9732D781DA" comLinkType="cltPageLink"/>
    <linkSource sourcePageID="FA5112E1-2909-4659-8332-67AA7A237D77" comID="28EEE452-9219-4A04-BD62-FCB9D3D01FB2" comLinkType="cltPageLink"/>
    <linkSource sourcePageID="FA5112E1-2909-4659-8332-67AA7A237D77" comID="EE9C1B69-2EFC-45C0-ABB6-7A1CBB3F5C80" comLinkType="cltPageLink"/>
    <linkSource sourcePageID="4D766848-4742-4628-9C28-2877A7559DB6" comID="E2603E0F-9087-4196-91C3-E0A3FC9D460D" comLinkType="cltPageLink"/>
    <linkSource sourcePageID="0F18B6CE-10F8-478F-9479-FE0C6A014CCD" comID="ABBEB628-203E-4DAF-BA0F-02BAD5383840" comLinkType="cltPageLink"/>
    <linkSource sourcePageID="0F18B6CE-10F8-478F-9479-FE0C6A014CCD" comID="23F2FDC9-F9B1-4668-9E97-207C85229A69" comLinkType="cltPageLink"/>
    <linkSource sourcePageID="0F18B6CE-10F8-478F-9479-FE0C6A014CCD" comID="51A36D9F-CD20-4454-9377-DD93CA7815D6" comLinkType="cltPageLink"/>
    <linkSource sourcePageID="0F18B6CE-10F8-478F-9479-FE0C6A014CCD" comID="F4998A1B-D4E2-48C5-8B50-4CC8C04E2C67" comLinkType="cltPageLink"/>
    <linkSource sourcePageID="0F18B6CE-10F8-478F-9479-FE0C6A014CCD" comID="84898745-E41B-4C2E-9D08-76439DB8122D" comLinkType="cltPageLink"/>
    <linkSource sourcePageID="0F18B6CE-10F8-478F-9479-FE0C6A014CCD" comID="90090FAC-35A0-4229-B5E3-B27748F7E605" comLinkType="cltPageLink"/>
    <linkSource sourcePageID="0F18B6CE-10F8-478F-9479-FE0C6A014CCD" comID="314784C9-387C-4A40-9734-DB260483E22F" comLinkType="cltPageLink"/>
    <linkSource sourcePageID="0F18B6CE-10F8-478F-9479-FE0C6A014CCD" comID="6905897E-D8AE-47B5-A26A-6C93B6B7B2A5" comLinkType="cltPageLink"/>
    <linkSource sourcePageID="0F18B6CE-10F8-478F-9479-FE0C6A014CCD" comID="321BA7FE-6B64-4DB8-98B0-90B27C5354B4" comLinkType="cltPageLink"/>
    <linkSource sourcePageID="0F18B6CE-10F8-478F-9479-FE0C6A014CCD" comID="D02D612F-45FF-4B91-A811-B4892574770B" comLinkType="cltPageLink"/>
    <linkSource sourcePageID="0F18B6CE-10F8-478F-9479-FE0C6A014CCD" comID="ECB67F52-6D93-4289-AA11-B439547F701C" comLinkType="cltPageLink"/>
    <linkSource sourcePageID="0F18B6CE-10F8-478F-9479-FE0C6A014CCD" comID="E445FD88-610C-4D7F-99FF-C18BF6E1B0C1" comLinkType="cltPageLink"/>
    <linkSource sourcePageID="0F18B6CE-10F8-478F-9479-FE0C6A014CCD" comID="167085AA-C8B6-433B-974B-9C4FB2CBB641" comLinkType="cltPageLink"/>
    <linkSource sourcePageID="0F18B6CE-10F8-478F-9479-FE0C6A014CCD" comID="1F73C3A7-6FE2-49C1-8F4F-1528AE25400C" comLinkType="cltPageLink"/>
    <linkSource sourcePageID="0F18B6CE-10F8-478F-9479-FE0C6A014CCD" comID="E0C50374-A0B1-4B95-9992-847B41D3729F" comLinkType="cltPageLink"/>
    <linkSource sourcePageID="0F18B6CE-10F8-478F-9479-FE0C6A014CCD" comID="8022F782-DF46-4F49-BB15-847F216577BD" comLinkType="cltPageLink"/>
    <linkSource sourcePageID="0F18B6CE-10F8-478F-9479-FE0C6A014CCD" comID="64414C66-490C-4841-BAB4-3B73E1BB09D1" comLinkType="cltPageLink"/>
    <linkSource sourcePageID="0F18B6CE-10F8-478F-9479-FE0C6A014CCD" comID="9A71B425-B673-4EA7-B6E2-93EF64F5381E" comLinkType="cltPageLink"/>
    <linkSource sourcePageID="0F18B6CE-10F8-478F-9479-FE0C6A014CCD" comID="B834B194-8C93-40AA-B8A8-F73CB1B6E928" comLinkType="cltPageLink"/>
    <linkSource sourcePageID="0F18B6CE-10F8-478F-9479-FE0C6A014CCD" comID="1C6C7FA1-3019-4FC3-88CF-C75C357C7A8C" comLinkType="cltPageLink"/>
    <linkSource sourcePageID="0F18B6CE-10F8-478F-9479-FE0C6A014CCD" comID="99E9FC12-FAB2-4371-8560-40BB6ADC41B9" comLinkType="cltPageLink"/>
    <linkSource sourcePageID="9324D3C7-EEA1-4C91-86FD-E72B7186E621" comID="326F2DEF-8526-4D92-A78D-708305EFE4B1" comLinkType="cltPageLink"/>
    <linkSource sourcePageID="9324D3C7-EEA1-4C91-86FD-E72B7186E621" comID="8F731EA9-C4A6-4D82-8DC2-8435EB3BD8E2" comLinkType="cltPageLink"/>
    <linkSource sourcePageID="9324D3C7-EEA1-4C91-86FD-E72B7186E621" comID="085BAE30-3555-40F5-9FAD-E9E3356F8A4F" comLinkType="cltPageLink"/>
    <linkSource sourcePageID="15301655-9FCB-43D5-8B2A-80BFC96E7301" comID="67F90EC2-F59D-4842-8C07-A40F6C4B89F2" comLinkType="cltPageLink"/>
    <linkSource sourcePageID="15301655-9FCB-43D5-8B2A-80BFC96E7301" comID="BDEA1896-38D7-45D0-B34C-B17731F7DE05" comLinkType="cltPageLink"/>
    <linkSource sourcePageID="15301655-9FCB-43D5-8B2A-80BFC96E7301" comID="DB47271F-7FB7-4CA6-9B4C-F8C330FE6AB8" comLinkType="cltPageLink"/>
    <linkSource sourcePageID="9324D3C7-EEA1-4C91-86FD-E72B7186E621" comID="D0EBC09E-5B10-44CF-9C5A-38618839FA17" comLinkType="cltPageLink"/>
    <linkSource sourcePageID="9324D3C7-EEA1-4C91-86FD-E72B7186E621" comID="0A354285-94E3-450A-B11A-25BE297E021F" comLinkType="cltPageLink"/>
    <linkSource sourcePageID="0F18B6CE-10F8-478F-9479-FE0C6A014CCD" comID="D5F5D62E-FF06-461A-9F32-6422BD29835C" comLinkType="cltPageLink"/>
    <linkSource sourcePageID="0F18B6CE-10F8-478F-9479-FE0C6A014CCD" comID="B9E965D0-D16C-4C4E-BC96-BBF4E4DEA2E7" comLinkType="cltPageLink"/>
    <linkSource sourcePageID="9324D3C7-EEA1-4C91-86FD-E72B7186E621" comID="57DA050B-D09E-4249-9B3F-604773B3CF34" comLinkType="cltPageLink"/>
    <linkSource sourcePageID="9324D3C7-EEA1-4C91-86FD-E72B7186E621" comID="41115B71-E031-4D8A-ACE6-55EB7AB478AF" comLinkType="cltPageLink"/>
    <linkSource sourcePageID="0F18B6CE-10F8-478F-9479-FE0C6A014CCD" comID="986CFE53-69FF-4ED4-9094-59563976CDD9" comLinkType="cltPageLink"/>
    <linkSource sourcePageID="0F18B6CE-10F8-478F-9479-FE0C6A014CCD" comID="B3A9EDA0-8F94-46A1-9ED9-03C106E7B93E" comLinkType="cltPageLink"/>
    <linkSource sourcePageID="9324D3C7-EEA1-4C91-86FD-E72B7186E621" comID="87825C26-E67B-4C8C-ACFC-8CF1BCCE6DAF" comLinkType="cltPageLink"/>
    <linkSource sourcePageID="9324D3C7-EEA1-4C91-86FD-E72B7186E621" comID="7260366F-E0A1-4439-9A87-2A08FA85A901" comLinkType="cltPageLink"/>
    <linkSource sourcePageID="0F18B6CE-10F8-478F-9479-FE0C6A014CCD" comID="58E5C2CC-B9E5-4F22-AE21-1B71408549E9" comLinkType="cltPageLink"/>
    <linkSource sourcePageID="0F18B6CE-10F8-478F-9479-FE0C6A014CCD" comID="A42EE41E-8FA9-41C6-8D25-3C2898A7D81B" comLinkType="cltPageLink"/>
    <linkSource sourcePageID="9324D3C7-EEA1-4C91-86FD-E72B7186E621" comID="2F783DBB-1A79-401E-9F14-50EA1077411E" comLinkType="cltPageLink"/>
    <linkSource sourcePageID="9324D3C7-EEA1-4C91-86FD-E72B7186E621" comID="842F1FBB-47AF-4871-995B-CF0F1D3AF0B8" comLinkType="cltPageLink"/>
    <linkSource sourcePageID="0F18B6CE-10F8-478F-9479-FE0C6A014CCD" comID="77161E93-67A3-49F8-ADFA-4AE540E091AA" comLinkType="cltPageLink"/>
    <linkSource sourcePageID="0F18B6CE-10F8-478F-9479-FE0C6A014CCD" comID="8462C169-5C00-4DD4-95E7-280711D2AE22" comLinkType="cltPageLink"/>
    <linkSource sourcePageID="9324D3C7-EEA1-4C91-86FD-E72B7186E621" comID="D33193AC-39D9-4350-BCF2-70976D2C833C" comLinkType="cltPageLink"/>
    <linkSource sourcePageID="9324D3C7-EEA1-4C91-86FD-E72B7186E621" comID="6289ED45-8244-415E-AD6D-7E1EE174C2A7" comLinkType="cltPageLink"/>
    <linkSource sourcePageID="0F18B6CE-10F8-478F-9479-FE0C6A014CCD" comID="C22BC30E-DF61-463C-864D-E0EAB6958A3F" comLinkType="cltPageLink"/>
    <linkSource sourcePageID="0F18B6CE-10F8-478F-9479-FE0C6A014CCD" comID="768CFD64-D9BA-4F68-8F99-66E34020CC92" comLinkType="cltPageLink"/>
    <linkSource sourcePageID="9324D3C7-EEA1-4C91-86FD-E72B7186E621" comID="C182F993-1A23-47A7-83CF-091FE6D64171" comLinkType="cltPageLink"/>
    <linkSource sourcePageID="9324D3C7-EEA1-4C91-86FD-E72B7186E621" comID="DED4F604-539E-42EB-84F8-C44EB8262E91" comLinkType="cltPageLink"/>
    <linkSource sourcePageID="9324D3C7-EEA1-4C91-86FD-E72B7186E621" comID="247C1BEC-20A4-44D5-A397-FBF429198A62" comLinkType="cltPageLink"/>
    <linkSource sourcePageID="9324D3C7-EEA1-4C91-86FD-E72B7186E621" comID="823E0EF7-AA1C-49EF-9B2B-705CFEDD241B" comLinkType="cltPageLink"/>
    <linkSource sourcePageID="9324D3C7-EEA1-4C91-86FD-E72B7186E621" comID="F2B58B29-316E-40A9-A158-5C6407218045" comLinkType="cltPageLink"/>
    <linkSource sourcePageID="9324D3C7-EEA1-4C91-86FD-E72B7186E621" comID="B2D1C9E0-D9D5-447A-AA1E-DE8A3D465D2B" comLinkType="cltPageLink"/>
    <linkSource sourcePageID="0F18B6CE-10F8-478F-9479-FE0C6A014CCD" comID="A7316793-C7C8-4771-83A6-F1749043B83C" comLinkType="cltPageLink"/>
    <linkSource sourcePageID="0F18B6CE-10F8-478F-9479-FE0C6A014CCD" comID="6C647FC3-BC0E-46E5-8A70-088F3D021E57" comLinkType="cltPageLink"/>
    <linkSource sourcePageID="9324D3C7-EEA1-4C91-86FD-E72B7186E621" comID="9844886E-FC6F-4B46-B65E-9FE25D79394F" comLinkType="cltPageLink"/>
    <linkSource sourcePageID="9324D3C7-EEA1-4C91-86FD-E72B7186E621" comID="CE6D35EC-6DFE-46FA-B628-55BA1A68F792" comLinkType="cltPageLink"/>
    <linkSource sourcePageID="0F18B6CE-10F8-478F-9479-FE0C6A014CCD" comID="B8C667D4-410E-48E3-826B-85C578746C15" comLinkType="cltPageLink"/>
    <linkSource sourcePageID="0F18B6CE-10F8-478F-9479-FE0C6A014CCD" comID="C1F18032-E435-49EA-B99F-5BCCDC046A28" comLinkType="cltPageLink"/>
    <linkSource sourcePageID="9324D3C7-EEA1-4C91-86FD-E72B7186E621" comID="DF70E961-3582-4939-B9D8-06F63F6DF08A" comLinkType="cltPageLink"/>
    <linkSource sourcePageID="9324D3C7-EEA1-4C91-86FD-E72B7186E621" comID="F804F6C8-E3E6-4E84-AED8-160CAA7A1F86" comLinkType="cltPageLink"/>
    <linkSource sourcePageID="9324D3C7-EEA1-4C91-86FD-E72B7186E621" comID="67F90EC2-F59D-4842-8C07-A40F6C4B89F2" comLinkType="cltPageLink"/>
    <linkSource sourcePageID="0F18B6CE-10F8-478F-9479-FE0C6A014CCD" comID="6DBB01B2-F297-462A-A5E4-4AE8EA521C6A" comLinkType="cltPageLink"/>
    <linkSource sourcePageID="0F18B6CE-10F8-478F-9479-FE0C6A014CCD" comID="9891F250-D701-4365-ABDA-07680E8DA4DA" comLinkType="cltPageLink"/>
    <linkSource sourcePageID="9324D3C7-EEA1-4C91-86FD-E72B7186E621" comID="D73150B1-5AD2-4FC2-AD39-B767F375BEF8" comLinkType="cltPageLink"/>
    <linkSource sourcePageID="9324D3C7-EEA1-4C91-86FD-E72B7186E621" comID="D44F1953-149F-42BA-A85C-EFBF3CC983DD" comLinkType="cltPageLink"/>
    <linkSource sourcePageID="9324D3C7-EEA1-4C91-86FD-E72B7186E621" comID="1623B118-B69A-44F3-8F54-55F8DAAEEDD1" comLinkType="cltPageLink"/>
    <linkSource sourcePageID="9324D3C7-EEA1-4C91-86FD-E72B7186E621" comID="3438ED28-5C71-4FCE-9F36-C3460754AE7D" comLinkType="cltPageLink"/>
    <linkSource sourcePageID="0F18B6CE-10F8-478F-9479-FE0C6A014CCD" comID="5426B812-2D62-43C5-AEBB-1E01D829A4BE" comLinkType="cltPageLink"/>
    <linkSource sourcePageID="0F18B6CE-10F8-478F-9479-FE0C6A014CCD" comID="D68FF153-5019-4B5D-A76B-60B8037D7BD4" comLinkType="cltPageLink"/>
    <linkSource sourcePageID="9324D3C7-EEA1-4C91-86FD-E72B7186E621" comID="5FE2A1BA-1175-4C5F-83AF-473F78FFBA02" comLinkType="cltPageLink"/>
    <linkSource sourcePageID="9324D3C7-EEA1-4C91-86FD-E72B7186E621" comID="72D05E3A-648A-43D2-AAEF-AF5EFB3FE39D" comLinkType="cltPageLink"/>
    <linkSource sourcePageID="9324D3C7-EEA1-4C91-86FD-E72B7186E621" comID="964CFF17-679B-4B4A-94F8-EF6889E663AC" comLinkType="cltPageLink"/>
    <linkSource sourcePageID="9324D3C7-EEA1-4C91-86FD-E72B7186E621" comID="439712B6-8B7E-4B8A-A70D-6A157E0F9F84" comLinkType="cltPageLink"/>
    <linkSource sourcePageID="9324D3C7-EEA1-4C91-86FD-E72B7186E621" comID="CB8B6AD5-97F2-4764-BFBF-5C5ABCFFD683" comLinkType="cltPageLink"/>
    <linkSource sourcePageID="9324D3C7-EEA1-4C91-86FD-E72B7186E621" comID="ED2AFFB3-9E7F-4880-9F3E-950009FBED70" comLinkType="cltPageLink"/>
    <linkSource sourcePageID="0F18B6CE-10F8-478F-9479-FE0C6A014CCD" comID="4788B88A-3CF8-4539-8657-BBEE88A62590" comLinkType="cltPageLink"/>
    <linkSource sourcePageID="0F18B6CE-10F8-478F-9479-FE0C6A014CCD" comID="249EA194-7497-4799-B0D1-41FF089BE27F" comLinkType="cltPageLink"/>
    <linkSource sourcePageID="9324D3C7-EEA1-4C91-86FD-E72B7186E621" comID="D41F33CA-5A25-42F3-9409-22078B095C8E" comLinkType="cltPageLink"/>
    <linkSource sourcePageID="9324D3C7-EEA1-4C91-86FD-E72B7186E621" comID="2E0F4384-8F34-4A52-9295-9B07A25C4DC1" comLinkType="cltPageLink"/>
    <linkSource sourcePageID="0F18B6CE-10F8-478F-9479-FE0C6A014CCD" comID="DB9CB5E5-0535-4A6E-8138-FA1CCF35FD8D" comLinkType="cltPageLink"/>
    <linkSource sourcePageID="0F18B6CE-10F8-478F-9479-FE0C6A014CCD" comID="20738BA6-4E69-4269-818E-C1EFD024EC98" comLinkType="cltPageLink"/>
    <linkSource sourcePageID="153A8EA3-AC78-463B-8A64-CC50F827CCFB" comID="23F2FDC9-F9B1-4668-9E97-207C85229A69" comLinkType="cltPageLink"/>
    <linkSource sourcePageID="153A8EA3-AC78-463B-8A64-CC50F827CCFB" comID="090D1484-93B2-47AF-AA86-E7BED712F983" comLinkType="cltPageLink"/>
    <linkSource sourcePageID="153A8EA3-AC78-463B-8A64-CC50F827CCFB" comID="09F63480-1305-41A2-8B04-3A5C099911FC" comLinkType="cltPageLink"/>
    <linkSource sourcePageID="9324D3C7-EEA1-4C91-86FD-E72B7186E621" comID="704E3A2B-4BBA-4A5A-A4B8-9172AF964E4A" comLinkType="cltPageLink"/>
    <linkSource sourcePageID="9324D3C7-EEA1-4C91-86FD-E72B7186E621" comID="A7CF76E2-1E5F-43EA-83C4-B3C034125CA8" comLinkType="cltPageLink"/>
    <linkSource sourcePageID="153A8EA3-AC78-463B-8A64-CC50F827CCFB" comID="CC9F87F6-FCA1-4226-8F8B-25B9F30C6E57" comLinkType="cltPageLink"/>
    <linkSource sourcePageID="153A8EA3-AC78-463B-8A64-CC50F827CCFB" comID="0504ECE3-0FAE-4079-9544-165ADF30F203" comLinkType="cltPageLink"/>
    <linkSource sourcePageID="9324D3C7-EEA1-4C91-86FD-E72B7186E621" comID="88CCB06B-37FA-4947-AA81-08242DD655F2" comLinkType="cltPageLink"/>
    <linkSource sourcePageID="9324D3C7-EEA1-4C91-86FD-E72B7186E621" comID="49340C1B-3728-4982-A22B-11C32E85282E" comLinkType="cltPageLink"/>
    <linkSource sourcePageID="153A8EA3-AC78-463B-8A64-CC50F827CCFB" comID="080FED84-31FE-484D-9DEC-04E970100871" comLinkType="cltPageLink"/>
    <linkSource sourcePageID="153A8EA3-AC78-463B-8A64-CC50F827CCFB" comID="177BD17D-99B4-47B5-ACDE-EEB3285AC603" comLinkType="cltPageLink"/>
    <linkSource sourcePageID="9324D3C7-EEA1-4C91-86FD-E72B7186E621" comID="88BB8355-1CF4-4F8C-8892-B6739CDDA51F" comLinkType="cltPageLink"/>
    <linkSource sourcePageID="9324D3C7-EEA1-4C91-86FD-E72B7186E621" comID="CF9B7A50-A7DA-4062-9628-F285889E0A7B" comLinkType="cltPageLink"/>
    <linkSource sourcePageID="153A8EA3-AC78-463B-8A64-CC50F827CCFB" comID="948C4306-F5B6-4B97-9FAC-719053534A32" comLinkType="cltPageLink"/>
    <linkSource sourcePageID="153A8EA3-AC78-463B-8A64-CC50F827CCFB" comID="BA43D17C-FD30-462C-B416-FAC5C57BFDA5" comLinkType="cltPageLink"/>
    <linkSource sourcePageID="9324D3C7-EEA1-4C91-86FD-E72B7186E621" comID="393A52AB-EB27-4AD8-8D1B-6E50452B3BCA" comLinkType="cltPageLink"/>
    <linkSource sourcePageID="9324D3C7-EEA1-4C91-86FD-E72B7186E621" comID="72A3E399-015C-48EE-A8DA-03F44BA80765" comLinkType="cltPageLink"/>
    <linkSource sourcePageID="153A8EA3-AC78-463B-8A64-CC50F827CCFB" comID="9E790022-2F45-4731-ABFF-CA219669D7B5" comLinkType="cltPageLink"/>
    <linkSource sourcePageID="153A8EA3-AC78-463B-8A64-CC50F827CCFB" comID="ECD7BAEB-3914-449C-9BE0-944FDCE64B51" comLinkType="cltPageLink"/>
    <linkSource sourcePageID="9324D3C7-EEA1-4C91-86FD-E72B7186E621" comID="66A3E8BC-3DD0-45A5-8CC3-22861A480F6A" comLinkType="cltPageLink"/>
    <linkSource sourcePageID="9324D3C7-EEA1-4C91-86FD-E72B7186E621" comID="B72ED51B-6F03-49D6-9EE5-1DF7BE29816D" comLinkType="cltPageLink"/>
    <linkSource sourcePageID="153A8EA3-AC78-463B-8A64-CC50F827CCFB" comID="F7B6C97B-23C8-47B6-9522-BCF30BC116B2" comLinkType="cltPageLink"/>
    <linkSource sourcePageID="153A8EA3-AC78-463B-8A64-CC50F827CCFB" comID="8F3FFF37-D28F-468C-B794-965ADCEFC568" comLinkType="cltPageLink"/>
    <linkSource sourcePageID="9324D3C7-EEA1-4C91-86FD-E72B7186E621" comID="B6DAB3D5-843C-4CC7-B57B-D255AAF85BCE" comLinkType="cltPageLink"/>
    <linkSource sourcePageID="9324D3C7-EEA1-4C91-86FD-E72B7186E621" comID="E727176F-8F44-4B15-A4B4-30815820337F" comLinkType="cltPageLink"/>
    <linkSource sourcePageID="153A8EA3-AC78-463B-8A64-CC50F827CCFB" comID="431C370C-13B5-4EBE-BE28-D4CA2708AEEE" comLinkType="cltPageLink"/>
    <linkSource sourcePageID="153A8EA3-AC78-463B-8A64-CC50F827CCFB" comID="D82DB4C2-AAD5-467F-9BEF-42C150C777F1" comLinkType="cltPageLink"/>
    <linkSource sourcePageID="0F18B6CE-10F8-478F-9479-FE0C6A014CCD" comID="CFAD003E-E7E0-493F-BC28-91665AA43E41" comLinkType="cltPageLink"/>
    <linkSource sourcePageID="0F18B6CE-10F8-478F-9479-FE0C6A014CCD" comID="B1E8BD46-379C-416C-8EB9-B01C2F7996C4" comLinkType="cltPageLink"/>
    <linkSource sourcePageID="153A8EA3-AC78-463B-8A64-CC50F827CCFB" comID="D60EC866-63EF-4574-8C62-CEB5D0245D77" comLinkType="cltPageLink"/>
    <linkSource sourcePageID="153A8EA3-AC78-463B-8A64-CC50F827CCFB" comID="790DF9A3-8F1E-4AC1-ABBB-1BA0790DF9FC" comLinkType="cltPageLink"/>
    <linkSource sourcePageID="9324D3C7-EEA1-4C91-86FD-E72B7186E621" comID="DBE43BC4-7542-4412-91A6-FC65E7198A45" comLinkType="cltPageLink"/>
    <linkSource sourcePageID="9324D3C7-EEA1-4C91-86FD-E72B7186E621" comID="9D08BD00-36C2-48BA-936B-19452AE2E3D8" comLinkType="cltPageLink"/>
    <linkSource sourcePageID="153A8EA3-AC78-463B-8A64-CC50F827CCFB" comID="7A35A689-D29B-42C2-BACC-F15E0CA26BF3" comLinkType="cltPageLink"/>
    <linkSource sourcePageID="153A8EA3-AC78-463B-8A64-CC50F827CCFB" comID="2D454116-3741-4FF2-9335-F0152B8DD25C" comLinkType="cltPageLink"/>
    <linkSource sourcePageID="9324D3C7-EEA1-4C91-86FD-E72B7186E621" comID="6B6A4CF3-547F-4839-809E-7C363BBE15D4" comLinkType="cltPageLink"/>
    <linkSource sourcePageID="9324D3C7-EEA1-4C91-86FD-E72B7186E621" comID="9881C9D6-C5E9-45DF-AE3D-491E9D9B3C80" comLinkType="cltPageLink"/>
    <linkSource sourcePageID="9324D3C7-EEA1-4C91-86FD-E72B7186E621" comID="A6FC5E97-5CA0-48E8-BBBD-41D9C6F81C69" comLinkType="cltPageLink"/>
    <linkSource sourcePageID="9324D3C7-EEA1-4C91-86FD-E72B7186E621" comID="5DFA4B48-7A4C-433D-B90B-28C3051FF894" comLinkType="cltPageLink"/>
    <linkSource sourcePageID="153A8EA3-AC78-463B-8A64-CC50F827CCFB" comID="96160637-ACC6-43B5-8E77-6A8FB666CB50" comLinkType="cltPageLink"/>
    <linkSource sourcePageID="153A8EA3-AC78-463B-8A64-CC50F827CCFB" comID="3FCFAF3C-90C6-488D-90ED-7FBB7D721BAF" comLinkType="cltPageLink"/>
    <linkSource sourcePageID="153A8EA3-AC78-463B-8A64-CC50F827CCFB" comID="16BB0D5E-842A-4F0A-AB58-EB349F6EC88A" comLinkType="cltPageLink"/>
    <linkSource sourcePageID="153A8EA3-AC78-463B-8A64-CC50F827CCFB" comID="48EF35DE-79E1-4E18-8FBC-E05DE910BD43" comLinkType="cltPageLink"/>
    <linkSource sourcePageID="9324D3C7-EEA1-4C91-86FD-E72B7186E621" comID="5B2E474C-EF44-4427-87C9-4D21D4DA0EFF" comLinkType="cltPageLink"/>
    <linkSource sourcePageID="9324D3C7-EEA1-4C91-86FD-E72B7186E621" comID="B8690827-E9F5-42A1-81CA-9FBA69FD2191" comLinkType="cltPageLink"/>
    <linkSource sourcePageID="153A8EA3-AC78-463B-8A64-CC50F827CCFB" comID="800DA3EE-FE5B-4630-8C93-71AA52E753E1" comLinkType="cltPageLink"/>
    <linkSource sourcePageID="153A8EA3-AC78-463B-8A64-CC50F827CCFB" comID="4DE503AB-CD77-4D37-9B2C-E8B95F270D29" comLinkType="cltPageLink"/>
    <linkSource sourcePageID="9324D3C7-EEA1-4C91-86FD-E72B7186E621" comID="DD0AA873-38FF-4F0F-9C91-DA58A770B21D" comLinkType="cltPageLink"/>
    <linkSource sourcePageID="9324D3C7-EEA1-4C91-86FD-E72B7186E621" comID="440CE6E6-BF61-4879-9244-E8344C814EEB" comLinkType="cltPageLink"/>
    <linkSource sourcePageID="0F18B6CE-10F8-478F-9479-FE0C6A014CCD" comID="090E496A-0706-40D9-BF93-E04B6E4DFF20" comLinkType="cltPageLink"/>
    <linkSource sourcePageID="0F18B6CE-10F8-478F-9479-FE0C6A014CCD" comID="1B230596-F822-45B5-A417-077B912D69AB" comLinkType="cltPageLink"/>
    <linkSource sourcePageID="153A8EA3-AC78-463B-8A64-CC50F827CCFB" comID="6A4165BD-E6B1-40B3-ACBC-2A6AB44FAC18" comLinkType="cltPageLink"/>
    <linkSource sourcePageID="153A8EA3-AC78-463B-8A64-CC50F827CCFB" comID="8C90A485-FA4E-4A95-9798-EF8443A1B1C1" comLinkType="cltPageLink"/>
    <linkSource sourcePageID="153A8EA3-AC78-463B-8A64-CC50F827CCFB" comID="D7BD5AB2-AEEA-4660-A7AE-9F079583FC43" comLinkType="cltPageLink"/>
    <linkSource sourcePageID="153A8EA3-AC78-463B-8A64-CC50F827CCFB" comID="1BD2E1DF-E8B7-4BDB-90E4-7FFCA41EAD17" comLinkType="cltPageLink"/>
    <linkSource sourcePageID="0F18B6CE-10F8-478F-9479-FE0C6A014CCD" comID="8DD9F600-4D9D-4907-980C-F3F8E5FAE403" comLinkType="cltPageLink"/>
    <linkSource sourcePageID="0F18B6CE-10F8-478F-9479-FE0C6A014CCD" comID="2C5990F8-C838-40E2-950C-176240D5866D" comLinkType="cltPageLink"/>
    <linkSource sourcePageID="153A8EA3-AC78-463B-8A64-CC50F827CCFB" comID="4FA4A190-D387-4613-BD1F-33C7A72EFEDE" comLinkType="cltPageLink"/>
    <linkSource sourcePageID="153A8EA3-AC78-463B-8A64-CC50F827CCFB" comID="B6CF265E-B665-4F76-BD48-3D61DEDB7408" comLinkType="cltPageLink"/>
    <linkSource sourcePageID="153A8EA3-AC78-463B-8A64-CC50F827CCFB" comID="ADBD0268-8A20-4023-B34A-31B90231115B" comLinkType="cltPageLink"/>
    <linkSource sourcePageID="153A8EA3-AC78-463B-8A64-CC50F827CCFB" comID="AFE8693D-2C4A-4970-A8F9-9B35387708C2" comLinkType="cltPageLink"/>
    <linkSource sourcePageID="9324D3C7-EEA1-4C91-86FD-E72B7186E621" comID="4840E652-B70F-41F4-B8F4-1C3B9C97D899" comLinkType="cltPageLink"/>
    <linkSource sourcePageID="9324D3C7-EEA1-4C91-86FD-E72B7186E621" comID="927C8D51-913A-44BE-A6E4-F99D96D235E4" comLinkType="cltPageLink"/>
    <linkSource sourcePageID="9324D3C7-EEA1-4C91-86FD-E72B7186E621" comID="D2045ED5-2B89-4AE2-AEFE-AD131B99377F" comLinkType="cltPageLink"/>
    <linkSource sourcePageID="9324D3C7-EEA1-4C91-86FD-E72B7186E621" comID="2436C6A1-B416-40B6-8DE1-A799EDACB463" comLinkType="cltPageLink"/>
    <linkSource sourcePageID="15301655-9FCB-43D5-8B2A-80BFC96E7301" comID="B79D401F-B4EC-4EF4-92DE-8686A75183E4" comLinkType="cltPageLink"/>
    <linkSource sourcePageID="15301655-9FCB-43D5-8B2A-80BFC96E7301" comID="60677FF9-C187-48DA-A2DD-2347AE5CC6B4" comLinkType="cltPageLink"/>
    <linkSource sourcePageID="15301655-9FCB-43D5-8B2A-80BFC96E7301" comID="E3F3E41F-B9BD-4267-82A4-A0DD1D50BC2E" comLinkType="cltPageLink"/>
    <linkSource sourcePageID="15301655-9FCB-43D5-8B2A-80BFC96E7301" comID="C0603364-E892-4715-917A-A22E5068C380" comLinkType="cltPageLink"/>
    <linkSource sourcePageID="15301655-9FCB-43D5-8B2A-80BFC96E7301" comID="896ECBBC-08D3-4A9B-9A2A-E542744CD873" comLinkType="cltPageLink"/>
    <linkSource sourcePageID="15301655-9FCB-43D5-8B2A-80BFC96E7301" comID="CD6C42B0-9BCF-4357-9A01-53BF1405CC9F" comLinkType="cltPageLink"/>
    <linkSource sourcePageID="15301655-9FCB-43D5-8B2A-80BFC96E7301" comID="A0E08451-F3C1-44A1-9FAA-46A4955C625E" comLinkType="cltPageLink"/>
    <linkSource sourcePageID="15301655-9FCB-43D5-8B2A-80BFC96E7301" comID="61034B8B-00AA-4EDA-98C3-B1BF041E777D" comLinkType="cltPageLink"/>
    <linkSource sourcePageID="15301655-9FCB-43D5-8B2A-80BFC96E7301" comID="6A5DE2BC-2E7C-43BD-BF44-C4D131566538" comLinkType="cltPageLink"/>
    <linkSource sourcePageID="1B41DC48-38A2-4626-A854-FE0A03B24E2F" comID="997E7B1C-3681-412F-BD1E-0DBA4B60C966" comLinkType="cltPageLink"/>
    <linkSource sourcePageID="1B41DC48-38A2-4626-A854-FE0A03B24E2F" comID="D31D5D21-5F73-4F98-AF38-8E3FC0F23DD9" comLinkType="cltPageLink"/>
    <linkSource sourcePageID="15301655-9FCB-43D5-8B2A-80BFC96E7301" comID="5F0F6111-595F-41D3-8C18-1645E94AAC34" comLinkType="cltPageLink"/>
    <linkSource sourcePageID="15301655-9FCB-43D5-8B2A-80BFC96E7301" comID="305FCF59-6C4C-46C3-90DC-E4376BB952A2" comLinkType="cltPageLink"/>
    <linkSource sourcePageID="1B41DC48-38A2-4626-A854-FE0A03B24E2F" comID="73F447D2-ABAB-48F0-BAE1-67F828534E43" comLinkType="cltPageLink"/>
    <linkSource sourcePageID="1B41DC48-38A2-4626-A854-FE0A03B24E2F" comID="3A21CC35-9D63-468E-B19F-47A751AB5FB7" comLinkType="cltPageLink"/>
    <linkSource sourcePageID="0F18B6CE-10F8-478F-9479-FE0C6A014CCD" comID="6C87F416-5956-499E-ABDD-EA2B6DEF760E" comLinkType="cltPageLink"/>
    <linkSource sourcePageID="0F18B6CE-10F8-478F-9479-FE0C6A014CCD" comID="B48DCF48-8AC2-44B5-8D3B-E2FCFD820B3B" comLinkType="cltPageLink"/>
    <linkSource sourcePageID="153A8EA3-AC78-463B-8A64-CC50F827CCFB" comID="B65F8802-D681-4C78-BEB5-3B87B74507E4" comLinkType="cltPageLink"/>
    <linkSource sourcePageID="153A8EA3-AC78-463B-8A64-CC50F827CCFB" comID="A4799A96-6897-4558-AFD9-46AE81CEB6B7" comLinkType="cltPageLink"/>
    <linkSource sourcePageID="9324D3C7-EEA1-4C91-86FD-E72B7186E621" comID="5A6FCFDA-1BE1-4EE5-B7C4-A880D3EC83B3" comLinkType="cltPageLink"/>
    <linkSource sourcePageID="9324D3C7-EEA1-4C91-86FD-E72B7186E621" comID="A2D71958-843C-43A6-A576-E6E4CD9A7A71" comLinkType="cltPageLink"/>
    <linkSource sourcePageID="15301655-9FCB-43D5-8B2A-80BFC96E7301" comID="6A40FAD0-96A4-4FBA-9FAE-24092FC7075F" comLinkType="cltPageLink"/>
    <linkSource sourcePageID="15301655-9FCB-43D5-8B2A-80BFC96E7301" comID="A7157017-2B5A-4BEE-BAAC-9FE2CB11C2C1" comLinkType="cltPageLink"/>
    <linkSource sourcePageID="9324D3C7-EEA1-4C91-86FD-E72B7186E621" comID="098084D8-72B3-4145-B3FE-09DA1B3CEB06" comLinkType="cltPageLink"/>
    <linkSource sourcePageID="9324D3C7-EEA1-4C91-86FD-E72B7186E621" comID="62B7E527-54B6-4655-AEEE-7A6E5B7FE40B" comLinkType="cltPageLink"/>
    <linkSource sourcePageID="15301655-9FCB-43D5-8B2A-80BFC96E7301" comID="208DA76D-27F4-4CB0-B4F0-32DC1C05DD96" comLinkType="cltPageLink"/>
    <linkSource sourcePageID="15301655-9FCB-43D5-8B2A-80BFC96E7301" comID="98C037BE-A0A0-4C02-B6D2-BEF970C93B0F" comLinkType="cltPageLink"/>
    <linkSource sourcePageID="9324D3C7-EEA1-4C91-86FD-E72B7186E621" comID="0C31C82A-53D8-4DAE-91FD-13EBAE33DB66" comLinkType="cltPageLink"/>
    <linkSource sourcePageID="9324D3C7-EEA1-4C91-86FD-E72B7186E621" comID="CFC5F36A-0D41-4E19-9689-BAD87F9F0719" comLinkType="cltPageLink"/>
    <linkSource sourcePageID="15301655-9FCB-43D5-8B2A-80BFC96E7301" comID="1D31B2B0-C993-425B-BDE2-387377AEEC91" comLinkType="cltPageLink"/>
    <linkSource sourcePageID="15301655-9FCB-43D5-8B2A-80BFC96E7301" comID="C0910927-8F48-44EC-902F-F5669E1A8D87" comLinkType="cltPageLink"/>
    <linkSource sourcePageID="15301655-9FCB-43D5-8B2A-80BFC96E7301" comID="FC167F72-9417-4F64-B57D-3EC475FD2C95" comLinkType="cltPageLink"/>
    <linkSource sourcePageID="15301655-9FCB-43D5-8B2A-80BFC96E7301" comID="76C1BEBE-F58C-47F6-AFDB-BC7A872E56BD" comLinkType="cltPageLink"/>
    <linkSource sourcePageID="15301655-9FCB-43D5-8B2A-80BFC96E7301" comID="3E483568-AD11-45AA-9288-77D0E50F6FBE" comLinkType="cltPageLink"/>
    <linkSource sourcePageID="15301655-9FCB-43D5-8B2A-80BFC96E7301" comID="D354C3F4-DC4B-4442-8574-27E23A761BF4" comLinkType="cltPageLink"/>
    <linkSource sourcePageID="9324D3C7-EEA1-4C91-86FD-E72B7186E621" comID="5B36D893-8242-4112-ABC8-703C69E4528E" comLinkType="cltPageLink"/>
    <linkSource sourcePageID="9324D3C7-EEA1-4C91-86FD-E72B7186E621" comID="D367791C-310A-4FBB-B071-5C16E98AAF69" comLinkType="cltPageLink"/>
    <linkSource sourcePageID="0F18B6CE-10F8-478F-9479-FE0C6A014CCD" comID="AC006F5A-875B-4038-81B9-7A9EAC6678C9" comLinkType="cltPageLink"/>
    <linkSource sourcePageID="0F18B6CE-10F8-478F-9479-FE0C6A014CCD" comID="0C0DADC3-500C-4B1D-A8AD-EA29680F8890" comLinkType="cltPageLink"/>
    <linkSource sourcePageID="153A8EA3-AC78-463B-8A64-CC50F827CCFB" comID="C8BE6DAD-5644-4A4C-96C6-B0B21B9485E0" comLinkType="cltPageLink"/>
    <linkSource sourcePageID="153A8EA3-AC78-463B-8A64-CC50F827CCFB" comID="0DBC8895-EE31-452D-85B2-B42F16A69DF7" comLinkType="cltPageLink"/>
    <linkSource sourcePageID="9324D3C7-EEA1-4C91-86FD-E72B7186E621" comID="F5C02F8C-CCC9-44EB-84D9-16C19ED3D5AA" comLinkType="cltPageLink"/>
    <linkSource sourcePageID="9324D3C7-EEA1-4C91-86FD-E72B7186E621" comID="2AB2297A-701C-4989-98FF-4BF4098164FB" comLinkType="cltPageLink"/>
    <linkSource sourcePageID="153A8EA3-AC78-463B-8A64-CC50F827CCFB" comID="C3D39C67-0A5C-40CC-8F6E-26169E9D3CD4" comLinkType="cltPageLink"/>
    <linkSource sourcePageID="153A8EA3-AC78-463B-8A64-CC50F827CCFB" comID="6E3A4F30-A334-4616-9D43-48F6DDCFEF03" comLinkType="cltPageLink"/>
    <linkSource sourcePageID="9324D3C7-EEA1-4C91-86FD-E72B7186E621" comID="9167CC5B-15D0-4614-8EB7-DD59913A3A6B" comLinkType="cltPageLink"/>
    <linkSource sourcePageID="9324D3C7-EEA1-4C91-86FD-E72B7186E621" comID="7C49EC8B-B1E0-481A-A00A-30C45410D7EF" comLinkType="cltPageLink"/>
    <linkSource sourcePageID="15301655-9FCB-43D5-8B2A-80BFC96E7301" comID="97DCD791-0196-4F7C-BE29-2F39CC4405C9" comLinkType="cltPageLink"/>
    <linkSource sourcePageID="15301655-9FCB-43D5-8B2A-80BFC96E7301" comID="D1F7C213-C398-4C68-9764-C7EDD82462CD" comLinkType="cltPageLink"/>
    <linkSource sourcePageID="153A8EA3-AC78-463B-8A64-CC50F827CCFB" comID="2F59E375-02BC-49B0-9461-A90570F81832" comLinkType="cltPageLink"/>
    <linkSource sourcePageID="153A8EA3-AC78-463B-8A64-CC50F827CCFB" comID="AA3BFBE0-818D-4BAE-BA17-9B40D99DF3FD" comLinkType="cltPageLink"/>
    <linkSource sourcePageID="9324D3C7-EEA1-4C91-86FD-E72B7186E621" comID="B3E57D51-8588-476C-8FF0-7B3F3DC2C822" comLinkType="cltPageLink"/>
    <linkSource sourcePageID="9324D3C7-EEA1-4C91-86FD-E72B7186E621" comID="24E8680B-DA63-42D3-852C-33E8151D5566" comLinkType="cltPageLink"/>
    <linkSource sourcePageID="15301655-9FCB-43D5-8B2A-80BFC96E7301" comID="92BA27C5-504C-4B80-9CFE-A4A604D3BC5E" comLinkType="cltPageLink"/>
    <linkSource sourcePageID="15301655-9FCB-43D5-8B2A-80BFC96E7301" comID="1BF7B424-5B36-4B11-B7D7-60982948CA34" comLinkType="cltPageLink"/>
    <linkSource sourcePageID="0F18B6CE-10F8-478F-9479-FE0C6A014CCD" comID="59501EDA-F0FD-47CF-8DA1-D60ABC969094" comLinkType="cltPageLink"/>
    <linkSource sourcePageID="0F18B6CE-10F8-478F-9479-FE0C6A014CCD" comID="67C2B6BF-70BA-474D-BC51-493DAF42F6F6" comLinkType="cltPageLink"/>
    <linkSource sourcePageID="0F18B6CE-10F8-478F-9479-FE0C6A014CCD" comID="0544335A-6347-48CD-8FF4-93736ADB6A10" comLinkType="cltPageLink"/>
    <linkSource sourcePageID="0F18B6CE-10F8-478F-9479-FE0C6A014CCD" comID="7EDDA497-FFAA-450E-9F24-4A4FBB21F594" comLinkType="cltPageLink"/>
    <linkSource sourcePageID="0F18B6CE-10F8-478F-9479-FE0C6A014CCD" comID="F8B4BC5D-FBE7-4558-97F1-6672E7160DD7" comLinkType="cltPageLink"/>
    <linkSource sourcePageID="0F18B6CE-10F8-478F-9479-FE0C6A014CCD" comID="E4038FE9-37AB-4FBB-90E0-125410D9EBC5" comLinkType="cltPageLink"/>
    <linkSource sourcePageID="0F18B6CE-10F8-478F-9479-FE0C6A014CCD" comID="8829297F-E8A6-4A8B-9F9E-DDE82C6CA050" comLinkType="cltPageLink"/>
    <linkSource sourcePageID="0F18B6CE-10F8-478F-9479-FE0C6A014CCD" comID="6A3F0E5B-2C1E-45E6-B779-CEAB8AE497A2" comLinkType="cltPageLink"/>
    <linkSource sourcePageID="0F18B6CE-10F8-478F-9479-FE0C6A014CCD" comID="6D569896-F85A-4A79-84AB-F94B13AB430D" comLinkType="cltPageLink"/>
    <linkSource sourcePageID="0F18B6CE-10F8-478F-9479-FE0C6A014CCD" comID="981EF961-2BD9-4087-9BE1-38B021BCB7BD" comLinkType="cltPageLink"/>
    <linkSource sourcePageID="153A8EA3-AC78-463B-8A64-CC50F827CCFB" comID="12918D97-AADD-4F84-A023-51B255C1452B" comLinkType="cltPageLink"/>
    <linkSource sourcePageID="153A8EA3-AC78-463B-8A64-CC50F827CCFB" comID="8278E18A-F69F-44A7-B006-FF5151FECD7E" comLinkType="cltPageLink"/>
    <linkSource sourcePageID="9324D3C7-EEA1-4C91-86FD-E72B7186E621" comID="6F4753C2-CCDE-4832-A4DB-CE315409E099" comLinkType="cltPageLink"/>
    <linkSource sourcePageID="9324D3C7-EEA1-4C91-86FD-E72B7186E621" comID="8C66E3B0-EEC5-414B-86A3-B5C568B6BF9F" comLinkType="cltPageLink"/>
    <linkSource sourcePageID="0F18B6CE-10F8-478F-9479-FE0C6A014CCD" comID="B1F7A252-FD77-4FDA-A202-8D27818020BB" comLinkType="cltPageLink"/>
    <linkSource sourcePageID="0F18B6CE-10F8-478F-9479-FE0C6A014CCD" comID="C1116D07-7F5E-40A9-8AE0-23E13C0C6D94" comLinkType="cltPageLink"/>
    <linkSource sourcePageID="9324D3C7-EEA1-4C91-86FD-E72B7186E621" comID="F0FFF987-4922-417C-9632-F19A2F2DE91F" comLinkType="cltPageLink"/>
    <linkSource sourcePageID="9324D3C7-EEA1-4C91-86FD-E72B7186E621" comID="258AB48C-4C36-43D0-9A68-1AC0CF609022" comLinkType="cltPageLink"/>
    <linkSource sourcePageID="E90BD020-2FEA-41FD-B031-3A7651829790" comID="A2BB1868-4824-4338-9F79-8E8936E8E0AC" comLinkType="cltPageLink"/>
    <linkSource sourcePageID="3F8C517C-3D08-49FD-A1F5-32E7AD319A2C" comID="E958184B-894E-4777-BBEE-AAFC106EA3F5" comLinkType="cltPageLink"/>
    <linkSource sourcePageID="A5683721-CD89-488F-9822-E50EE97067F8" comID="16571775-9FD1-41E2-A8B4-4883A2FF7D79" comLinkType="cltPageLink"/>
    <linkSource sourcePageID="189AC86D-30B1-4E95-B9A9-7DA3D2368407" comID="B2E38737-E262-4092-BAED-A9FDB3A2F76E" comLinkType="cltPageLink"/>
    <linkSource sourcePageID="A2626799-E7EC-4E3F-9B8D-4134C8777A6E" comID="AF71D852-BC21-481E-964C-70A0960AA8E9" comLinkType="cltPageLink"/>
    <linkSource sourcePageID="0F18B6CE-10F8-478F-9479-FE0C6A014CCD" comID="7BEEAB17-2957-4703-A177-B7DF799CD257" comLinkType="cltPageLink"/>
    <linkSource sourcePageID="0F18B6CE-10F8-478F-9479-FE0C6A014CCD" comID="DEEB8284-84ED-4DE7-94C2-1395F26FC918" comLinkType="cltPageLink"/>
    <linkSource sourcePageID="153A8EA3-AC78-463B-8A64-CC50F827CCFB" comID="1C7AB6BD-9B50-4CD1-8111-F123AEAC96F8" comLinkType="cltPageLink"/>
    <linkSource sourcePageID="153A8EA3-AC78-463B-8A64-CC50F827CCFB" comID="719BA2E2-FE24-444A-A24F-944E91EF1927" comLinkType="cltPageLink"/>
    <linkSource sourcePageID="9324D3C7-EEA1-4C91-86FD-E72B7186E621" comID="A5F2D4EB-8CA2-4C09-80B2-021D3958A04C" comLinkType="cltPageLink"/>
    <linkSource sourcePageID="9324D3C7-EEA1-4C91-86FD-E72B7186E621" comID="B49CF4DA-24A5-427F-93AB-48DBFC8B01C1" comLinkType="cltPageLink"/>
    <linkSource sourcePageID="15301655-9FCB-43D5-8B2A-80BFC96E7301" comID="842CA990-60B7-44CF-8024-199431E95A82" comLinkType="cltPageLink"/>
    <linkSource sourcePageID="15301655-9FCB-43D5-8B2A-80BFC96E7301" comID="9D93C5E6-EA0D-4182-A88D-73299ADCD7D6" comLinkType="cltPageLink"/>
    <linkSource sourcePageID="15301655-9FCB-43D5-8B2A-80BFC96E7301" comID="5872575E-2153-49B2-A86B-B63E1AAC3BAA" comLinkType="cltPageLink"/>
    <linkSource sourcePageID="15301655-9FCB-43D5-8B2A-80BFC96E7301" comID="9162FD55-8833-4409-ABE8-7D57FD0E2DCE" comLinkType="cltPageLink"/>
    <linkSource sourcePageID="15301655-9FCB-43D5-8B2A-80BFC96E7301" comID="9F49ED35-FE3C-4C1F-8B6E-2823FC266950" comLinkType="cltPageLink"/>
    <linkSource sourcePageID="15301655-9FCB-43D5-8B2A-80BFC96E7301" comID="2497538D-212E-49B2-80B8-77C2D97D466A" comLinkType="cltPageLink"/>
    <linkSource sourcePageID="15301655-9FCB-43D5-8B2A-80BFC96E7301" comID="AA9342D2-CCC3-40C6-A3CE-6A059341FC27" comLinkType="cltPageLink"/>
    <linkSource sourcePageID="15301655-9FCB-43D5-8B2A-80BFC96E7301" comID="1061E3BB-DB45-4AF3-B8B9-7ED5B3379633" comLinkType="cltPageLink"/>
    <linkSource sourcePageID="15301655-9FCB-43D5-8B2A-80BFC96E7301" comID="FF0AB277-D8C8-4BBA-B873-51203C4B9085" comLinkType="cltPageLink"/>
    <linkSource sourcePageID="15301655-9FCB-43D5-8B2A-80BFC96E7301" comID="777F6959-82E1-4E6B-A97E-0CAB81735C33" comLinkType="cltPageLink"/>
    <linkSource sourcePageID="15301655-9FCB-43D5-8B2A-80BFC96E7301" comID="247865FD-2662-407A-9BA3-296772743895" comLinkType="cltPageLink"/>
    <linkSource sourcePageID="15301655-9FCB-43D5-8B2A-80BFC96E7301" comID="F2BE5708-0B41-4538-8DB5-BFFA7F87C015" comLinkType="cltPageLink"/>
    <linkSource sourcePageID="15301655-9FCB-43D5-8B2A-80BFC96E7301" comID="54A3360C-13C2-40F0-A892-654F4E83C147" comLinkType="cltPageLink"/>
    <linkSource sourcePageID="15301655-9FCB-43D5-8B2A-80BFC96E7301" comID="ED50EFC0-BE02-4862-93EC-AE8FAEBC7EDB" comLinkType="cltPageLink"/>
    <linkSource sourcePageID="15301655-9FCB-43D5-8B2A-80BFC96E7301" comID="CB066557-3BB9-49B7-9679-490078B3E287" comLinkType="cltPageLink"/>
    <linkSource sourcePageID="15301655-9FCB-43D5-8B2A-80BFC96E7301" comID="6ED83846-B1AD-4B63-AD80-1850A475D819" comLinkType="cltPageLink"/>
    <linkSource sourcePageID="15301655-9FCB-43D5-8B2A-80BFC96E7301" comID="877386ED-EA03-4658-A7AF-23CD71ED544F" comLinkType="cltPageLink"/>
    <linkSource sourcePageID="15301655-9FCB-43D5-8B2A-80BFC96E7301" comID="9CBEA937-2BFC-440A-89BB-C3D8E9A3F8D3" comLinkType="cltPageLink"/>
    <linkSource sourcePageID="9324D3C7-EEA1-4C91-86FD-E72B7186E621" comID="206C73CD-6E6D-49C4-BA89-B9E78AB54AD7" comLinkType="cltPageLink"/>
    <linkSource sourcePageID="9324D3C7-EEA1-4C91-86FD-E72B7186E621" comID="DA84D2C5-F589-4EBB-9A8E-8C538B55F75E" comLinkType="cltPageLink"/>
    <linkSource sourcePageID="153A8EA3-AC78-463B-8A64-CC50F827CCFB" comID="12063ACE-75C8-4DD1-94A0-8D5EE4184E37" comLinkType="cltPageLink"/>
    <linkSource sourcePageID="153A8EA3-AC78-463B-8A64-CC50F827CCFB" comID="34D2CFB0-390D-4DB0-A1C2-5781C9CC10C2" comLinkType="cltPageLink"/>
    <linkSource sourcePageID="9324D3C7-EEA1-4C91-86FD-E72B7186E621" comID="E2833E80-1519-46E3-9F22-45637962CA18" comLinkType="cltPageLink"/>
    <linkSource sourcePageID="9324D3C7-EEA1-4C91-86FD-E72B7186E621" comID="65A52D2C-3D51-41CD-B1EF-13DAFC0964D6" comLinkType="cltPageLink"/>
    <linkSource sourcePageID="153A8EA3-AC78-463B-8A64-CC50F827CCFB" comID="6BF10034-D4DE-4193-A5C2-EE67688C63D9" comLinkType="cltPageLink"/>
    <linkSource sourcePageID="153A8EA3-AC78-463B-8A64-CC50F827CCFB" comID="79095164-1CA7-4F17-8212-CE0BECEC52AE" comLinkType="cltPageLink"/>
    <linkSource sourcePageID="153A8EA3-AC78-463B-8A64-CC50F827CCFB" comID="1D92F7E6-59D7-4FFC-ADB3-46EADF4361B2" comLinkType="cltPageLink"/>
    <linkSource sourcePageID="153A8EA3-AC78-463B-8A64-CC50F827CCFB" comID="0A83D904-5938-45C3-A4EF-18490E28620C" comLinkType="cltPageLink"/>
    <linkSource sourcePageID="15301655-9FCB-43D5-8B2A-80BFC96E7301" comID="D6B00801-3786-4945-842C-11CCD6ABFFF9" comLinkType="cltPageLink"/>
    <linkSource sourcePageID="15301655-9FCB-43D5-8B2A-80BFC96E7301" comID="5C1F19CF-3D85-4D23-A950-AB5DD87DB3E7" comLinkType="cltPageLink"/>
    <linkSource sourcePageID="9324D3C7-EEA1-4C91-86FD-E72B7186E621" comID="D039EFFB-3DCA-4650-A344-FA737D6C6323" comLinkType="cltPageLink"/>
    <linkSource sourcePageID="9324D3C7-EEA1-4C91-86FD-E72B7186E621" comID="FA0078E1-CF1D-4AC6-9B1B-81F400F39B13" comLinkType="cltPageLink"/>
    <linkSource sourcePageID="153A8EA3-AC78-463B-8A64-CC50F827CCFB" comID="EDF5F082-5D38-4B66-ABD0-48442241952D" comLinkType="cltPageLink"/>
    <linkSource sourcePageID="153A8EA3-AC78-463B-8A64-CC50F827CCFB" comID="6AB669C6-5FDA-420B-BCFB-9A00997D0375" comLinkType="cltPageLink"/>
    <linkSource sourcePageID="15301655-9FCB-43D5-8B2A-80BFC96E7301" comID="C7BF0751-0CC7-4FBE-ADE1-094465D7B535" comLinkType="cltPageLink"/>
    <linkSource sourcePageID="15301655-9FCB-43D5-8B2A-80BFC96E7301" comID="27CBD570-8A65-4206-8C1A-CE82CD51267A" comLinkType="cltPageLink"/>
    <linkSource sourcePageID="9324D3C7-EEA1-4C91-86FD-E72B7186E621" comID="941FA150-0F7C-4F89-9A45-79BB76669BB1" comLinkType="cltPageLink"/>
    <linkSource sourcePageID="9324D3C7-EEA1-4C91-86FD-E72B7186E621" comID="A1F8CF1E-F4A8-4246-86A9-FA93E34E96DD" comLinkType="cltPageLink"/>
    <linkSource sourcePageID="153A8EA3-AC78-463B-8A64-CC50F827CCFB" comID="D1FA79C1-48EA-45EC-B82E-E3D18B84F05A" comLinkType="cltPageLink"/>
    <linkSource sourcePageID="153A8EA3-AC78-463B-8A64-CC50F827CCFB" comID="E38505CB-E11B-4FF2-A480-7D6AA4A13D3B" comLinkType="cltPageLink"/>
    <linkSource sourcePageID="15301655-9FCB-43D5-8B2A-80BFC96E7301" comID="7CC8E5DF-2F69-42EF-A94A-37792D21A611" comLinkType="cltPageLink"/>
    <linkSource sourcePageID="15301655-9FCB-43D5-8B2A-80BFC96E7301" comID="1E3729D2-5710-450A-BE25-0773FB49AD5E" comLinkType="cltPageLink"/>
    <linkSource sourcePageID="15301655-9FCB-43D5-8B2A-80BFC96E7301" comID="B74C75AB-6055-419C-B2BB-2FFD8A76A77F" comLinkType="cltPageLink"/>
    <linkSource sourcePageID="15301655-9FCB-43D5-8B2A-80BFC96E7301" comID="CA122E38-EC1B-4FAD-98AB-919882D928EC" comLinkType="cltPageLink"/>
    <linkSource sourcePageID="9324D3C7-EEA1-4C91-86FD-E72B7186E621" comID="5D0F7298-3179-497A-8896-3C9DE8A29333" comLinkType="cltPageLink"/>
    <linkSource sourcePageID="9324D3C7-EEA1-4C91-86FD-E72B7186E621" comID="D253BD0E-0AE1-4558-BF30-B82C236A0437" comLinkType="cltPageLink"/>
    <linkSource sourcePageID="153A8EA3-AC78-463B-8A64-CC50F827CCFB" comID="A5EBFDFD-3F29-49F6-ABA3-1E784244453B" comLinkType="cltPageLink"/>
    <linkSource sourcePageID="153A8EA3-AC78-463B-8A64-CC50F827CCFB" comID="879E30AF-E550-4631-8D12-B319E43DA5A7" comLinkType="cltPageLink"/>
    <linkSource sourcePageID="9324D3C7-EEA1-4C91-86FD-E72B7186E621" comID="120CA22F-02BF-4AB8-B9E1-15C366DD5C93" comLinkType="cltPageLink"/>
    <linkSource sourcePageID="9324D3C7-EEA1-4C91-86FD-E72B7186E621" comID="29A0B2D0-611D-4229-9801-26218F452182" comLinkType="cltPageLink"/>
    <linkSource sourcePageID="15301655-9FCB-43D5-8B2A-80BFC96E7301" comID="0F94DE2B-0C1B-49E5-A716-D0FC2DF2A428" comLinkType="cltPageLink"/>
    <linkSource sourcePageID="15301655-9FCB-43D5-8B2A-80BFC96E7301" comID="D19EE98A-723A-4C5F-9119-C572B7095B60" comLinkType="cltPageLink"/>
    <linkSource sourcePageID="15301655-9FCB-43D5-8B2A-80BFC96E7301" comID="5D18BA59-03F3-4D9A-8259-5CA6991F07F8" comLinkType="cltPageLink"/>
    <linkSource sourcePageID="15301655-9FCB-43D5-8B2A-80BFC96E7301" comID="024890D3-EA38-4EE2-A038-FFF183FD4F1C" comLinkType="cltPageLink"/>
    <linkSource sourcePageID="15301655-9FCB-43D5-8B2A-80BFC96E7301" comID="365EA9E3-7688-4D83-A983-12BC2F0D08F0" comLinkType="cltPageLink"/>
    <linkSource sourcePageID="15301655-9FCB-43D5-8B2A-80BFC96E7301" comID="E0F0C5C5-598E-4253-B88F-130D4ACD7E99" comLinkType="cltPageLink"/>
    <linkSource sourcePageID="15301655-9FCB-43D5-8B2A-80BFC96E7301" comID="BBACCDA5-4A10-4E66-9FFA-E83B6503AB49" comLinkType="cltPageLink"/>
    <linkSource sourcePageID="15301655-9FCB-43D5-8B2A-80BFC96E7301" comID="29E52182-B10B-4283-B787-77D3E0562BB2" comLinkType="cltPageLink"/>
    <linkSource sourcePageID="9324D3C7-EEA1-4C91-86FD-E72B7186E621" comID="AC867011-B645-4A23-90ED-5FD28A3B14A7" comLinkType="cltPageLink"/>
    <linkSource sourcePageID="9324D3C7-EEA1-4C91-86FD-E72B7186E621" comID="9B2690EE-31F7-488E-9B2A-9E1B85EB6300" comLinkType="cltPageLink"/>
    <linkSource sourcePageID="153A8EA3-AC78-463B-8A64-CC50F827CCFB" comID="1F01525E-F7EE-4DFE-8702-73CAD968CE69" comLinkType="cltPageLink"/>
    <linkSource sourcePageID="153A8EA3-AC78-463B-8A64-CC50F827CCFB" comID="41AD7CEE-528D-4631-8E0C-978893DF4D80" comLinkType="cltPageLink"/>
    <linkSource sourcePageID="9324D3C7-EEA1-4C91-86FD-E72B7186E621" comID="AAE55382-3C7E-4825-8999-BD654F1D5332" comLinkType="cltPageLink"/>
    <linkSource sourcePageID="9324D3C7-EEA1-4C91-86FD-E72B7186E621" comID="E72B04F5-6DE9-4424-AA8C-09CEDE3951FB" comLinkType="cltPageLink"/>
    <linkSource sourcePageID="15301655-9FCB-43D5-8B2A-80BFC96E7301" comID="E7E23875-30E2-4A67-8586-24074D6D4D36" comLinkType="cltPageLink"/>
    <linkSource sourcePageID="15301655-9FCB-43D5-8B2A-80BFC96E7301" comID="A2B44282-2596-4F13-9BAF-A8340BA7C0A1" comLinkType="cltPageLink"/>
    <linkSource sourcePageID="15301655-9FCB-43D5-8B2A-80BFC96E7301" comID="24075FF5-FDF8-4F38-B346-0FECCD746165" comLinkType="cltPageLink"/>
    <linkSource sourcePageID="15301655-9FCB-43D5-8B2A-80BFC96E7301" comID="A5EB082D-AA60-4F44-87F2-3A867E9D7F19" comLinkType="cltPageLink"/>
    <linkSource sourcePageID="15301655-9FCB-43D5-8B2A-80BFC96E7301" comID="06E3577E-FC43-478E-96DD-34E2EAC67590" comLinkType="cltPageLink"/>
    <linkSource sourcePageID="15301655-9FCB-43D5-8B2A-80BFC96E7301" comID="9EAF0F96-CA05-4350-8EB7-1B6CF946C04D" comLinkType="cltPageLink"/>
    <linkSource sourcePageID="9324D3C7-EEA1-4C91-86FD-E72B7186E621" comID="5CB8E6A0-4827-4B07-8EEE-A69C84FF5E49" comLinkType="cltPageLink"/>
    <linkSource sourcePageID="9324D3C7-EEA1-4C91-86FD-E72B7186E621" comID="E7921FED-794B-40E0-B75B-5C18F0EAC496" comLinkType="cltPageLink"/>
    <linkSource sourcePageID="153A8EA3-AC78-463B-8A64-CC50F827CCFB" comID="ABFA79C3-343D-452C-B830-7AB48B3E626D" comLinkType="cltPageLink"/>
    <linkSource sourcePageID="153A8EA3-AC78-463B-8A64-CC50F827CCFB" comID="03751472-C495-4305-A34E-15B99EACD547" comLinkType="cltPageLink"/>
    <linkSource sourcePageID="9324D3C7-EEA1-4C91-86FD-E72B7186E621" comID="C21BF398-2ABC-47E8-9BE6-A19479883B01" comLinkType="cltPageLink"/>
    <linkSource sourcePageID="9324D3C7-EEA1-4C91-86FD-E72B7186E621" comID="4F83BD58-1890-454B-963F-CE80C42743B2" comLinkType="cltPageLink"/>
    <linkSource sourcePageID="153A8EA3-AC78-463B-8A64-CC50F827CCFB" comID="F2B021AD-A043-4B16-8965-775E6A9BC9FD" comLinkType="cltPageLink"/>
    <linkSource sourcePageID="153A8EA3-AC78-463B-8A64-CC50F827CCFB" comID="645F8C41-95C9-4896-BF7C-83CBB7307E70" comLinkType="cltPageLink"/>
    <linkSource sourcePageID="9324D3C7-EEA1-4C91-86FD-E72B7186E621" comID="5FDF0BC7-2FA1-4845-B495-BECCD92961C8" comLinkType="cltPageLink"/>
    <linkSource sourcePageID="9324D3C7-EEA1-4C91-86FD-E72B7186E621" comID="C238780A-FE0E-4999-BF30-56AB4FC093EB" comLinkType="cltPageLink"/>
    <linkSource sourcePageID="153A8EA3-AC78-463B-8A64-CC50F827CCFB" comID="75B485CF-08E0-46AB-A18D-A0CC2CFDFCB8" comLinkType="cltPageLink"/>
    <linkSource sourcePageID="153A8EA3-AC78-463B-8A64-CC50F827CCFB" comID="5431567A-FB6B-4EB7-8902-5BE7217A83C8" comLinkType="cltPageLink"/>
    <linkSource sourcePageID="9324D3C7-EEA1-4C91-86FD-E72B7186E621" comID="F22E8078-C452-4DFA-89C2-4E15E563BF5D" comLinkType="cltPageLink"/>
    <linkSource sourcePageID="9324D3C7-EEA1-4C91-86FD-E72B7186E621" comID="43B09E59-D2DE-4C92-BB0D-86C86DD34A09" comLinkType="cltPageLink"/>
    <linkSource sourcePageID="9324D3C7-EEA1-4C91-86FD-E72B7186E621" comID="B93506C0-F970-4162-843F-DF3311540EC9" comLinkType="cltPageLink"/>
    <linkSource sourcePageID="9324D3C7-EEA1-4C91-86FD-E72B7186E621" comID="11739BF2-816F-4596-98C6-7E85D36E1DEF" comLinkType="cltPageLink"/>
    <linkSource sourcePageID="153A8EA3-AC78-463B-8A64-CC50F827CCFB" comID="8D157D21-66F9-4B06-8AE2-CA99FCFD0398" comLinkType="cltPageLink"/>
    <linkSource sourcePageID="153A8EA3-AC78-463B-8A64-CC50F827CCFB" comID="FB1044DB-4F7F-41CA-B57C-75681AED97D3" comLinkType="cltPageLink"/>
    <linkSource sourcePageID="9324D3C7-EEA1-4C91-86FD-E72B7186E621" comID="130A79FC-7556-40DE-8E2D-7B9913C4BA55" comLinkType="cltPageLink"/>
    <linkSource sourcePageID="9324D3C7-EEA1-4C91-86FD-E72B7186E621" comID="0DD95691-5E2B-4BDD-B978-67BE0AB7D8D9" comLinkType="cltPageLink"/>
    <linkSource sourcePageID="0F18B6CE-10F8-478F-9479-FE0C6A014CCD" comID="8699A547-BC32-487D-8E63-73A8E4A782DF" comLinkType="cltPageLink"/>
    <linkSource sourcePageID="0F18B6CE-10F8-478F-9479-FE0C6A014CCD" comID="F1073EF5-A768-47D5-BD4C-9813C363E2E5" comLinkType="cltPageLink"/>
    <linkSource sourcePageID="0F18B6CE-10F8-478F-9479-FE0C6A014CCD" comID="D6B891D3-944A-4C36-8343-3B0A79A2F199" comLinkType="cltPageLink"/>
    <linkSource sourcePageID="0F18B6CE-10F8-478F-9479-FE0C6A014CCD" comID="80D6CDD5-5B35-4955-9095-178BF19485E4" comLinkType="cltPageLink"/>
    <linkSource sourcePageID="0F18B6CE-10F8-478F-9479-FE0C6A014CCD" comID="36C1BEAF-AB87-40EE-B9FE-FDF8E9439859" comLinkType="cltPageLink"/>
    <linkSource sourcePageID="0F18B6CE-10F8-478F-9479-FE0C6A014CCD" comID="2559DBE4-07C3-40E4-9070-72DA373B3CF3" comLinkType="cltPageLink"/>
    <linkSource sourcePageID="0F18B6CE-10F8-478F-9479-FE0C6A014CCD" comID="B876542F-F4D8-434C-A8CD-DD776FB43ED3" comLinkType="cltPageLink"/>
    <linkSource sourcePageID="0F18B6CE-10F8-478F-9479-FE0C6A014CCD" comID="2AC90953-14F0-45D5-BD11-04C3237FE486" comLinkType="cltPageLink"/>
    <linkSource sourcePageID="0F18B6CE-10F8-478F-9479-FE0C6A014CCD" comID="DF425285-4B0D-467A-8C4F-123F34303600" comLinkType="cltPageLink"/>
    <linkSource sourcePageID="0F18B6CE-10F8-478F-9479-FE0C6A014CCD" comID="C685F8E3-CC9A-46AB-876B-76AD60088B9B" comLinkType="cltPageLink"/>
    <linkSource sourcePageID="0F18B6CE-10F8-478F-9479-FE0C6A014CCD" comID="D675A84B-E360-4645-B950-FF0F0001B0BC" comLinkType="cltPageLink"/>
    <linkSource sourcePageID="0F18B6CE-10F8-478F-9479-FE0C6A014CCD" comID="07558BA6-360A-4417-A271-8B9DCE8132E1" comLinkType="cltPageLink"/>
    <linkSource sourcePageID="0F18B6CE-10F8-478F-9479-FE0C6A014CCD" comID="49060287-B377-4DAF-A11A-84D88F0905EB" comLinkType="cltPageLink"/>
    <linkSource sourcePageID="0F18B6CE-10F8-478F-9479-FE0C6A014CCD" comID="AB42C940-1E19-4104-B485-57A3CC1F9DEC" comLinkType="cltPageLink"/>
    <linkSource sourcePageID="0F18B6CE-10F8-478F-9479-FE0C6A014CCD" comID="F7149B05-E503-4FC4-A009-02AE62AE06BF" comLinkType="cltPageLink"/>
    <linkSource sourcePageID="0F18B6CE-10F8-478F-9479-FE0C6A014CCD" comID="C1B3C6DF-D264-484A-8F0D-EFCBBA1A1772" comLinkType="cltPageLink"/>
    <linkSource sourcePageID="0F18B6CE-10F8-478F-9479-FE0C6A014CCD" comID="87B2C096-2478-48E1-B864-CE60B7468032" comLinkType="cltPageLink"/>
    <linkSource sourcePageID="0F18B6CE-10F8-478F-9479-FE0C6A014CCD" comID="0769AF60-9FF0-4021-B027-19F6CC754A50" comLinkType="cltPageLink"/>
    <linkSource sourcePageID="0F18B6CE-10F8-478F-9479-FE0C6A014CCD" comID="32586A3A-27C0-4A12-905D-EFD581904772" comLinkType="cltPageLink"/>
    <linkSource sourcePageID="0F18B6CE-10F8-478F-9479-FE0C6A014CCD" comID="D5C68F64-2396-413E-A8A9-43D4D6378805" comLinkType="cltPageLink"/>
    <linkSource sourcePageID="0F18B6CE-10F8-478F-9479-FE0C6A014CCD" comID="83F8F7DC-63B8-44EB-BAFC-4D8C7E01DE61" comLinkType="cltPageLink"/>
    <linkSource sourcePageID="0F18B6CE-10F8-478F-9479-FE0C6A014CCD" comID="2180281B-556D-4CCA-ACD5-E53AF4BE1730" comLinkType="cltPageLink"/>
    <linkSource sourcePageID="0F18B6CE-10F8-478F-9479-FE0C6A014CCD" comID="1F9FF1B6-A977-4D4A-ACEB-4AC343B1CBB4" comLinkType="cltPageLink"/>
    <linkSource sourcePageID="0F18B6CE-10F8-478F-9479-FE0C6A014CCD" comID="144A02E6-3C9C-4336-863F-7C173E62D075" comLinkType="cltPageLink"/>
    <linkSource sourcePageID="0F18B6CE-10F8-478F-9479-FE0C6A014CCD" comID="53487FE8-08DE-45C0-90FC-6E7273557D46" comLinkType="cltPageLink"/>
    <linkSource sourcePageID="0F18B6CE-10F8-478F-9479-FE0C6A014CCD" comID="F5A3396D-4B4B-4E5E-B35A-AF729CC58139" comLinkType="cltPageLink"/>
    <linkSource sourcePageID="9324D3C7-EEA1-4C91-86FD-E72B7186E621" comID="7FE0E4B7-CC1B-488C-AE7D-F4A75C0A8EFC" comLinkType="cltPageLink"/>
    <linkSource sourcePageID="9324D3C7-EEA1-4C91-86FD-E72B7186E621" comID="65EAABA0-4FAF-4F82-95ED-392298B679EE" comLinkType="cltPageLink"/>
    <linkSource sourcePageID="153A8EA3-AC78-463B-8A64-CC50F827CCFB" comID="3FF2FF1D-2097-47BA-B301-16E2C78779EA" comLinkType="cltPageLink"/>
    <linkSource sourcePageID="153A8EA3-AC78-463B-8A64-CC50F827CCFB" comID="51EC5437-EB90-4180-A260-5A9F784C9C5A" comLinkType="cltPageLink"/>
    <linkSource sourcePageID="9324D3C7-EEA1-4C91-86FD-E72B7186E621" comID="A060A8C4-2965-4BBA-A5FD-6B416D89E476" comLinkType="cltPageLink"/>
    <linkSource sourcePageID="9324D3C7-EEA1-4C91-86FD-E72B7186E621" comID="E59C9E7A-3AF2-4FAE-9CC1-82A2D901D82E" comLinkType="cltPageLink"/>
    <linkSource sourcePageID="9324D3C7-EEA1-4C91-86FD-E72B7186E621" comID="217656D7-5B7C-4FB9-B05D-B869B2C0BB2E" comLinkType="cltPageLink"/>
    <linkSource sourcePageID="9324D3C7-EEA1-4C91-86FD-E72B7186E621" comID="C81B032E-0E4D-4156-A355-C6BD76F76C60" comLinkType="cltPageLink"/>
    <linkSource sourcePageID="9324D3C7-EEA1-4C91-86FD-E72B7186E621" comID="1357BDF2-AE78-4FFF-8DCC-3E8872F33303" comLinkType="cltPageLink"/>
    <linkSource sourcePageID="9324D3C7-EEA1-4C91-86FD-E72B7186E621" comID="1549FC1E-F124-4BDD-9CFB-081B6739EF07" comLinkType="cltPageLink"/>
    <linkSource sourcePageID="9324D3C7-EEA1-4C91-86FD-E72B7186E621" comID="AAAABABB-A222-4D19-BC42-9B8864C635F8" comLinkType="cltPageLink"/>
    <linkSource sourcePageID="9324D3C7-EEA1-4C91-86FD-E72B7186E621" comID="14B7B3B8-E865-4417-8FBC-6B1109E84C06" comLinkType="cltPageLink"/>
    <linkSource sourcePageID="9324D3C7-EEA1-4C91-86FD-E72B7186E621" comID="42270E4A-55F8-431B-B701-63FDFCC64E8A" comLinkType="cltPageLink"/>
    <linkSource sourcePageID="9324D3C7-EEA1-4C91-86FD-E72B7186E621" comID="5D5D8DB0-E7F2-44CB-AC90-0DDF68BFD87C" comLinkType="cltPageLink"/>
    <linkSource sourcePageID="9324D3C7-EEA1-4C91-86FD-E72B7186E621" comID="E087A451-E2D9-4C3B-AF82-CA0FC4D20D2C" comLinkType="cltPageLink"/>
    <linkSource sourcePageID="9324D3C7-EEA1-4C91-86FD-E72B7186E621" comID="81E4B2DB-D5F5-4B1E-8F83-8C875FDC35E1" comLinkType="cltPageLink"/>
    <linkSource sourcePageID="9324D3C7-EEA1-4C91-86FD-E72B7186E621" comID="30AE66D1-7F5F-4D2C-98A4-961BD64B6FB1" comLinkType="cltPageLink"/>
    <linkSource sourcePageID="9324D3C7-EEA1-4C91-86FD-E72B7186E621" comID="B944C2F2-7166-4CE9-A655-1E8E4FF97AC4" comLinkType="cltPageLink"/>
    <linkSource sourcePageID="0F18B6CE-10F8-478F-9479-FE0C6A014CCD" comID="2BE9D7DB-696C-47B5-8635-5AA42694C201" comLinkType="cltPageLink"/>
    <linkSource sourcePageID="0F18B6CE-10F8-478F-9479-FE0C6A014CCD" comID="4737E257-97BF-4993-8D49-C9DFB0775810" comLinkType="cltPageLink"/>
    <linkSource sourcePageID="9324D3C7-EEA1-4C91-86FD-E72B7186E621" comID="0D6DF4CD-7720-47B4-B999-5E262E1DC5DD" comLinkType="cltPageLink"/>
    <linkSource sourcePageID="9324D3C7-EEA1-4C91-86FD-E72B7186E621" comID="17A55C46-9F20-4BC9-9868-8E2241ED2E3C" comLinkType="cltPageLink"/>
    <linkSource sourcePageID="9324D3C7-EEA1-4C91-86FD-E72B7186E621" comID="32E6ABD5-FC73-45ED-9716-DD06507DB19E" comLinkType="cltPageLink"/>
    <linkSource sourcePageID="9324D3C7-EEA1-4C91-86FD-E72B7186E621" comID="57FA12DE-35ED-451D-8498-A3125F85CDB4" comLinkType="cltPageLink"/>
    <linkSource sourcePageID="0F18B6CE-10F8-478F-9479-FE0C6A014CCD" comID="197B108D-6C3E-429A-9AA0-B8A95AA73B78" comLinkType="cltPageLink"/>
    <linkSource sourcePageID="0F18B6CE-10F8-478F-9479-FE0C6A014CCD" comID="2860FD40-E472-4ACD-B605-5E01E66EE7B1" comLinkType="cltPageLink"/>
    <linkSource sourcePageID="9324D3C7-EEA1-4C91-86FD-E72B7186E621" comID="936BCA3A-E7E1-4E4F-A189-6B16F3A21236" comLinkType="cltPageLink"/>
    <linkSource sourcePageID="9324D3C7-EEA1-4C91-86FD-E72B7186E621" comID="226E82CC-2824-4A3A-9D34-9AF66C31D08F" comLinkType="cltPageLink"/>
    <linkSource sourcePageID="9324D3C7-EEA1-4C91-86FD-E72B7186E621" comID="E6046E56-FB4A-4177-8833-F061027A9038" comLinkType="cltPageLink"/>
    <linkSource sourcePageID="9324D3C7-EEA1-4C91-86FD-E72B7186E621" comID="934B9D21-0864-4CAE-B9D5-A72F32E03935" comLinkType="cltPageLink"/>
    <linkSource sourcePageID="153A8EA3-AC78-463B-8A64-CC50F827CCFB" comID="E59C117B-3CB1-4225-82DD-509E75DE5C2C" comLinkType="cltPageLink"/>
    <linkSource sourcePageID="153A8EA3-AC78-463B-8A64-CC50F827CCFB" comID="95F4CB55-4DDB-4562-8AE3-C8FB46AD10F8" comLinkType="cltPageLink"/>
    <linkSource sourcePageID="0F18B6CE-10F8-478F-9479-FE0C6A014CCD" comID="F4475D14-5046-4E1B-BDDD-59E63C2AE7CA" comLinkType="cltPageLink"/>
    <linkSource sourcePageID="0F18B6CE-10F8-478F-9479-FE0C6A014CCD" comID="DDD8817B-05DE-4E25-A3A8-1365CD240EE6" comLinkType="cltPageLink"/>
    <linkSource sourcePageID="153A8EA3-AC78-463B-8A64-CC50F827CCFB" comID="E7E67CCB-B619-4346-A46B-6B44A8EE39BB" comLinkType="cltPageLink"/>
    <linkSource sourcePageID="153A8EA3-AC78-463B-8A64-CC50F827CCFB" comID="D2BC679E-6316-4C36-B795-69DDE33EB14F" comLinkType="cltPageLink"/>
    <linkSource sourcePageID="9324D3C7-EEA1-4C91-86FD-E72B7186E621" comID="483DC74A-5469-4378-AAD0-F13F652C15BF" comLinkType="cltPageLink"/>
    <linkSource sourcePageID="9324D3C7-EEA1-4C91-86FD-E72B7186E621" comID="004CFF95-03D9-4B2F-8CC8-A67B5CED849E" comLinkType="cltPageLink"/>
    <linkSource sourcePageID="9324D3C7-EEA1-4C91-86FD-E72B7186E621" comID="C28FDC05-A8F2-4611-84C7-084B68923E54" comLinkType="cltPageLink"/>
    <linkSource sourcePageID="9324D3C7-EEA1-4C91-86FD-E72B7186E621" comID="78D533C4-75BD-47C7-95D0-6C55B4699434" comLinkType="cltPageLink"/>
    <linkSource sourcePageID="9324D3C7-EEA1-4C91-86FD-E72B7186E621" comID="D8EFF998-8728-4EEC-B68C-2E3885292628" comLinkType="cltPageLink"/>
    <linkSource sourcePageID="9324D3C7-EEA1-4C91-86FD-E72B7186E621" comID="C7543060-98AE-488A-A317-10E2C113B992" comLinkType="cltPageLink"/>
    <linkSource sourcePageID="9324D3C7-EEA1-4C91-86FD-E72B7186E621" comID="C9EF227D-5C24-4DF0-B7B7-1CB3BF950E4B" comLinkType="cltPageLink"/>
    <linkSource sourcePageID="9324D3C7-EEA1-4C91-86FD-E72B7186E621" comID="EBBE8357-FA2C-49F1-929C-E436DC71AADC" comLinkType="cltPageLink"/>
    <linkSource sourcePageID="9324D3C7-EEA1-4C91-86FD-E72B7186E621" comID="1B2E5AE9-9D9B-46E9-8839-4038A4234586" comLinkType="cltPageLink"/>
    <linkSource sourcePageID="9324D3C7-EEA1-4C91-86FD-E72B7186E621" comID="33CF3133-8885-4F84-AFA2-BBBCF8AF9FDC" comLinkType="cltPageLink"/>
    <linkSource sourcePageID="9324D3C7-EEA1-4C91-86FD-E72B7186E621" comID="2ECF68E9-6C95-4183-A396-539247CBE576" comLinkType="cltPageLink"/>
    <linkSource sourcePageID="9324D3C7-EEA1-4C91-86FD-E72B7186E621" comID="FEB424EC-DB16-4D30-A543-8E14B06A0101" comLinkType="cltPageLink"/>
    <linkSource sourcePageID="153A8EA3-AC78-463B-8A64-CC50F827CCFB" comID="4EDA6799-889C-4641-897D-C1ED977A41F1" comLinkType="cltPageLink"/>
    <linkSource sourcePageID="153A8EA3-AC78-463B-8A64-CC50F827CCFB" comID="0BA0AD93-ECF6-4A93-95EA-2E3D3A5D2EB0" comLinkType="cltPageLink"/>
    <linkSource sourcePageID="9324D3C7-EEA1-4C91-86FD-E72B7186E621" comID="6E50EA72-576A-47FD-8C50-587DA29B44D6" comLinkType="cltPageLink"/>
    <linkSource sourcePageID="9324D3C7-EEA1-4C91-86FD-E72B7186E621" comID="F683EB32-DA35-49D6-A6E6-DD27819567E8" comLinkType="cltPageLink"/>
    <linkSource sourcePageID="9324D3C7-EEA1-4C91-86FD-E72B7186E621" comID="97E0AA9A-E146-4DD5-A5A4-C649F55D05B9" comLinkType="cltPageLink"/>
    <linkSource sourcePageID="9324D3C7-EEA1-4C91-86FD-E72B7186E621" comID="17A72B73-8372-444E-B4F8-12304F2777EB" comLinkType="cltPageLink"/>
    <linkSource sourcePageID="9324D3C7-EEA1-4C91-86FD-E72B7186E621" comID="EF828C4F-260D-4915-AE89-53C5FE813514" comLinkType="cltPageLink"/>
    <linkSource sourcePageID="9324D3C7-EEA1-4C91-86FD-E72B7186E621" comID="0674A3D9-1075-4F48-94B0-0660AEB7D56E" comLinkType="cltPageLink"/>
    <linkSource sourcePageID="9324D3C7-EEA1-4C91-86FD-E72B7186E621" comID="8F41C570-521F-4544-BF4B-439726EAEA8A" comLinkType="cltPageLink"/>
    <linkSource sourcePageID="9324D3C7-EEA1-4C91-86FD-E72B7186E621" comID="FC499B00-D27F-48BC-BC65-CB97BBB8E82C" comLinkType="cltPageLink"/>
  </page>
  <page ID="9324D3C7-EEA1-4C91-86FD-E72B7186E621">
    <linkSource sourcePageID="4D766848-4742-4628-9C28-2877A7559DB6" comID="1431DDD6-CC30-4EFD-B7EF-0BBC454C089A" comLinkType="cltPageLink"/>
    <linkSource sourcePageID="15301655-9FCB-43D5-8B2A-80BFC96E7301" comID="A0C31829-2BE0-45DC-B0A3-C35DD9BC079F" comLinkType="cltPageLink"/>
    <linkSource sourcePageID="94C2C370-F2BB-4CD2-8734-AEC9E0486530" comID="32BBC790-CAF7-485E-9549-49DD3D730ACA" comLinkType="cltPageLink"/>
    <linkSource sourcePageID="94C2C370-F2BB-4CD2-8734-AEC9E0486530" comID="98336B87-E61D-4EE4-A325-91FEDD357E58" comLinkType="cltPageLink"/>
    <linkSource sourcePageID="280DD481-5310-4F7F-A5B6-8EF6322471FA" comID="020A3694-FB3F-4D7D-AE19-DD64E07C44D0" comLinkType="cltPageLink"/>
    <linkSource sourcePageID="15301655-9FCB-43D5-8B2A-80BFC96E7301" comID="7BEDBB50-2A5B-4971-BF9E-D87038888110" comLinkType="cltPageLink"/>
  </page>
  <page ID="15301655-9FCB-43D5-8B2A-80BFC96E7301">
    <linkSource sourcePageID="15301655-9FCB-43D5-8B2A-80BFC96E7301" comID="7BEDBB50-2A5B-4971-BF9E-D87038888110" comLinkType="cltPageLink"/>
    <linkSource sourcePageID="9324D3C7-EEA1-4C91-86FD-E72B7186E621" comID="67F90EC2-F59D-4842-8C07-A40F6C4B89F2" comLinkType="cltPageLink"/>
  </page>
  <page ID="1B41DC48-38A2-4626-A854-FE0A03B24E2F">
    <linkSource sourcePageID="1B41DC48-38A2-4626-A854-FE0A03B24E2F" comID="67F90EC2-F59D-4842-8C07-A40F6C4B89F2" comLinkType="cltPageLink"/>
  </page>
  <page ID="638935EC-822B-4537-83F7-B21E050301BF">
    <linkSource sourcePageID="0F18B6CE-10F8-478F-9479-FE0C6A014CCD" comID="1431DDD6-CC30-4EFD-B7EF-0BBC454C089A" comLinkType="cltPageLink"/>
    <linkSource sourcePageID="4D766848-4742-4628-9C28-2877A7559DB6" comID="B338A982-649F-4DE8-AACE-9146E7AEFB08" comLinkType="cltPageLink"/>
  </page>
  <page ID="A8D85D53-56A9-41E5-AF5C-15DAF5E050EC">
    <linkSource sourcePageID="82FBBF1D-C428-42CD-BF96-4B24D74918B5" comID="C19AB99F-617A-4C6E-A58A-3B9732D781DA" comLinkType="cltPageLink"/>
    <linkSource sourcePageID="A9D62C9E-ED10-4D90-9270-D47327C40DCF" comID="C19AB99F-617A-4C6E-A58A-3B9732D781DA" comLinkType="cltPageLink"/>
    <linkSource sourcePageID="1A8C0A6A-0EB0-42D3-AA7A-AE146541DF50" comID="C19AB99F-617A-4C6E-A58A-3B9732D781DA" comLinkType="cltPageLink"/>
    <linkSource sourcePageID="AF214E77-AB70-41D8-8257-4C03F4B3AB75" comID="C19AB99F-617A-4C6E-A58A-3B9732D781DA" comLinkType="cltPageLink"/>
    <linkSource sourcePageID="EBB659F3-F0CE-4C29-A989-AAAB6EE56A3A" comID="8199DF87-3B1E-4B83-9178-A120D2853DD4" comLinkType="cltPageLink"/>
    <linkSource sourcePageID="5F707ECA-53E3-4D4A-927D-BBAD3EF23F72" comID="8199DF87-3B1E-4B83-9178-A120D2853DD4" comLinkType="cltPageLink"/>
    <linkSource sourcePageID="19C9D51A-5640-42A9-80BB-821A37B392A3" comID="3A689811-788E-44E7-846D-ABDD40E28472" comLinkType="cltPageLink"/>
    <linkSource sourcePageID="FA5112E1-2909-4659-8332-67AA7A237D77" comID="C19AB99F-617A-4C6E-A58A-3B9732D781DA" comLinkType="cltPageLink"/>
    <linkSource sourcePageID="94C2C370-F2BB-4CD2-8734-AEC9E0486530" comID="C19AB99F-617A-4C6E-A58A-3B9732D781DA" comLinkType="cltPageLink"/>
    <linkSource sourcePageID="870FB668-B7E9-4DA0-AFF1-48F60769F7AC" comID="C19AB99F-617A-4C6E-A58A-3B9732D781DA" comLinkType="cltPageLink"/>
    <linkSource sourcePageID="F5849F5D-B0A2-4FAD-8510-C3292707C0C1" comID="C19AB99F-617A-4C6E-A58A-3B9732D781DA" comLinkType="cltPageLink"/>
    <linkSource sourcePageID="EBB659F3-F0CE-4C29-A989-AAAB6EE56A3A" comID="84562975-6545-4645-97AE-650A97BFAB37" comLinkType="cltPageLink"/>
    <linkSource sourcePageID="DB683ADB-5076-41E4-88CF-795D179892E5" comID="452F28A8-61E3-4CB2-A66B-45D81881206D" comLinkType="cltPageLink"/>
    <linkSource sourcePageID="DB683ADB-5076-41E4-88CF-795D179892E5" comID="CDD4FA4A-08CB-462E-A0AC-6AE4C20AD8AF" comLinkType="cltPageLink"/>
    <linkSource sourcePageID="741DF355-93B8-4323-A0A9-7656D11E2529" comID="214657F1-6756-49CF-83C3-092AB994C049" comLinkType="cltPageLink"/>
    <linkSource sourcePageID="6CEA136E-EA67-40C9-933E-0BAEAB318295" comID="214657F1-6756-49CF-83C3-092AB994C049" comLinkType="cltPageLink"/>
    <linkSource sourcePageID="6CEA136E-EA67-40C9-933E-0BAEAB318295" comID="290D05B7-F012-48E8-97FC-0375C12E7DE0" comLinkType="cltPageLink"/>
    <linkSource sourcePageID="6CEA136E-EA67-40C9-933E-0BAEAB318295" comID="ACF9D7C0-FD4F-4090-A1FF-CFCB916CBE32" comLinkType="cltPageLink"/>
    <linkSource sourcePageID="6CEA136E-EA67-40C9-933E-0BAEAB318295" comID="63FEE374-1E03-4DD2-B525-650795389CA2" comLinkType="cltPageLink"/>
    <linkSource sourcePageID="741DF355-93B8-4323-A0A9-7656D11E2529" comID="40889BA7-B7CA-45C1-8069-A4079CE61C2D" comLinkType="cltPageLink"/>
    <linkSource sourcePageID="DB683ADB-5076-41E4-88CF-795D179892E5" comID="27C2139E-D826-4C5B-AF95-AA8FAA341943" comLinkType="cltPageLink"/>
    <linkSource sourcePageID="0D9BD499-62CF-4C37-8B98-0848DA43C3EE" comID="17EC7274-C7B1-4DCE-BA6D-FE8789FEB21E" comLinkType="cltPageLink"/>
    <linkSource sourcePageID="E7BD8BB4-7597-425F-B02B-90FC145D42C8" comID="ED3CE5AA-3344-4E7E-9C24-175FC7D1F0FB" comLinkType="cltPageLink"/>
    <linkSource sourcePageID="17CAB651-8AF6-4BF5-BA50-FA8C6E69A203" comID="B3B9DCA4-D10B-41EA-9A78-5D6B812CC06F" comLinkType="cltPageLink"/>
    <linkSource sourcePageID="17CAB651-8AF6-4BF5-BA50-FA8C6E69A203" comID="6DBCD3B4-F876-414A-A073-1EA2A8B87204" comLinkType="cltPageLink"/>
    <linkSource sourcePageID="E6127ED2-618A-4B4D-A621-A79C7D7D0020" comID="E258C658-B49D-444C-A4E9-815116137312" comLinkType="cltPageLink"/>
    <linkSource sourcePageID="430971B8-EAFA-4713-9C73-4179B7F0E608" comID="DC721622-98B8-4395-A4BF-8F00301AB8F7" comLinkType="cltPageLink"/>
    <linkSource sourcePageID="9324D3C7-EEA1-4C91-86FD-E72B7186E621" comID="0A03108A-6C11-444D-ACD4-50BE5A24C955" comLinkType="cltPageLink"/>
    <linkSource sourcePageID="15301655-9FCB-43D5-8B2A-80BFC96E7301" comID="FA3D268C-C639-4F38-A9B9-E746876D4258" comLinkType="cltPageLink"/>
    <linkSource sourcePageID="1B41DC48-38A2-4626-A854-FE0A03B24E2F" comID="0A03108A-6C11-444D-ACD4-50BE5A24C955" comLinkType="cltPageLink"/>
  </page>
  <page ID="E8DB0E45-1E82-4631-BEA2-CF04DA328275">
    <linkSource sourcePageID="EBB659F3-F0CE-4C29-A989-AAAB6EE56A3A" comID="84562975-6545-4645-97AE-650A97BFAB37" comLinkType="cltPageLink"/>
    <linkSource sourcePageID="5F707ECA-53E3-4D4A-927D-BBAD3EF23F72" comID="84562975-6545-4645-97AE-650A97BFAB37" comLinkType="cltPageLink"/>
    <linkSource sourcePageID="19C9D51A-5640-42A9-80BB-821A37B392A3" comID="46593356-E880-4AF2-ABC3-F1ACCA358E98" comLinkType="cltPageLink"/>
    <linkSource sourcePageID="19C9D51A-5640-42A9-80BB-821A37B392A3" comID="179B6992-1823-4F3C-AD11-24AD8C5C5BE6" comLinkType="cltPageLink"/>
    <linkSource sourcePageID="EBB659F3-F0CE-4C29-A989-AAAB6EE56A3A" comID="8199DF87-3B1E-4B83-9178-A120D2853DD4" comLinkType="cltPageLink"/>
  </page>
  <page ID="E75ABCFE-A99A-4A62-B2B0-BB3CFDC54DCD">
    <linkSource sourcePageID="19C9D51A-5640-42A9-80BB-821A37B392A3" comID="46593356-E880-4AF2-ABC3-F1ACCA358E98" comLinkType="cltPageLink"/>
    <linkSource sourcePageID="19C9D51A-5640-42A9-80BB-821A37B392A3" comID="3FDD48C1-5B1D-4F3C-9388-A44A611DE912" comLinkType="cltPageLink"/>
    <linkSource sourcePageID="A8D85D53-56A9-41E5-AF5C-15DAF5E050EC" comID="87737A39-9DAC-4535-8916-87000C7DC91F" comLinkType="cltPageLink"/>
  </page>
  <page ID="EBB659F3-F0CE-4C29-A989-AAAB6EE56A3A">
    <linkSource sourcePageID="19C9D51A-5640-42A9-80BB-821A37B392A3" comID="46593356-E880-4AF2-ABC3-F1ACCA358E98" comLinkType="cltPageLink"/>
    <linkSource sourcePageID="19C9D51A-5640-42A9-80BB-821A37B392A3" comID="CCA96E90-6803-4D09-A885-C3AEDCEF7E65" comLinkType="cltPageLink"/>
    <linkSource sourcePageID="A8D85D53-56A9-41E5-AF5C-15DAF5E050EC" comID="1EF91A40-EC4F-4295-872F-DC33F0C5BD27" comLinkType="cltPageLink"/>
    <linkSource sourcePageID="94C2C370-F2BB-4CD2-8734-AEC9E0486530" comID="98336B87-E61D-4EE4-A325-91FEDD357E58" comLinkType="cltPageLink"/>
    <linkSource sourcePageID="870FB668-B7E9-4DA0-AFF1-48F60769F7AC" comID="98336B87-E61D-4EE4-A325-91FEDD357E58" comLinkType="cltPageLink"/>
    <linkSource sourcePageID="F5849F5D-B0A2-4FAD-8510-C3292707C0C1" comID="98336B87-E61D-4EE4-A325-91FEDD357E58" comLinkType="cltPageLink"/>
    <linkSource sourcePageID="EBB659F3-F0CE-4C29-A989-AAAB6EE56A3A" comID="8199DF87-3B1E-4B83-9178-A120D2853DD4" comLinkType="cltPageLink"/>
    <linkSource sourcePageID="902BD651-6353-4494-A3C9-DF8EBA44DD16" comID="BBFD767C-E753-4575-94E0-12E04434F747" comLinkType="cltPageLink"/>
    <linkSource sourcePageID="E75ABCFE-A99A-4A62-B2B0-BB3CFDC54DCD" comID="CA4992BB-C51A-4B57-8CFA-5C25FDBBED67" comLinkType="cltPageLink"/>
  </page>
  <page ID="5F707ECA-53E3-4D4A-927D-BBAD3EF23F72">
    <linkSource sourcePageID="1A8C0A6A-0EB0-42D3-AA7A-AE146541DF50" comID="5EB4863E-9FC8-4810-B404-12AAF3E8FD52" comLinkType="cltPageLink"/>
    <linkSource sourcePageID="A9D62C9E-ED10-4D90-9270-D47327C40DCF" comID="5EB4863E-9FC8-4810-B404-12AAF3E8FD52" comLinkType="cltPageLink"/>
    <linkSource sourcePageID="19C9D51A-5640-42A9-80BB-821A37B392A3" comID="B9DF88B7-EB83-4EBC-8517-8008DA6D49F6" comLinkType="cltPageLink"/>
  </page>
  <page ID="19C9D51A-5640-42A9-80BB-821A37B392A3">
    <linkSource sourcePageID="0F18B6CE-10F8-478F-9479-FE0C6A014CCD" comID="E2603E0F-9087-4196-91C3-E0A3FC9D460D" comLinkType="cltPageLink"/>
  </page>
  <page ID="1A8C0A6A-0EB0-42D3-AA7A-AE146541DF50">
    <linkSource sourcePageID="19C9D51A-5640-42A9-80BB-821A37B392A3" comID="2B82D9A2-BB59-45F8-9782-0F56326CEBF9" comLinkType="cltPageLink"/>
  </page>
  <page ID="AF214E77-AB70-41D8-8257-4C03F4B3AB75">
    <linkSource sourcePageID="A9D62C9E-ED10-4D90-9270-D47327C40DCF" comID="5EB4863E-9FC8-4810-B404-12AAF3E8FD52" comLinkType="cltPageLink"/>
    <linkSource sourcePageID="FA5112E1-2909-4659-8332-67AA7A237D77" comID="5EB4863E-9FC8-4810-B404-12AAF3E8FD52" comLinkType="cltPageLink"/>
    <linkSource sourcePageID="82FBBF1D-C428-42CD-BF96-4B24D74918B5" comID="9BE93E77-99F0-4F9B-8472-80C26D3F1741" comLinkType="cltPageLink"/>
    <linkSource sourcePageID="DB683ADB-5076-41E4-88CF-795D179892E5" comID="9BE93E77-99F0-4F9B-8472-80C26D3F1741" comLinkType="cltPageLink"/>
  </page>
  <page ID="94C2C370-F2BB-4CD2-8734-AEC9E0486530">
    <linkSource sourcePageID="A8D85D53-56A9-41E5-AF5C-15DAF5E050EC" comID="EE64624A-66D3-4267-BE6E-FE272381A15B" comLinkType="cltPageLink"/>
    <linkSource sourcePageID="E8DB0E45-1E82-4631-BEA2-CF04DA328275" comID="EE64624A-66D3-4267-BE6E-FE272381A15B" comLinkType="cltPageLink"/>
    <linkSource sourcePageID="EBB659F3-F0CE-4C29-A989-AAAB6EE56A3A" comID="EE64624A-66D3-4267-BE6E-FE272381A15B" comLinkType="cltPageLink"/>
    <linkSource sourcePageID="5F707ECA-53E3-4D4A-927D-BBAD3EF23F72" comID="EE64624A-66D3-4267-BE6E-FE272381A15B" comLinkType="cltPageLink"/>
    <linkSource sourcePageID="19C9D51A-5640-42A9-80BB-821A37B392A3" comID="EE64624A-66D3-4267-BE6E-FE272381A15B" comLinkType="cltPageLink"/>
    <linkSource sourcePageID="82FBBF1D-C428-42CD-BF96-4B24D74918B5" comID="CE1BF46E-4290-4A6E-B7D2-E210F0569FDF" comLinkType="cltPageLink"/>
    <linkSource sourcePageID="A9D62C9E-ED10-4D90-9270-D47327C40DCF" comID="C372F28E-E1EC-41F2-B890-1AF4007BEB2C" comLinkType="cltPageLink"/>
    <linkSource sourcePageID="1A8C0A6A-0EB0-42D3-AA7A-AE146541DF50" comID="0BB099C8-A241-4522-B14E-7428E3380E0C" comLinkType="cltPageLink"/>
    <linkSource sourcePageID="AF214E77-AB70-41D8-8257-4C03F4B3AB75" comID="EAB755CE-94DC-4F8F-AB14-5A21EB1BDF9E" comLinkType="cltPageLink"/>
    <linkSource sourcePageID="870FB668-B7E9-4DA0-AFF1-48F60769F7AC" comID="3C13A0FB-2604-4DEA-B911-A01BB5AF27B3" comLinkType="cltPageLink"/>
    <linkSource sourcePageID="902BD651-6353-4494-A3C9-DF8EBA44DD16" comID="8FE71251-6C55-40F8-9067-354A57A5D8D6" comLinkType="cltPageLink"/>
    <linkSource sourcePageID="F5849F5D-B0A2-4FAD-8510-C3292707C0C1" comID="3C13A0FB-2604-4DEA-B911-A01BB5AF27B3" comLinkType="cltPageLink"/>
    <linkSource sourcePageID="638935EC-822B-4537-83F7-B21E050301BF" comID="8D80E103-C841-4DF2-96ED-D1C1445FCB68" comLinkType="cltPageLink"/>
    <linkSource sourcePageID="FEAF50E6-1F16-4A2C-9722-DF7DC653A787" comID="EE64624A-66D3-4267-BE6E-FE272381A15B" comLinkType="cltPageLink"/>
    <linkSource sourcePageID="19F6F021-C579-4056-A841-1F3F735C7CE9" comID="EE64624A-66D3-4267-BE6E-FE272381A15B" comLinkType="cltPageLink"/>
    <linkSource sourcePageID="9324D3C7-EEA1-4C91-86FD-E72B7186E621" comID="1A563EC3-E02C-439F-AA1D-8B8104D86299" comLinkType="cltPageLink"/>
    <linkSource sourcePageID="153A8EA3-AC78-463B-8A64-CC50F827CCFB" comID="B03747A1-C36B-47B2-8B0D-84E3598FFD1B" comLinkType="cltPageLink"/>
    <linkSource sourcePageID="4EF734B8-BA67-4862-AD33-6BBB53C89A01" comID="8D80E103-C841-4DF2-96ED-D1C1445FCB68" comLinkType="cltPageLink"/>
    <linkSource sourcePageID="4EF734B8-BA67-4862-AD33-6BBB53C89A01" comID="EE144EDB-1C56-437B-A066-ABA82CC4FD31" comLinkType="cltPageLink"/>
    <linkSource sourcePageID="1BB21199-E019-4692-B605-808B78EA2AE1" comID="EE144EDB-1C56-437B-A066-ABA82CC4FD31" comLinkType="cltPageLink"/>
    <linkSource sourcePageID="1B41DC48-38A2-4626-A854-FE0A03B24E2F" comID="1A563EC3-E02C-439F-AA1D-8B8104D86299" comLinkType="cltPageLink"/>
    <linkSource sourcePageID="902BD651-6353-4494-A3C9-DF8EBA44DD16" comID="3D816DA7-E234-4E7E-89C4-03EAC6E429F3" comLinkType="cltPageLink"/>
    <linkSource sourcePageID="902BD651-6353-4494-A3C9-DF8EBA44DD16" comID="BBFD767C-E753-4575-94E0-12E04434F747" comLinkType="cltPageLink"/>
    <linkSource sourcePageID="E7BD8BB4-7597-425F-B02B-90FC145D42C8" comID="F46E76F2-2D19-40DD-9E0F-BFAF82E8A6F8" comLinkType="cltPageLink"/>
    <linkSource sourcePageID="E90BD020-2FEA-41FD-B031-3A7651829790" comID="B0872E14-35C0-439A-8A15-54AE4F2284CB" comLinkType="cltPageLink"/>
    <linkSource sourcePageID="3F8C517C-3D08-49FD-A1F5-32E7AD319A2C" comID="69AA8659-CEE9-4D00-857F-2DEB103F45EA" comLinkType="cltPageLink"/>
    <linkSource sourcePageID="A5683721-CD89-488F-9822-E50EE97067F8" comID="2094E322-BB76-4AFD-B167-168260AE97CC" comLinkType="cltPageLink"/>
    <linkSource sourcePageID="189AC86D-30B1-4E95-B9A9-7DA3D2368407" comID="D1DBA402-50F5-4D3F-8B3D-D44587DAE598" comLinkType="cltPageLink"/>
    <linkSource sourcePageID="17CAB651-8AF6-4BF5-BA50-FA8C6E69A203" comID="C8EB08D4-E8A2-43EF-ABBF-E3E7FC4E6AFE" comLinkType="cltPageLink"/>
    <linkSource sourcePageID="E6127ED2-618A-4B4D-A621-A79C7D7D0020" comID="6E8E753D-230A-43CA-B1AA-7F2E69AB443F" comLinkType="cltPageLink"/>
    <linkSource sourcePageID="B5BADDBB-B888-498B-919C-455197A4F6A6" comID="29385D83-4919-4406-A0EB-2D906AF052C0" comLinkType="cltPageLink"/>
    <linkSource sourcePageID="B5BADDBB-B888-498B-919C-455197A4F6A6" comID="44C57503-01D0-40CC-BCEB-E0DA84111A39" comLinkType="cltPageLink"/>
    <linkSource sourcePageID="1BB21199-E019-4692-B605-808B78EA2AE1" comID="99A66D9E-D022-4171-8B77-AC660E75423E" comLinkType="cltPageLink"/>
    <linkSource sourcePageID="15301655-9FCB-43D5-8B2A-80BFC96E7301" comID="C03E4152-DF23-4D15-8E4A-C5B44C64DF94" comLinkType="cltPageLink"/>
    <linkSource sourcePageID="E75ABCFE-A99A-4A62-B2B0-BB3CFDC54DCD" comID="9CE36676-AF24-4674-83E0-FEB3B4184DC4" comLinkType="cltPageLink"/>
  </page>
  <page ID="280DD481-5310-4F7F-A5B6-8EF6322471FA">
    <linkSource sourcePageID="91FEBFE9-0A0D-4B07-BC0E-F90F8F7F2E06" comID="E68680A5-E881-41A0-B5C0-6D757BD2B7C4" comLinkType="cltPageLink"/>
    <linkSource sourcePageID="C3365B09-D353-4AD0-9BA9-F6F9681CADBC" comID="1480A642-E788-434C-8350-1A367842DAC0" comLinkType="cltPageLink"/>
    <linkSource sourcePageID="153A8EA3-AC78-463B-8A64-CC50F827CCFB" comID="31F3F4A7-F097-49DD-9E1B-63662DAF3A5F" comLinkType="cltPageLink"/>
    <linkSource sourcePageID="B5BADDBB-B888-498B-919C-455197A4F6A6" comID="79DE228C-98B0-4C83-A63C-815E9DDFED56" comLinkType="cltPageLink"/>
    <linkSource sourcePageID="15301655-9FCB-43D5-8B2A-80BFC96E7301" comID="C2CA4F30-61F0-46C7-9038-257A2557118C" comLinkType="cltPageLink"/>
  </page>
  <page ID="902BD651-6353-4494-A3C9-DF8EBA44DD16">
    <linkSource sourcePageID="94C2C370-F2BB-4CD2-8734-AEC9E0486530" comID="007112E8-E0C8-4765-A01F-752E56E2D36E" comLinkType="cltPageLink"/>
    <linkSource sourcePageID="F5849F5D-B0A2-4FAD-8510-C3292707C0C1" comID="007112E8-E0C8-4765-A01F-752E56E2D36E" comLinkType="cltPageLink"/>
    <linkSource sourcePageID="280DD481-5310-4F7F-A5B6-8EF6322471FA" comID="007112E8-E0C8-4765-A01F-752E56E2D36E" comLinkType="cltPageLink"/>
  </page>
  <page ID="4EF734B8-BA67-4862-AD33-6BBB53C89A01">
    <linkSource sourcePageID="153A8EA3-AC78-463B-8A64-CC50F827CCFB" comID="18617F96-C920-4465-954D-9C56E51E49F4" comLinkType="cltPageLink"/>
  </page>
  <page ID="1BB21199-E019-4692-B605-808B78EA2AE1">
    <linkSource sourcePageID="4EF734B8-BA67-4862-AD33-6BBB53C89A01" comID="F16DD8F5-20C5-4F2D-B0ED-DF8B96AE4DD7" comLinkType="cltPageLink"/>
    <linkSource sourcePageID="280DD481-5310-4F7F-A5B6-8EF6322471FA" comID="DDA53CBF-78F0-4235-9660-957B61BDF5CC" comLinkType="cltPageLink"/>
  </page>
  <page ID="4BEFCBC1-AFF9-4145-A673-EA599C5692ED">
    <linkSource sourcePageID="C1077394-AC33-458D-B249-8B6A8931E289" comID="39DF3C2F-BAB9-4BEC-ABAB-C6042AE72993" comLinkType="cltPageLink"/>
  </page>
  <page ID="C3365B09-D353-4AD0-9BA9-F6F9681CADBC">
    <linkSource sourcePageID="91FEBFE9-0A0D-4B07-BC0E-F90F8F7F2E06" comID="83EF4DDA-A592-414A-B26F-8FC807263AB6" comLinkType="cltPageLink"/>
    <linkSource sourcePageID="C3365B09-D353-4AD0-9BA9-F6F9681CADBC" comID="974567CA-790D-43BB-9CBC-CEACD74AA017" comLinkType="cltPageLink"/>
    <linkSource sourcePageID="9C646809-ED3B-4CC7-8329-BB981FFB4499" comID="974567CA-790D-43BB-9CBC-CEACD74AA017" comLinkType="cltPageLink"/>
    <linkSource sourcePageID="9C646809-ED3B-4CC7-8329-BB981FFB4499" comID="209BF151-6B46-4C65-ACC6-730B85DBF831" comLinkType="cltPageLink"/>
    <linkSource sourcePageID="C1077394-AC33-458D-B249-8B6A8931E289" comID="39DF3C2F-BAB9-4BEC-ABAB-C6042AE72993" comLinkType="cltPageLink"/>
  </page>
  <page ID="91FEBFE9-0A0D-4B07-BC0E-F90F8F7F2E06">
    <linkSource sourcePageID="280DD481-5310-4F7F-A5B6-8EF6322471FA" comID="98336B87-E61D-4EE4-A325-91FEDD357E58" comLinkType="cltPageLink"/>
    <linkSource sourcePageID="1BB21199-E019-4692-B605-808B78EA2AE1" comID="63ACC6F5-751E-4F89-9889-B10F76712E28" comLinkType="cltPageLink"/>
    <linkSource sourcePageID="4EF734B8-BA67-4862-AD33-6BBB53C89A01" comID="5AD8372A-2856-49BF-8E30-EF4EB6CC6271" comLinkType="cltPageLink"/>
    <linkSource sourcePageID="7F194A6C-36B3-4372-A0B7-BEA45F65A114" comID="F065C17E-FEFA-454B-9E4A-647577F8FDCF" comLinkType="cltPageLink"/>
    <linkSource sourcePageID="7F194A6C-36B3-4372-A0B7-BEA45F65A114" comID="C9445E7D-20F6-4289-B06F-00251E7E08BD" comLinkType="cltPageLink"/>
    <linkSource sourcePageID="C1077394-AC33-458D-B249-8B6A8931E289" comID="C9445E7D-20F6-4289-B06F-00251E7E08BD" comLinkType="cltPageLink"/>
    <linkSource sourcePageID="C1077394-AC33-458D-B249-8B6A8931E289" comID="F065C17E-FEFA-454B-9E4A-647577F8FDCF" comLinkType="cltPageLink"/>
    <linkSource sourcePageID="280DD481-5310-4F7F-A5B6-8EF6322471FA" comID="47BB1DE6-8919-4FBF-B296-C612DEBEE6A3" comLinkType="cltPageLink"/>
    <linkSource sourcePageID="280DD481-5310-4F7F-A5B6-8EF6322471FA" comID="DDA53CBF-78F0-4235-9660-957B61BDF5CC" comLinkType="cltPageLink"/>
    <linkSource sourcePageID="4BEFCBC1-AFF9-4145-A673-EA599C5692ED" comID="BAA9773A-D48C-4B13-AAFC-BA6B0C568A41" comLinkType="cltPageLink"/>
    <linkSource sourcePageID="9C646809-ED3B-4CC7-8329-BB981FFB4499" comID="96E89200-DA15-45CE-8262-1764B20234A7" comLinkType="cltPageLink"/>
    <linkSource sourcePageID="280DD481-5310-4F7F-A5B6-8EF6322471FA" comID="32BBC790-CAF7-485E-9549-49DD3D730ACA" comLinkType="cltPageLink"/>
    <linkSource sourcePageID="B5BADDBB-B888-498B-919C-455197A4F6A6" comID="79DE228C-98B0-4C83-A63C-815E9DDFED56" comLinkType="cltPageLink"/>
    <linkSource sourcePageID="B5BADDBB-B888-498B-919C-455197A4F6A6" comID="227E7C6D-0CAE-47FA-BCAD-FD2CFA5D1580" comLinkType="cltPageLink"/>
    <linkSource sourcePageID="1BB21199-E019-4692-B605-808B78EA2AE1" comID="2358770B-384A-41A5-8830-889694DCB4E2" comLinkType="cltPageLink"/>
    <linkSource sourcePageID="C1077394-AC33-458D-B249-8B6A8931E289" comID="39DF3C2F-BAB9-4BEC-ABAB-C6042AE72993" comLinkType="cltPageLink"/>
  </page>
  <page ID="7F194A6C-36B3-4372-A0B7-BEA45F65A114">
    <linkSource sourcePageID="91FEBFE9-0A0D-4B07-BC0E-F90F8F7F2E06" comID="FDB11C58-6FBD-4E2F-864E-2C24B36557F2" comLinkType="cltPageLink"/>
    <linkSource sourcePageID="91FEBFE9-0A0D-4B07-BC0E-F90F8F7F2E06" comID="83EF4DDA-A592-414A-B26F-8FC807263AB6" comLinkType="cltPageLink"/>
    <linkSource sourcePageID="7F194A6C-36B3-4372-A0B7-BEA45F65A114" comID="25DDDD5C-A15F-47A8-AD94-01377F10679A" comLinkType="cltPageLink"/>
    <linkSource sourcePageID="C3365B09-D353-4AD0-9BA9-F6F9681CADBC" comID="6E674763-D232-4D78-A159-7FDCFDCA0245" comLinkType="cltPageLink"/>
  </page>
  <page ID="9C646809-ED3B-4CC7-8329-BB981FFB4499">
    <linkSource sourcePageID="C3365B09-D353-4AD0-9BA9-F6F9681CADBC" comID="6E674763-D232-4D78-A159-7FDCFDCA0245" comLinkType="cltPageLink"/>
  </page>
</LinkSources>